Question number;Category;Subcategory;Number;Question;Option A;Option B;Option C;Correct answer;poznámky
1000;Znak;vys;6040193;Jak se zachováte v místě, kde je tato výstražná dopravní značka?;Nezměním způsob jízdy ani chování, protože není důvod očekávat změnu dopravní situace.;Přizpůsobím jízdu tomu, že se vozovka oproti předcházejícímu úseku výrazně zužuje, a to z obou stran.;Zvýším rychlost jízdy, abych byl co nejrychleji z místa zúžení.;b;obrázek
960;Znak;upr;6040194;Tato dopravní značka označuje:;Vedlejší pozemní komunikaci.;Konec hlavní pozemní komunikace.;Hlavní pozemní komunikaci;c;obrázek
331;Prav;mhd;6040205;Můžete při vjíždění na tramvajový pás omezit v jízdě tramvaj?;Ano.;Ne.;;b;obrázek
591;Res;kri;6040243;Řidič vozidla z výhledu projede vyobrazenou křižovatkou jako:;První.;Druhý.;Třetí.;a;obrázek
931;Znak;sem;6040252;Může řidič vozidla z výhledu vjet na železniční přejezd?;Ano. ;Ne.;;b;obrázek
592;Res;kri;6040332;Jak se zachováte jako řidič vozidla z výhledu?;Projedete křižovatkou jako první.;Dáte přednost zelenému automobilu.;Dáte přednost červenému automobilu.;c;obrázek
593;Res;kri;6050022;Jste řidičem vozidla z výhledu. Na vyobrazené křižovatce:;Máte přednost v jízdě před zeleným i žlutým vozidlem. Jako druhé projede křižovatkou žluté vozidlo a jako poslední zelené vozidlo.;Musíte dát přednost v jízdě žlutému vozidlu, protože je na hlavní pozemní komunikaci, i zelenému vozidlu, protože odbočujete vlevo.;Musíte dát přednost v jízdě žlutému vozidlu, které přijíždí po hlavní pozemní komunikaci. Řidič zeleného vozidla musí dát přednost v jízdě vám.;b;obrázek
594;Res;kri;6050024;Jste řidičem vozidla z výhledu. Jaké chování očekáváte od řidiče zeleného vozidla?;Projede křižovatkou jako první a nedává přednost v jízdě žádnému vozidlu.;Dá přednost v jízdě červenému vozidlu a projede křižovatkou jako druhý.;Dá přednost v jízdě vašemu vozidlu, které projede křižovatkou jako první.;b;obrázek
335;Prav;mhd;6050048;Jedete v obci jako řidič vozidla z výhledu. Je vaší povinností umožnit autobusu vyjetí ze zastávky?;Ano, a to snížením rychlosti jízdy nebo i zastavením vozidla.;Ne, protože autobus vyjíždí od okraje pozemní komunikace.;Ano, avšak pouze snížením rychlosti nebo změnou směru jízdy, nikoli zastavením vozidla.;a;obrázek
595;Res;kri;6050055;Jako řidič automobilu z výhledu projedete touto křižovatkou:;Jako první, protože zelené vozidlo, které přijíždí zprava, vám musí dát přednost v jízdě.;Jako druhý, protože zelené vozidlo, které přijíždí zprava, má přednost v jízdě.;Jako první nebo druhý. Vozidla projíždějí křižovatkou v pořadí, v jakém k ní přijela.;b;obrázek
596;Res;kri;6050059;Ve vyobrazené dopravní situaci jste řidičem vozidla z výhledu. Na křižovatce:;Dáte přednost v jízdě červenému i zelenému vozidlu. Jako první projede křižovatkou červené vozidlo.;Máte přednost v jízdě před červeným vozidlem. Zelené vozidlo projede křižovatkou jako první.;Dáte přednost v jízdě zelenému i červenému vozidlu. Jako první projede křižovatkou zelené vozidlo.;a;obrázek
597;Res;kri;6050073;Jste řidičem vozidla z výhledu. Na vyobrazené křižovatce:;Pojedete jako první. Po vás pojede zelené vozidlo a jako poslední červené nákladní vozidlo.;Pojedete jako druhý, hned po zeleném vozidle, kterému musíte dát přednost v jízdě.;Pojedete jako poslední. Jako první pojede zelené vozidlo a po něm červené nákladní vozidlo.;a;obrázek
929;Znak;pri;6050074;Vyobrazená dopravní značka:;Přikazuje řidiči motorového vozidla o třech a více kolech pokračovat v jízdě až po nasazení sněhových řetězů na nejméně dvě hnací kola.;Doporučuje řidiči motorového vozidla o třech a více kolech pokračovat v jízdě až po nasazení sněhových řetězů.;Zakazuje vjezd vozidlům s nasazenými sněhovými řetězy.;a;obrázek
598;Res;kri;6050137;Jste řidičem vozidla z výhledu. Na vyobrazené křižovatce:;Nebudete nikomu dávat přednost v jízdě, protože jste na hlavní pozemní komunikaci.;Musíte dát přednost v jízdě protijedoucímu žlutému vozidlu, protože odbočujete vlevo.;Musíte dát přednost v jízdě červenému nákladnímu vozidlu, protože přijíždí zprava.;c;obrázek
599;Res;kri;6050139;Jste řidičem vozidla z výhledu. Na vyobrazené křižovatce:;Projedete jako první, protože jste na hlavní pozemní komunikaci.;Dáte přednost v jízdě modrému automobilu jedoucímu zprava, teprve poté projedete křižovatkou.;Projedete současně s protijedoucím červeným vozidlem, a to před modrým vozidlem jedoucím zprava.;b;obrázek
600;Res;kri;6050140;Jste řidičem vozidla z výhledu. Na vyobrazené křižovatce:;Projedete jako první současně s modrým vozidlem jedoucím zprava.;Projedete jako první současně s protijedoucím červeným vozidlem.;Dáte přednost v jízdě modrému vozidlu přijíždějícímu zprava.;a;obrázek
601;Res;kri;6050141;Jste řidičem vozidla z výhledu. Na vyobrazené křižovatce:;"Vám dává policista pokyn ""Stůj!"", takže máte povinnost zastavit vozidlo na hranici křižovatky. Zelené osobní i červené nákladní vozidlo mohou křižovatkou projet současně.";"Vám dává policista pokyn ""Volno"", takže můžete projet křižovatkou. Zelené osobní i červené nákladní vozidlo musí zůstat stát na hranici křižovatky.";"Vám dává policista pokyn ""Volno pro odbočení vpravo i vlevo"", takže můžete projet křižovatkou. Zelené osobní vozidlo musí zůstat stát na hranici křižovatky, červené nákladní vozidlo může odbočit vpravo.";a;obrázek
1071;Znak;zak;6050142;Zákaz vyplývající z nejbližší vyobrazené dopravní značky:;Platí pro všechna motorová vozidla, s výjimkou motorových vozidel vybavených zvláštním výstražným světlem modré nebo oranžové barvy.;Neplatí pro vozidla zajišťující zásobování nebo lékařské, opravárenské, údržbářské, komunální a podobné služby pro oblast za značkou a pro vozidla s označením O 1.;Neplatí pro nakládání nákladu do vozidla nebo jeho vykládání a pro nastupování osob do vozidla s označením O 1 a vystupování z něj.;b;obrázek
602;Res;kri;6050143;Jste řidičem vozidla z výhledu. Na vyobrazené křižovatce:;Projedete jako první, protože jste na hlavní pozemní komunikaci. Hned po Vás projede červený nákladní automobil.;Projedete jako druhý, hned po protijedoucím žlutém vozidle, kterému musíte dát přednost v jízdě.;Projedete jako druhý, hned po červeném nákladním vozidle, kterému musíte dát přednost v jízdě.;c;obrázek
603;Res;kri;6050144;Jste řidičem vozidla z výhledu. Na vyobrazené křižovatce:;Máte přednost v jízdě před protijedoucím vozidlem, protože odbočuje vlevo a nejede po hlavní pozemní komunikaci.;Dáte přednost v jízdě protijedoucímu vozidlu, protože se nachází na hlavní pozemní komunikaci.;Dáte přednost v jízdě protijedoucímu vozidlu, i když je na vedlejší pozemní komunikaci, neboť Vám to ukládá dopravní značka.;b;obrázek
604;Res;kri;6050145;Jste řidičem vozidla z výhledu. Na vyobrazené křižovatce:;Dáte přednost v jízdě modrému osobnímu automobilu a poté projedete křižovatkou.;Dáte přednost v jízdě červenému nákladnímu automobilu a poté projedete křižovatkou.;Dáte přednost v jízdě oběma přijíždějícím automobilům, křižovatkou projedete jako poslední.;a;obrázek
605;Res;kri;6050147;Jste řidičem vozidla z výhledu. Na vyobrazené křižovatce:;Máte přednost v jízdě před tramvají, ale musíte dát přednost v jízdě zelenému vozidlu.;Máte přednost v jízdě před tramvají i zeleným vozidlem.;Musíte dát přednost v jízdě tramvaji i zelenému vozidlu.;a;obrázek
606;Res;kri;6050148;Jste řidičem vozidla z výhledu. Na vyobrazené křižovatce:;Projede jako první nákladní automobil. Protijedoucí modré vozidlo pak projede současně s Vámi, a to tak, že se budete vyhýbat vlevo (Vaše vozidla se budou míjet pravými boky).;Projede jako první nákladní automobil. Protijedoucí modré vozidlo pak projede současně s Vámi, a to tak, že se budete vyhýbat vpravo (Vaše vozidla se budou míjet levými boky).;Projedete jako první současně s protijedoucím modrým vozidlem, a to tak, že se budete vyhýbat vpravo (Vaše vozidla se budou míjet levými boky). Nákladní automobil projede jako poslední.;a;obrázek
607;Res;kri;6050149;Jste řidičem vozidla z výhledu. Na vyobrazené křižovatce:;Projede jako první zprava přijíždějící modré vozidlo, po něm protijedoucí zelené vozidlo. Vy projedete křižovatkou jako poslední.;Projede jako první protijedoucí zelené vozidlo, po něm zprava přijíždějící modré vozidlo. Vy projedete křižovatkou jako poslední.;Projedete jako první současně s protijedoucím zeleným vozidlem. Zprava přijíždějící modré vozidlo projede křižovatkou jako poslední.;a;obrázek
1001;Znak;vys;6050156;Tato značka upozorňuje na:;Místo,kde se vozovka oproti předcházejícímu úseku výrazně zužuje, a to z obou stran.;Místo, kde se vozovka oproti předcházejícímu úseku výrazně zužuje z jedné strany.;Místo, kde při souběžné jízdě platí střídavé řazení do jízdního proudu průběžného pruhu.;a;obrázek
1002;Znak;vys;6050200;Tato dopravní značka:;Upozorňuje na přechod pro chodce, který by řidič jinak neočekával a který není viditelný z dostatečné vzdálenosti.;Upozorňuje na místo nebo úsek pozemní komunikace s možností zvýšeného výskytu chodců anebo častého přecházení chodců přes pozemní komunikaci.;Upozorňuje na místo nebo úsek pozemní komunikace, v jejichž blízkosti se chodci často pohybují nebo shromažďují, přecházejí vozovku, nebo kde hrozí zvýšené nebezpečí jejich nenadálého vběhnutí do vozovky.;a;obrázek
1003;Znak;vys;6050201;Tato dopravní značka:;Upozorňuje na místo nebo úsek pozemní komunikace, kde může dojít ke smyku vozidla i za neztížených povětrnostních podmínek.;Upozorňuje na dvě nebo více po sobě následujících zatáček (směrových oblouků), z nichž první je vlevo, a jejichž bezpečné projetí vyžaduje výrazné snížení rychlosti jízdy.;Upozorňuje na místo nebo úsek pozemní komunikace, kde může dojít ke smyku vozidla za ztížených povětrnostních podmínek, například za deště nebo sněžení.;a;obrázek
1004;Znak;vys;6050202;Tato dopravní značka:;Upozorňuje na místo, kde se vozovka oproti předcházejícímu úseku výrazně zužuje, a to z obou stran.;Upozorňuje na místo, kde se vozovka oproti předcházejícímu úseku výrazně rozšiřuje, a to z obou stran.;Upozorňuje na místo, kde se snižuje počet jízdních pruhů a kde při souběžné jízdě platí střídavé řazení do jízdního proudu.;a;obrázek
1005;Znak;vys;6050203;Tato dopravní značka:;Upozorňuje na místo, kde je provoz na pozemní komunikaci řízen světelnými signály, které by řidič jinak neočekával, nebo které nejsou s ohledem na místní podmínky viditelné z dostatečné vzdálenosti.;Upozorňuje na železniční přejezd, který je vybaven přejezdovým zabezpečovacím zařízením, které by řidič jinak neočekával.;Upozorňuje na každou křižovatku, na které je provoz řízen světelnými signály.;a;obrázek
1006;Znak;vys;6050204;Tato dopravní značka:;Upozorňuje na dvě nebo více po sobě následujících zatáček (směrových oblouků), z nichž první je vlevo, a jejichž bezpečné projetí vyžaduje výrazné snížení rychlosti jízdy.;Upozorňuje na dvě nebo více po sobě následujících zatáček (směrových oblouků), z nichž první je vpravo, a jejichž bezpečné projetí vyžaduje výrazné snížení rychlosti jízdy.;Upozorňuje na zatáčku (směrový oblouk) vpravo, jehož bezpečné projetí vyžaduje výrazné snížení rychlosti jízdy.;a;obrázek
1007;Znak;vys;6050205;Tato dopravní značka upozorňuje na místo nebo úsek pozemní komunikace:;V jejichž blízkosti se děti často pohybují nebo shromažďují, přecházejí vozovku, nebo kde hrozí zvýšené nebezpečí jejich nenadálého vběhnutí do vozovky.;S předpokladem zvýšeného výskytu chodců anebo častého přecházení chodců přes pozemní komunikaci v místě, kde není zřízen přechod pro chodce, např. v místě pro přecházení.;Kde se nachází zastávka autobusu přepravujícího děti a kde je řidič povinen dbát zvýšené opatrnosti vůči nebezpečí jejich nenadálého vběhnutí do vozovky.;a;obrázek
1008;Znak;vys;6050206;Tato dopravní značka:;Upozorňuje na nebezpečí výskytu kolony stojících nebo pomalu jedoucích vozidel.;Upozorňuje na místo, kde při souběžné jízdě platí střídavé řazení do jízdního proudu průběžného pruhu.;Upozorňuje na bezpečný odstup mezi vozidly jedoucími v koloně.;a;obrázek
1009;Znak;vys;6050207;Tato dopravní značka:;Upozorňuje na úsek se zvýšeným nebezpečím výskytu náledí na vozovce.;Upozorňuje řidiče motorového vozidla o třech a více kolech na povinnost pokračovat v jízdě až po nasazení sněhových (protiskluzových) řetězů na nejméně dvě hnací kola.;Přikazuje řidiči motorového vozidla kategorie M nebo N, aby pokračoval v jízdě jen při splnění podmínek stanovených zákonem pro provoz vozidel v zimním období, a to bez ohledu na datum a aktuální nebo předpokládané povětrnostní podmínky.;a;obrázek
1010;Znak;vys;6050208;Tato dopravní značka:;Upozorňuje řidiče na zatáčku (směrový oblouk) vpravo, jehož bezpečné projetí vyžaduje výrazné snížení rychlosti jízdy.;Vyznačuje skutečný tvar hlavní pozemní komunikace.;Označuje zejména nebezpečnou zatáčku a usměrňuje provoz ve směru šipky.;a;obrázek
1011;Znak;vys;6050209;Tato dopravní značka:;Upozorňuje na nebezpečí výskytu mlhy nebo kouře.;Upozorňuje na místo, hromadné dopravní nehody.;Upozorňuje na vjezd do tunelu, kde kromě obecných pravidel provozu na pozemních komunikacích platí zvláštní pravidla pro provoz v tunelu.;a;obrázek
1012;Znak;vys;6050210;Tato dopravní značka:;Upozorňuje na místo, kde tramvaj křižuje směr jízdy ostatních vozidel.;Upozorňuje na místo, kde má řidič povinnost dát přednost v jízdě tramvaji, a to zejména mimo křižovatku.;Upozorňuje na místo nebo úsek pozemní komunikace, kde je povolena jízda podél tramvaje vlevo.;a;obrázek
1013;Znak;vys;6050211;Tato dopravní značka:;Upozorňuje na místo, kde cyklisté vjíždějí na vozovku nebo ji přejíždějí, anebo na úsek, kde se cyklisté často vyskytují.;Zakazuje vjezd cyklistům a jízdu na jízdním kole. Vedení jízdního kola cyklistou je povoleno.;Přikazuje cyklistům užít v daném směru takto označeného pruhu nebo stezky.;a;obrázek
1014;Znak;vys;6050212;Tato dopravní značka:;Upozorňuje na místo, kde cyklisté vjíždějí na vozovku nebo ji přejíždějí, anebo na úsek, kde se cyklisté často vyskytují.;Vyznačuje pruh nebo stezku pro cyklisty.;Označuje místo určené pro cyklisty čekající na světelný signál „Volno“.;a;obrázek
1015;Znak;vys;6050213;Tato dopravní značka upozorňuje na:;Práci na pozemní komunikaci nebo v jejím bezprostředním okolí, která by mohla ohrozit bezpečnost provozu na pozemních komunikacích nebo při níž by mohli být provozem ohroženi pracovníci tuto činnost vykonávající.;Místo nebo úsek pozemní komunikace, kde může docházet k časté nakládce a vykládce vozidel správce pozemní komunikace.;Místo nebo úsek pozemní komunikace, kde může docházet k častému pohybu hrajících si dětí.;a;obrázek
1016;Znak;vys;6050214;Tato dopravní značka:;Upozorňuje na místo s nebezpečím náhlého poryvu bočního větru, který může ohrozit bezpečnost provozu na pozemních komunikacích.;Upozorňuje na místo, v jehož blízkosti je umístěn větrný rukáv, z jehož pohybu je patrný směr a síla větru.;Upozorňuje na místo, v jehož blízkosti je letiště, kde v malé výšce nad pozemní komunikací přelétávají letadla.;a;obrázek
1017;Znak;vys;6050215;Tato dopravní značka:;Upozorňuje na úsek pozemní komunikace, kde je na rozdíl od předcházejícího úseku provoz vozidel veden dočasně nebo trvale v obou směrech.;Upozorňuje na úsek pozemní komunikace, kde je provoz veden střídavě v obou směrech.;Upozorňuje na úsek pozemní komunikace, kde je řidič povinen dát přednost v jízdě protijedoucímu vozidlu v případě, kdy se protijedoucí vozidla nemohou bezpečně vyhnout.;a;obrázek
1018;Znak;vys;6050216;Tato dopravní značka upozorňuje na místo nebo úsek pozemní komunikace, kde:;Může docházet k častému výskytu divoké zvěře na pozemní komunikaci, přičemž na značce může být použít i jiný určený symbol volně žijícího živočicha.;Může docházet k častému výskytu domácích zvířat na pozemní komunikaci, přičemž na značce může být použít i jiný určený symbol zvířete.;Platí zákaz používání výstražných zvukových znamení z důvodu ochrany divoké zvěře.;a;obrázek
1019;Znak;vys;6050217;Tato dopravní značka:;Upozorňuje na křižovatku, kde na rozdíl od svého předcházejícího průběhu již není pozemní komunikace hlavní a uplatňuje se zde ustanovení o přednosti v jízdě vozidel přijíždějících zprava.;Upozorňuje předem na křižovatku, kde je přednost v jízdě upravena dopravními značkami.;Upozorňuje na jednokolejný železniční přejezd. Je-li řidič povinen před železničním přejezdem zastavit vozidlo, zastaví před touto značkou.;a;obrázek
1020;Znak;vys;6050218;Tato dopravní značka upozorňuje:;Na dvě nebo více po sobě následujících zatáček (směrových oblouků), z nichž první je vpravo, a jejichž bezpečné projetí vyžaduje výrazné snížení rychlosti jízdy.;Na zatáčku (směrový oblouk) vpravo, jehož bezpečné projetí vyžaduje výrazné snížení rychlosti jízdy.;Na dvě nebo více po sobě následujících zatáček (směrových oblouků), z nichž první je vlevo, a jejichž bezpečné projetí vyžaduje výrazné snížení rychlosti jízdy.;a;obrázek
1021;Znak;vys;6050219;Tato výstražná dopravní značka:;Upozorňuje na místo nebo úsek pozemní komunikace, kde se na vozovce vyskytuje volný štěrk, který by mohl ohrozit bezpečnost účastníků provozu na pozemních komunikacích.;Upozorňuje na místo nebo úsek pozemní komunikace, kde řidič musí dbát zvýšené opatrnosti vůči ostatním účastníkům provozu na pozemních komunikacích vzhledem k častému výskytu vodních kaluží.;Upozorňuje na místo nebo úsek pozemní komunikace, kde se může vlivem sesuvů nebo padání kamenů na pozemní komunikaci vyskytovat kamení nebo zemina.;a;obrázek
1022;Znak;vys;6050221;Tato dopravní značka:;Upozorňuje na jiné nebezpečí než to, které je možno označit příslušnou výstražnou značkou.;Upozorňuje na změnu místní úpravy provozu na pozemních komunikacích, změnu v organizaci dopravy, neobvyklé stavební uspořádání pozemní komunikace, místo s častým výskytem nehod apod.;Železniční přejezd, který není označen jinými dopravními značkami.;a;obrázek
1023;Znak;vys;6050222;Tato dopravní značka:;Upozorňuje na umělou nerovnost na vozovce, jejímž účelem je zejména snížení rychlosti jedoucích vozidel.;Upozorňuje na hrboly, výtluky, díry a jiné nerovnosti ve vozovce nebo na úsek s nerovným povrchem vozovky, vyžadující zvýšenou opatrnost nebo výrazné snížení rychlosti jízdy.;Upozorňuje na nerovnosti ve vozovce nebo na úsek s nerovným povrchem vozovky způsobeným vyjetými kolejemi.;a;obrázek
1024;Znak;vys;6050223;Tato dopravní značka:;Upozorňuje na místo, kde v malé výšce nad pozemní komunikací přelétávají letadla.;Informuje o jiném cíli než obci nebo její části. Za jiný cíl se ve vyobrazeném případě považuje letiště.;Upozorňuje na úsek pozemní komunikace směřující na nechráněné letiště.;a;obrázek
1025;Znak;vys;6050224;Tato dopravní značka:;Upozorňuje na zatáčku (směrový oblouk) vpravo, jehož bezpečné projetí vyžaduje výrazné snížení rychlosti jízdy.;Upozorňuje na nebezpečnou zatáčku, v níž musí řidič výrazně snížit rychlost jízdy, a usměrňuje provoz ve směru šipky.;Upozorňuje na zatáčku (směrový oblouk) vlevo, jehož bezpečné projetí vyžaduje výrazné snížení rychlosti jízdy.;a;obrázek
1026;Znak;vys;6050225;Tato dopravní značka upozorňuje na místo nebo úsek pozemní komunikace, kde:;Může docházet k častému výskytu domácích zvířat na pozemní komunikaci, přičemž na značce může být použít i jiný určený symbol zvířete.;Může docházet k častému výskytu divoké zvěře na pozemní komunikaci, přičemž na značce může být použít i jiný určený symbol volně žijícího živočicha.;Platí zákaz hnaní domácích zvířat po pozemní komunikaci.;a;obrázek
1072;Znak;zak;6050241;Tato dopravní značka zakazuje vjezd vozidel, jejichž:;Okamžitá šířka včetně nákladu a zpětných zrcátek je větší než údaj uvedený na značce.;Okamžitá délka včetně nákladu a příslušenství vozidla je větší než údaj uvedený na značce.;Okamžitá výška včetně nákladu je větší než údaj uvedený na značce.;a;obrázek
1073;Znak;zak;6050242;Tato dopravní značka:;Zakazuje vjezd motocyklům.;Umožňuje vjezd motocyklům.;Zakazuje jen vjezd motocyklům s postranním vozíkem.;a;obrázek
1074;Znak;zak;6050252;Tato dopravní značka:;Označuje zastávku autobusu linkové osobní dopravy.;Zakazuje vjezd autobusům.;Zakazuje vjezd všem motorovým vozidlům, s výjimkou autobusů.;b;obrázek
1075;Znak;zak;6050253;Tato dopravní značka:;Označuje zastávku autobusu městské hromadné dopravy.;Zakazuje vjezd autobusů.;Zakazuje vjezd autobusů městské hromadné dopravy.;b;obrázek
1076;Znak;zak;6050255;Tato dopravní značka:;Zakazuje vjezd vozidlům vyznačených druhů.;Povoluje vjezd vozidlům vyznačených druhů. Nevyznačená vozidla mají vjezd zakázán.;Zakazuje vjezd všem motorovým i nemotorovým vozidlům.;a;obrázek
1077;Znak;zak;6050256;Zákaz vjezdu podle vyobrazené dopravní značky platí pro:;Všechna motorová vozidla.;Vozidla vyznačených druhů.;Všechna vozidla.;a;obrázek
1078;Znak;zak;6050257;Tato dopravní značka zakazuje:;Vjezd vozidel, jejichž okamžitá hmotnost přesahuje údaj uvedený na značce.;Vjezd vozidel, jejichž okamžitá hmotnost připadající na nápravu přesahuje údaj uvedený na značce.;Vjezd vozidel, jejichž nejvyšší dovolená hmotnost přesahuje vyznačenou mez.;a;obrázek
1079;Znak;zak;6050258;Tato dopravní značka:;Zakazuje vjezd vozidel, jejichž okamžitá výška včetně nákladu je vyšší než údaj uvedený na značce.;Upozorňuje na výšku nadcházejícího podjezdu s vyznačením hodnoty.;Zakazuje vjezd vozidel, jejichž výška je vyšší než údaj uvedený na značce, a to bez ohledu na náklad.;a;obrázek
886;Znak;inf;6050259;Co znamená tato dopravní značka?;Parkoviště (stání na chodníku kolmé nebo šikmé).;Parkoviště (stání na chodníku podélné).;Parkoviště (částečné stání na chodníku).;b;obrázek
1080;Znak;zak;6050260;Označte správný význam značky:;Zakazuje zastavení tj. uvedení vozidla do klidu, kromě případů vyvolaných okolnostmi v provozu na pozemních komunikacích jako je např. stojící kolona vozidel apod.;Zakazuje stání, tj. uvedení vozidla do klidu na dobu delší, než je doba nezbytně nutná k neprodlenému nastoupení nebo vystoupení přepravovaných osob nebo k neprodlenému naložení a vyložení nákladu.;Ukončuje platnost zákazu stání.;a;obrázek
1081;Znak;zak;6050261;Tato dopravní značka:;"Zakazuje jezdci na zvířeti vjet se zvířetem na pozemní komunikaci za značkou; zákaz platí i pro vedení nebo hnaní takového zvířete.";"Přikazuje jezdci na zvířeti užít takto označené pozemní komunikace nebo stezky; příkaz platí i pro i pro vedení nebo hnaní takového zvířete.";"Označuje stezku pro jezdce na zvířeti; ostatním účastníkům provozu na pozemních komunikacích je její užívání zakázáno.";a;obrázek
1082;Znak;zak;6050262;Tato dopravní značka:;Zakazuje chodcům vstoupit na pozemní komunikaci nacházející se v prostoru za značkou.;Upozorňuje na místo nebo úsek pozemní komunikace s možností zvýšeného výskytu chodců anebo častého přecházení chodců přes pozemní komunikaci v místě, kde není zřízen přechod pro chodce.;Přikazuje chodcům užít v daném směru takto označené stezky. Ostatním účastníkům provozu na pozemních komunikacích je její užívání zakázáno.;a;obrázek
1083;Znak;zak;6050263;Tato dopravní značka:;Zakazuje užívání výstražných zvukových znamení.;Ukončuje platnost značky „Zákaz výstražných zvukových znamení“.;Zakazuje užívání všech výstražných znamení.;a;obrázek
1084;Znak;zak;6050264;Tato dopravní značka:;Zakazuje otáčení.;Upozorňuje na úsek, kde se otáčejí vozidla zimní údržby.;Ukončuje platnost zákazu otáčení.;a;obrázek
1085;Znak;zak;6050269;Tato dopravní značka:;Zakazuje odbočování vlevo na nejbližší křižovatce, na účelovou komunikaci v místě jejího připojení nebo na místo ležící mimo pozemní komunikaci.;Ukončuje zákaz odbočování vlevo na nejbližší křižovatce, na účelovou komunikaci v místě jejího připojení nebo na místo ležící mimo pozemní komunikaci. ;Zakazuje odbočování vpravo na nejbližší křižovatce, na účelovou komunikaci v místě jejího připojení nebo na místo ležící mimo pozemní komunikaci.;a;obrázek
1086;Znak;zak;6050270;Tato dopravní značka:;Ukončuje platnost značky „Zákaz předjíždění pro nákladní automobily“.;Ukončuje platnost všech zákazů, které jsou stanoveny pro jedoucí vozidla.;Zakazuje řidiči nákladního automobilu o nejvyšší povolené hmotnosti převyšující 3500 kg předjíždět motorové vozidlo vlevo.;a;obrázek
1087;Znak;zak;6050271;Tato dopravní značka:;Zakazuje odbočování vpravo na nejbližší křižovatce, na účelovou komunikaci v místě jejího připojení nebo na místo ležící mimo pozemní komunikaci.;Zakazuje odbočování vlevo na nejbližší křižovatce, na účelovou komunikaci v místě jejího připojení nebo na místo ležící mimo pozemní komunikaci.;Ukončuje platnost zákazu odbočování vpravo na nejbližší křižovatce, na účelovou komunikaci v místě jejího připojení nebo na místo ležící mimo pozemní komunikaci.;a;obrázek
1088;Znak;zak;6050274;Tato dopravní značka:;Zakazuje zastavení nebo stání, tj. uvedení vozidla do klidu, kromě případů vyvolaných okolnostmi v provozu na pozemních komunikacích jako je např. stojící kolona vozidel apod.;Zakazuje stání, tj. uvedení vozidla do klidu na dobu delší, než je doba nezbytně nutná k neprodlenému nastoupení nebo vystoupení přepravovaných osob nebo k neprodlenému naložení a vyložení nákladu.;Ukončuje platnost zákazu zastavení na dobu delší, než je doba nezbytně nutná k neprodlenému nastoupení nebo vystoupení přepravovaných osob nebo k neprodlenému naložení a vyložení nákladu.;b;obrázek
1027;Znak;vys;6050277;Tato dopravní značka:;Upozorňuje na úsek pozemní komunikace, kde místní podmínky činí klesání nebezpečným. Na značce se uvádí skutečný nejvyšší podélný sklon vozovky.;Upozorňuje na klesající úsek pozemní komunikace, kde lze při sníženém účinku brzd, zastavit vozidlo pomocnými prostředky, například protisvahem, hrubým štěrkovým povrchem apod. Na značce se uvádí skutečný nejvyšší podélný sklon vozovky.;Upozorňuje na úsek pozemní komunikace s prudkým stoupáním. Na značce se uvádí skutečný nejvyšší podélný sklon vozovky.;a;obrázek
1089;Znak;zak;6050280;Tato dopravní značka:;Zakazuje vjezd potahových vozidel.;Zakazuje jezdci na zvířeti vjet se zvířetem na pozemní komunikaci za značkou.;Zakazuje vedení nebo hnaní zvířete na pozemní komunikaci za značkou.;a;obrázek
1090;Znak;zak;6050290;Tato dopravní značka:;Zakazuje vjezd všem vozidlům s výjimkou cyklistů.;Zakazuje vjezd cyklistům a jízdu na jízdním kole. Vedení jízdního kola cyklistou je povoleno.;Přikazuje cyklistům užít v daném směru takto označené stezky.;b;obrázek
1028;Znak;vys;6050295;Tato dopravní značka:;Upozorňuje na dvě nebo více po sobě následujících zatáček (směrových oblouků), z nichž první je vlevo, a jejichž bezpečné projetí vyžaduje výrazné snížení rychlosti jízdy.;Upozorňuje na místo nebo úsek pozemní komunikace, kde může dojít ke smyku vozidla i za neztížených povětrnostních podmínek.;Upozorňuje na dvě nebo více po sobě následujících zatáček (směrových oblouků), z nichž první je vpravo, a jejichž bezpečné projetí vyžaduje výrazné snížení rychlosti jízdy.;a;obrázek
608;Res;kri;6050306;Ve vyobrazené situaci jste řidičem vozidla z výhledu. Jak se zachováte?;Dám přednost vozidlu přijíždějícímu zprava.;Projedu křižovatkou jako první.;Musím odbočit vpravo.;b;obrázek
1091;Znak;zak;6050348;Která z vyobrazených dopravních značek zakazuje řidiči jet rychlostí 40 km/h:;a);b);c);c;obrázek
501;Prav;sme;6050351;Řidič předjížděného vozidla:;Nesmí zvyšovat rychlost ani jinak bránit předjíždění.;Může zvyšovat rychlost a bránit i jinak v předjíždění.;Může zvyšovat rychlost, pokud má silnější vozidlo.;a;obrázek
1092;Znak;zak;6050371;Tato značka:;Zakazuje vjezd vozidel nebo jízdních souprav přepravujících sypké materiály, které nemají zakrytý nákladový prostor.;Zakazuje vjezd vozidlům, která přepravují výbušniny, snadno hořlavý nebo jinak nebezpečný náklad.;Zakazuje vjezd vozidlům přepravujícím ropu nebo ropné materiály nebo jiné látky, které by mohly způsobit ohrožení životního prostředí, zejména znečištění vody.;b;obrázek
1029;Znak;vys;6050374;Tato dopravní značka:;Upozorňuje řidiče na zatáčku (směrový oblouk) vpravo, jehož bezpečné projetí vyžaduje výrazné snížení rychlosti jízdy.;Upozorňuje řidiče na dvě nebo více po sobě následujících zatáček (směrových oblouků), z nichž první je vpravo, a jejichž bezpečné projetí vyžaduje výrazné snížení rychlosti jízdy.;Upozorňuje řidiče na zatáčku (směrový oblouk) vlevo, jehož bezpečné projetí vyžaduje výrazné snížení rychlosti jízdy.;a;obrázek
1030;Znak;vys;6050375;Tato dopravní značka:;Upozorňuje v odůvodněných případech na křižovatku s kruhovým objezdem.;Přikazuje jízdu po křižovatce s kruhovým objezdem ve směru šipek na značce zobrazených.;Označuje dopravní okruh zřízený pro objíždění obce nebo její části.;a;obrázek
1031;Znak;vys;6050390;Tato dopravní značka řidiče:;Upozorňuje na hrboly, výtluky, díry a jiné nerovnosti ve vozovce nebo na úsek s nerovným povrchem vozovky, vyžadující zvýšenou opatrnost nebo výrazné snížení rychlosti jízdy.;Upozorňuje na umělou nerovnost na vozovce, jejímž účelem je zejména snížení rychlosti jedoucích vozidel.;Bezprostředně označuje umělou nerovnost na vozovce, jejímž účelem je snížení rychlosti jedoucích vozidel.;b;obrázek
887;Znak;inf;6050393;"Dopravní značka ""Jednosměrný provoz"" vymezuje úsek komunikace, kde je zakázáno:";Zastavit a stát, s výjimkou míst označených jako parkoviště.;Jet rychlostí vyšší než 20 km.h-1, jestliže dopravní značkou není dovolena rychlost vyšší.;Couvat, pokud to není nezbytně nutné, například k zajetí do řady vozidel nebo vyjetí z ní.;c;obrázek
1032;Znak;vys;6050446;Tato výstražná dopravní značka upozorňuje na:;Zatáčku vpravo.;Směr pro opuštění křižovatky s kruhovým objezdem.;Zatáčku vlevo.;a;obrázek
1033;Znak;vys;6050449;Tato značka:;Upozorňuje na umělou nerovnost na vozovce, jejímž účelem je zejména snížení rychlosti jedoucích vozidel.;Bezprostředně označuje umělou nerovnost na vozovce, jejímž účelem je snížení rychlosti jedoucích vozidel a je zpravidla označena žlutočernými pruhy.;Upozorňuje na hrboly, výtluky, díry a jiné nerovnosti ve vozovce nebo na úsek s nerovným povrchem vozovky, vyžadující zvýšenou opatrnost nebo výrazné snížení rychlosti jízdy.;a;obrázek
1034;Znak;vys;6050451;Tato dopravní značka upozorňuje na:;Zatáčku (směrový oblouk) vlevo, jehož bezpečné projetí vyžaduje výrazné snížení rychlosti jízdy.;Zatáčku (směrový oblouk) vpravo, jehož bezpečné projetí vyžaduje výrazné snížení rychlosti jízdy.;Směr dopravního okruhu zřízeného pro objíždění obce nebo její části.;a;obrázek
1035;Znak;vys;6050452;Tato značka:;Upozorňuje na místo nebo úsek pozemní komunikace, kde může dojít ke smyku vozidla pouze za ztížených povětrnostních podmínek.;Upozorňuje na místo nebo úsek pozemní komunikace, kde může dojít ke smyku vozidla i za neztížených povětrnostních podmínek.;Upozorňuje na místo nebo úsek pozemní komunikace, kde může dojít ke smyku vozidla pouze za deště, sněhu nebo náledí.;b;obrázek
1093;Znak;zak;6050454;Tato značka zakazuje vjezd:;Vozidlům, která přepravují výbušniny, snadno hořlavý nebo jinak nebezpečný náklad.;Vozidlům přepravujícím ropu nebo ropné materiály nebo jiné látky, které by mohly způsobit ohrožení životního prostředí.;Vozidlům, jejichž okamžitá hmotnost připadající na nápravu přesahuje hodnoty stanovené výrobcem vozidla.;a;obrázek
1094;Znak;zak;6050457;Tato dopravní značka znamená:;Zákaz vjezdu všech vozidel (v obou směrech).;Zákaz vjezdu všech motorových vozidel (v obou směrech).;Zákaz vjezdu všech nemotorových vozidel (v obou směrech).;a;obrázek
930;Znak;pri;6050461;Tato značka znamená:;Přikázaný směr jízdy vpravo.;Přikázaný směr objíždění vpravo.;Jednosměrný provoz.;a;obrázek
609;Res;kri;6050481;Jako řidič vozidla z výhledu:;Jste povinen dát přednost vozidlu přijíždějícímu zleva.;Můžete pokračovat v jízdě křižovatkou. Jste na hlavní pozemní komunikaci.;Máte přednost v jízdě před řidičem přijíždějícím zleva.;a;obrázek
610;Res;kri;6050483;Jste řidičem vozidla z výhledu. V jakém pořadí projedou vozidla touto křižovatkou?;Jako první červené vozidlo, jako druhé zelené vozidlo, jako poslední modré vozidlo společně s Vaším vozidlem.;Jako první červené vozidlo společně se zeleným vozidlem, následně modré vozidlo společně s Vaším vozidlem.;Jako první zelené vozidlo, jako druhé červené vozidlo, jako poslední modré vozidlo společně s Vaším vozidlem.;a;obrázek
611;Res;kri;6050508;Vozidla projedou křižovatkou v pořadí:;1. vozidlo z výhledu, 2. bílé vozidlo, 3. červené vozidlo.;1. bílé vozidlo, 2. červené vozidlo, 3. vozidlo z výhledu.;1. vozidlo z výhledu, 2. červené vozidlo, 3. bílé vozidlo.;c;obrázek
612;Res;kri;6050524;Jste řidičem vozidla z výhledu. V jakém pořadí projedou vozidla vyobrazenou křižovatkou?;1. Vaše vozidlo, 2. modré protijedoucí vozidlo, 3. oranžové nákladní vozidlo.;1. Vaše vozidlo, 2. oranžové nákladní vozidlo, 3. modré protijedoucí vozidlo.;1. modré protijedoucí vozidlo, 2. Vaše vozidlo, 3. oranžové nákladní vozidlo.;a;obrázek
613;Res;kri;6050525;Jste řidičem vozidla z výhledu. V jakém pořadí projedou vozidla touto křižovatkou?;1. červené nákladní vozidlo, 2. Vaše vozidlo společně s protijedoucím modrým vozidlem.;1. Vaše vozidlo společně s protijedoucím modrým vozilem, 2. červené nákladní vozidlo.;1. Vaše vozidlo, 2. červené nákladní vozidlo, 3. protijedoucí modré vozidlo.;a;obrázek
1095;Znak;zak;6050526;Tato dopravní značka:;Zakazuje zastavení nebo stání, tj. uvedení vozidla do klidu, kromě případů vyvolaných okolnostmi v provozu na pozemních komunikacích jako je např. stojící kolona vozidel apod.;Zakazuje stání, tj. uvedení vozidla do klidu na dobu delší, než je doba nezbytně nutná k neprodlenému nastoupení nebo vystoupení přepravovaných osob nebo k neprodlenému naložení a vyložení nákladu.;Zakazuje zastavení s výjimkou doby nezbytně nutné k neprodlenému nastoupení nebo vystoupení přepravovaných osob anebo k neprodlenému naložení nebo složení nákladu.;a;obrázek
1036;Znak;vys;6050550;Tato dopravní značka znamená:;Nebezpečí smyku na místě nebo úseku pozemní komunikace, za ztížených povětrnostních podmínek.;Dvě nebo více po sobě následujících zatáček (směrových oblouků), z nichž první je vpravo.;Dvě nebo více po sobě následujících zatáček (směrových oblouků), z nichž první je vlevo.;b;obrázek
1037;Znak;vys;6050551;Tato dopravní značka upozorňuje:;Na hrboly, výtluky, díry a jiné nerovnosti ve vozovce nebo na úsek s nerovným povrchem vozovky, vyžadující zvýšenou opatrnost nebo výrazné snížení rychlosti jízdy.;Na vyjeté koleje ve vozovce.;Na umělou nerovnost na vozovce, jejímž účelem je zejména snížení rychlosti jedoucích vozidel.;c;obrázek
614;Res;kri;6050560;Jste řidičem vozidla z výhledu. Na vyobrazené křižovatce:;Máte přednost v jízdě před protijedoucím automobilem, ale musíte současně sledovat chování řidiče, který jede před vámi.;"Projede křižovatkou jako poslední; jako první projede vozidlo označené zvláštním výstražným světlem žluté barvy, které přijíždí zleva, a hned po něm protijedoucí automobil.";"Musíte dát přednost v jízdě protijedoucímu automobilu; poté můžete pokračovat v jízdě do křižovatky.";a;obrázek
405;Prav;pra;6050579;Jakou rychlostí je možno přejíždět přes tento železniční přejezd?;Nejvýše 30 km/h.;Nejvýše 40 km/h.;Nejvýše 50 km/h.;c;obrázek
406;Prav;pra;6050580;Jakou rychlostí je možno přejíždět přes tento železniční přejezd?;Nejvýše 30 km/h.;Nejvýše 60 km/h.;Nejvýše 50 km/h.;c;obrázek
615;Res;kri;6050583;Jste řidičem vozidla z výhledu. Určete, v jakém pořadí projedou vozidla touto křižovatkou:;1. Vaše vozidlo současně s protijedoucím červeným vozidlem, 2. zelené vozidlo.;1. Vaše vozidlo současně se zeleným vozidlem jedoucím zprava, 2. červené vozidlo.;1. červené vozidlo, 2. zelené vozidlo, 3. Vaše vozidlo.;a;obrázek
616;Res;kri;6050584;Jste řidičem vozidla z výhledu. Určete, v jakém pořadí projedou vozidla vyobrazenou křižovatkou:;1. Vaše vozidlo, 2. protijedoucí žluté vozidlo, 3. zelené vozidlo.;1. Vaše vozidlo, 2. zelené vozidlo jedoucí zprava, 3. žluté vozidlo.;1. zelené vozidlo jedoucí zprava, 2. Vaše vozidlo, 3. žluté vozidlo.;a;obrázek
617;Res;kri;6050585;Jste řidičem vozidla z výhledu. Určete, v jakém pořadí projedou vozidla touto křižovatkou:;1. zelené vozidlo jedoucí zleva, 2. protijedoucí zelené vozidlo, 3. oranžové nákladní vozidlo, 4. Vaše vozidlo.;1. protijedoucí zelené vozidlo, 2. zelené vozidlo jedoucí zleva, 3. oranžové nákladní vozidlo, 4. Vaše vozidlo.;1. zelené vozidlo jedoucí zleva, 2. protijedoucí zelené vozidlo, 3. Vaše vozidlo, 4. oranžové nákladní vozidlo.;a;obrázek
618;Res;kri;6050586;Jste řidičem vozidla z výhledu. Určete, kolikáté projede Vaše vozidlo touto křižovatkou:;Poslední.;Druhé.;Třetí.;a;obrázek
619;Res;kri;6050587;Jste řidičem vozidla z výhledu. Určete, kolikáté projede Vaše vozidlo touto křižovatkou:;Jako poslední.;Jako druhé.;Jako třetí.;a;obrázek
620;Res;kri;6050589;Jste řidičem vozidla z výhledu. Určete, v jakém pořadí projedou vozidla touto křižovatkou:;1. modré vozidlo jedoucí zleva, 2. protijedoucí červené vozidlo, 3. zelené vozidlo jedoucí zprava, 4. Vaše vozidlo.;1. Vaše vozidlo současně s protijedoucím červeným vozidlem, 2. modré vozidlo jedoucí zleva současně se zeleným vozidlem jedoucím zprava.;1. modré vozidlo jedoucí zleva současně se zeleným vozidlem jedoucím zprava, 2. Vaše vozidlo současně s protijedoucím červeným vozidlem.;a;obrázek
417;Prav;pra;6050607;Mimo obec se na pozemní komunikaci o dvou nebo více jízdních pruzích v jednom směru jízdy jezdí:;V levém jízdním pruhu. V ostatních jízdních pruzích se smí jet, jestliže je to nutné k objíždění, předjíždění, otáčení nebo odbočování.;V pravém jízdním pruhu. V ostatních jízdních pruzích se smí jet, jestliže je to nutné k objíždění, předjíždění, otáčení nebo odbočování.;V kterémkoli jízdním pruhu, jestliže tím není ohrožena plynulost provozu na pozemních komunikacích, zejména jízda ostatních vozidel.;b;obrázek
621;Res;kri;6050609;Můžete jako řidič vozidla z výhledu vjet do křižovatky před vozidlem, které ve vyobrazené situaci přijíždí zleva?;Nemohu, protože bych mu neumožnil bezpečný a plynulý průjezd křižovatkou.;Mohu. Druhé vozidlo přijíždí zleva a musí mi proto dát přednost v jízdě.;Mohu, protože jsem na hlavní pozemní komunikaci a proto mám přednost v jízdě.;a;obrázek
1038;Znak;vys;6050624;Tato dopravní značka:;Upozorňuje na místo, kde se vozovka oproti předcházejícímu úseku výrazně zužuje z pravé strany.;Upozorňuje na snížení počtu jízdních pruhů v místě a vyznačuje, který pruh je průběžný.;Upozorňuje na místo, kde se vozovka oproti předcházejícímu úseku výrazně zužuje z levé strany.;a;obrázek
1039;Znak;vys;6050625;Tato dopravní značka:;Upozorňuje na hrboly, výtluky, díry a jiné nerovnosti ve vozovce nebo na úsek s nerovným povrchem vozovky, vyžadující zvýšenou opatrnost nebo výrazné snížení rychlosti jízdy.;Upozorňuje na umělou nerovnost na vozovce, jejímž účelem je zejména snížení rychlosti jedoucích vozidel.;Bezprostředně označuje umělou nerovnost na vozovce, jejímž účelem je snížení rychlosti jedoucích vozidel a je zpravidla označena žlutočernými pruhy.;a;obrázek
1040;Znak;vys;6050626;Tato dopravní značka:;Upozorňuje na úsek pozemní komunikace s prudkým stoupáním. Na značce se uvádí skutečný nejvyšší podélný sklon vozovky.;Upozorňuje na úsek pozemní komunikace, kde místní podmínky činí klesání nebezpečným. Na značce se uvádí skutečný nejvyšší podélný sklon vozovky.;Upozorňuje na únikový pruh za nebezpečným klesáním, kde lze v případě nouze, například při sníženém účinku brzd, zastavit vozidlo pomocnými prostředky, například protisvahem, hrubým štěrkovým povrchem apod.;a;obrázek
1041;Znak;vys;6050627;Tato značka upozorňuje řidiče:;Na dopravní okruh zřízený pro objíždění obce nebo její části.;Na změnu místní úpravy provozu na pozemních komunikacích na dopravním okruhu.;Na křižovatku s kruhovým objezdem.;c;obrázek
622;Res;kri;6050629;Jste řidičem vozidla z výhledu. V jakém pořadí projedou vozidla touto křižovatkou?;1. Vaše vozidlo současně s protijedoucím zeleným vozidlem, 2. žluté nákladní vozidlo.;1. Protijedoucí zelené vozidlo současně se žlutým nákladním vozidlem, 2. Vaše vozidlo.;1. Protijedoucí zelené vozidlo, 2. žluté nákladní vozidlo, 3. Vaše vozidlo.;a;obrázek
1096;Znak;zak;6060004;Zákaz vjezdu vyplývající z vyobrazené dopravní značky platí pro:;Ruční vozíky o okamžité šířce větší než 600 mm.;Ruční vozíky o okamžité šířce do 600 mm.;Všechna potahová vozidla o okamžité šířce větší než 600 mm.;a;obrázek
623;Res;kri;6060047;Jste řidičem vozidla z výhledu. Určete, v jakém pořadí projedou vozidla touto křižovatkou:;1. Vaše vozidlo, 2. protijedoucí modré vozidlo, 3. zelené vozidlo jedoucí zprava.;1. Vaše vozidlo současně se zeleným vozidlem jedoucím zprava, 2. protijedoucí modré vozidlo.;1. Protijedoucí modré vozidlo, 2. Vaše vozidlo současně se zeleným vozidlem jedoucím zprava.;a;obrázek
504;Prav;sme;6060049;Odbočují-li řidiči protijedoucích vozidel vlevo:;Vyhýbají se vlevo (jejich vozidla se míjejí pravými boky).;Vyhýbají se vpravo (jejich vozidla se míjejí levými boky).;Vyhýbají se podle okolností a dostatku prostoru v křižovatce vpravo i vlevo.;a;obrázek
961;Znak;upr;6060051;Svislé dopravní značky upravující přednost:;Jsou nadřazeny světelným signálům.;Jsou podřízeny světelným signálům.;Jsou postaveny na roveň světelných signálů.;b;obrázek
1097;Znak;zak;6060052;Tato dopravní značka:;Zakazuje jízdu (nikoli jen vjezd) pro určená vozidla v území, pro které byla vyhlášena smogová situace podle zvláštního právního předpisu.;Upozorňuje řidiče na oblast, zejména část obce, kde je omezen provoz vozidel, která nesplňují zvláštní emisní podmínky.;Zakazuje jízdu vozidlům, která nemají přidělenou emisní plaketu na základě jejich emisní kategorie odrážející zátěž životního prostředí.;a;obrázek
1042;Znak;vys;6060055;Tato výstražná dopravní značka:;Upozorňuje řidiče na železniční přejezd nevybavený závorami.;Upozorňuje řidiče na železniční přejezd vybavený závorami.;Upozorňuje řidiče na jednokolejný železniční přejezd.;a;obrázek
1043;Znak;vys;6060056;Tato výstražná dopravní značka upozorňuje řidiče:;Na úsek pozemní komunikace, kde je nebezpečné vjet na krajnici.;Na místo nebo úsek pozemní komunikace, kde je dovolené parkování na krajnici.;Na místo dopravní nehody.;a;obrázek
1044;Znak;vys;6060057;Tato dopravní značka:;Se umisťuje ve vzdálenosti 160 m před železničním přejezdem, na nějž upozorňuje.;Se umisťuje ve vzdálenosti 140 m před železničním přejezdem, na nějž upozorňuje.;Se umisťuje ve vzdálenosti 240 m před železničním přejezdem, na nějž upozorňuje.;a;obrázek
1045;Znak;vys;6060058;Tato dopravní značka:;Upozorňuje zejména na místo, kde tramvaj křižuje směr jízdy ostatních vozidel.;Upozorňuje na železniční přejezd bez závor.;Upozorňuje na místo, kde má řidič povinnost dát přednost v jízdě tramvaji, a to zejména mimo křižovatku;a;obrázek
1046;Znak;vys;6060059;Tato dopravní značka:;Upozorňuje na jednokolejný železniční přejezd. Je-li řidič povinen před železničním přejezdem zastavit vozidlo, zastaví před touto značkou.;Upozorňuje na jednokolejný železniční přejezd. Je-li řidič povinen před železničním přejezdem zastavit vozidlo, zastaví na místě, odkud má na železniční trať náležitý rozhled.;Upozorňuje na vícekolejný železniční přejezd, kde je potřeba dbát zvýšené opatrnosti pro případ současného průjezdu vlaků z obou směrů.;a;obrázek
511;Prav;sme;6060098;Řidič při vjíždění na pozemní komunikaci z místa ležícího mimo pozemní komunikaci musí:;Dát přednost v jízdě ostatním účastníkům provozu na pozemních komunikacích.;Brát ohled na ostatní účastníky provozu na pozemních komunikacích.;Dát přednost v jízdě vozidlům přijíždějícím zprava.;a;obrázek
624;Res;kri;6060115;Jste řidičem vozidla z výhledu. Při jízdě křižovatkou, která je znázorněna na obrázku:;Dáte přednost v jízdě zelenému vozidlu, protože zelené vozidlo přijíždí zleva.;Dáte přednost v jízdě zelenému vozidlu, protože zelené vozidlo přijíždí zprava.;Máte přednost v jízdě před zeleným vozidlem, protože zelené vozidlo přijíždí zleva.;b;obrázek
1047;Znak;vys;6060160;Tato dopravní značka upozorňuje účastníky provozu na pozemních komunikacích:;Na místo nebo úsek pozemní komunikace, kde se může vlivem sesuvů nebo padání kamenů na pozemní komunikaci vyskytovat kamení nebo zemina.;Na místo nebo úsek pozemní komunikace, kde se na vozovce vyskytuje volný štěrk,;Místo nebo úsek, v jehož blízkosti se nachází kamenolom.;a;obrázek
1098;Znak;zak;6060161;Tato značka:;Zakazuje řidiči pokračovat v jízdě bez zastavení vozidla v prostoru u značky.;Zakazuje řidiči pokračovat v jízdě bez zastavení vozidla v prostoru státní hranice a současně označuje státní hranici.;Upozorňuje řidiče na stanici technické kontroly a měření emisí.;a;obrázek
1099;Znak;zak;6060162;Tato značka:;Ukončuje platnost značky „Zákaz výstražných zvukových znamení“.;Zakazuje užívání výstražných zvukových znamení.;Ukončuje zákaz užívání výstražných znamení.;a;obrázek
1100;Znak;zak;6060163;Tato dopravní značka zakazuje vjezd vozidlům:;Přepravujícím výbušniny, snadno hořlavý nebo jinak nebezpečný náklad a označeným podle zvláštních předpisů.;Které nejsou opatřeny příslušnou emisní plaketou přidělovanou na základě jejich emisní kategorie odrážející zátěž životního prostředí.;Přepravujícím ropu nebo ropné materiály nebo jiné látky, které by mohly způsobit ohrožení životního prostředí, zejména znečištění vody.;a;obrázek
1101;Znak;zak;6060164;Tato dopravní značka:;Ukončuje platnost všech zákazů, které jsou stanoveny pro jedoucí vozidla.;Upozorňuje řidiče na blížící se dopravní značku se zákazem nebo omezením jízdy pro jedoucí vozidla.;Upozorňuje na následující omezení v jízdě pro řidiče nákladních automobilů přepravujících nebezpečný náklad.;a;obrázek
1102;Znak;zak;6060165;Na takto označené pozemní komunikace je zakázán vjezd:;"Nákladním automobilům, tahačům přívěsu nebo návěsu a speciálním automobilům; značka neplatí pro obytné automobily.";"Nákladním automobilům s nejvyšší dovolenou hmotností nepřevyšující 3.500 kg; značka neplatí pro obytné automobily.";"Nákladním automobilům s nejvyšší dovolenou hmotností převyšující 3.500 kg; značka neplatí pro obytné automobily.";a;obrázek
1103;Znak;zak;6060166;Tato dopravní značka zakazuje vjezd:;Osobních vozidel a motocyklů.;Všech motorových vozidel.;Všech motorových i nemotorových vozidel.;b;obrázek
1104;Znak;zak;6060167;Vyobrazená dopravní značka zakazuje vjezd:;Všem druhům vozidel na jednosměrnou pozemní komunikaci, v níž je provoz veden opačným směrem.;Všem druhům vozidel v obou směrech pozemní komunikace.;Nemotorovým vozidlům ze směru, kde je značka umístěna.;a;obrázek
1105;Znak;zak;6060169;Tato značka:;Zakazuje vjezd vozidel nebo jízdních souprav, jejichž okamžitá délka včetně nákladu je větší než údaj uvedený na značce.;Informuje o bezpečném odstupu mezi jedoucími nákladními vozidly včetně vyznačení vzdálenosti.;Zakazuje řidiči vozidla udržovat od vozidla jedoucího před ním vzdálenost menší, než je stanovena údajem uvedeným na značce.;a;obrázek
1106;Znak;zak;6060170;Do úseku pozemní komunikace označeného touto dopravní značkou je dovoleno vjet:;Jen nemotorovým vozidlům a motocyklům bez postranního vozíku.;Jen vozidlům určeným k přepravě osob, jejichž celková hmotnost nepřesahuje 3.500 kg.;Jen nemotorovým vozidlům.;a;obrázek
1107;Znak;zak;6060171;V úseku pozemní komunikace označeném touto dopravní značkou:;Je řidiči zakázáno předjíždět motorové vozidlo vlevo s výjimkou motocyklů bez postranního vozíku.;Je řidiči nákladního automobilu o nejvyšší povolené hmotnosti převyšující 3500 kg zakázáno předjíždět motorové vozidlo vlevo.;Je řidiči zakázáno předjíždět motorové i nemotorové vozidlo vlevo.;a;obrázek
1048;Znak;vys;6060233;Tato značka upozorňuje na:;Místo, kde často dochází k dopravním nehodám.;Místo dopravní nehody.;Usek pozemní komunikace směřující na nechráněné nábřeží nebo břeh vodní plochy.;b;obrázek
1108;Znak;zak;6060234;Tato dopravní značka zakazuje:;Vjezd motorových vozidel s přívěsem a návěsem.;Vjezd potahovým vozidlům.;Vjezd ručních vozíků širších než je 600 mm.;a;obrázek
1049;Znak;vys;6060237;Řidič vozidla z výhledu je upozorňován:;Na nebezpečnou zatáčku vlevo.;Na skutečnost, že za zatáčkou je ve vzdálenosti 240 m železniční přejezd.;Na skutečnost, že za zatáčkou je ve vzdálenosti 80 m železniční přejezd.;a;obrázek
440;Prav;pra;6060246;Vyobrazený železniční přejezd se nachází na pozemní komunikaci mimo obec. Jakou nejvyšší rychlostí můžete jet ve vzdálenosti 50 metrů před tímto přejezdem?;Nejvýše 30 km/h.;Nejvýše 50 km/h.;Nejvýše 90 km/h.;a;obrázek
441;Prav;pra;6060247;Řidič porušuje zákon, pokud přes vyobrazený železniční přejezd přejíždí:;Rychlostí 30 km/h.;Rychlostí 25 km/h.;Rychlostí 35 km/h.;c;obrázek
442;Prav;pra;6060248;Vyobrazený železniční přejezd se nachází na pozemní komunikaci mimo obec. Jakou nejvyšší rychlostí smíte jet ve vzdálenosti 50 metrů před tímto přejezdem?;Nejvýše 70 km/h.;Nejvýše 90 km/h.;Nejvýše 50 km/h.;c;obrázek
650;Res;kri;6060249;Jste řidičem vozidla z výhledu. Při jízdě křižovatkou, která je znázorněna na obrázku:;Máte přednost v jízdě před zeleným vozidlem, protože zelené vozidlo přijíždí zprava.;Dáte přednost v jízdě zelenému vozidlu, protože zelené vozidlo přijíždí zprava.;Máte přednost v jízdě před zeleným vozidlem, protože zelené vozidlo přijíždí zleva.;b;obrázek
443;Prav;pra;6060250;Jakou rychlostí můžete přejet přes železniční přejezd, pokud nesvítí přerušované bílé světlo přejezdového zabezpečovacího zařízení?;Nejvýše 30 km/h.;Nejvýše 40 km/h.;Nejvýše 50 km/h.;a;obrázek
923;Znak;pri;6060254;Na křižovatce označené touto dopravní značkou:;Musíte odbočit vpravo.;Nesmíte odbočit vpravo.;Můžete odbočit vpravo, jen pokud hodláte zastavit na volném místě na parkovišti.;a;obrázek
963;Znak;upr;6060258;Tato dopravní značka:;"Platí pro všechny následující křižovatky v přímém směru, pokud její platnost není ukončena dopravní značkou ""Hlavní pozemní komunikace"".";Platí jen pro nejbližší křižovatku.;Platí pro všechny křižovatky na území obce, které je označeno příslušnou dopravní značkou.;b;obrázek
531;Prav;sme;6060274;Chystáte se předjet cyklistu. Bude vám stačit boční odstup od cyklisty přibližně 50 cm?;Ne, protože cyklista může náhle zakolísat a vybočit z dráhy směru své jízdy.;Ano, pokud budete dávat zvuková nebo světelná výstražná znamení.;Ano, pokud snížíte rychlost na 40km/h, pak je předjíždění bezpečné.;a;obrázek
964;Znak;upr;6060296;Za nejbližší svislou dopravní značkou jako řidič vozidla z výhledu:;Máte přednost v jízdě před protijedoucími vozidly.;Musíte dát přednost v jízdě protijedoucím vozidlům.;Musíte jet po krajnici, pokud je to nezbytné pro vyhnutí se protijedoucím vozidlům, která nesmíte omezit.;a;obrázek
888;Znak;inf;6060297;V úseku za touto dopravní značkou:;Smí jet řidič rychlostí nejvýše 20 km/h.;Smí jet řidič rychlostí nejvýše 30 km/h.;Smí jet řidič rychlostí nejvýše 50 km/h.;a;obrázek
889;Znak;inf;6060298;V úseku za touto dopravní značkou:;"Smí řidič stát jen na místech označených jako parkoviště; zastavit však smí i mimo parkoviště.";Není zastavení, stání ani parkování právní úpravou omezeno.;Smí řidič zastavit a stát jen na místech označených jako parkoviště.;a;obrázek
890;Znak;inf;6060299;V úseku za touto dopravní značkou:;Musí řidič dbát zvýšené ohleduplnosti vůči chodcům, které nesmí ohrozit.;Má vždy řidič motorového i nemotorového vozidla přednost před chodci, kteří ho nesmějí omezit.;Musí řidič dbát zvýšené ohleduplnosti vůči chodcům jen na přechodech pro chodce.;a;obrázek
965;Znak;upr;6060300;Za vyobrazenou dvojicí dopravních značek:;"Bude řidič vjíždět na kruhový objezd; vozidlům jedoucím po kruhovém objezdu musí dát přednost v jízdě.";"Bude řidič vjíždět na dálnici; je povinen použít připojovací pruh a musí dát přednost v jízdě vozidlům jedoucím v průběžném pruhu.";Musí řidič odbočit vlevo, přičemž je povinen dát přednost v jízdě vozidlům jedoucím v obou směrech.;a;obrázek
1050;Znak;vys;6060302;Pokud jako řidič vidíte na vozovce tento symbol, musíte:;Přizpůsobit jízdu tomu, že se blížíte k přechodu pro chodce.;Snížit rychlost jízdy na 20 km/h, protože vjíždíte do pěší zóny.;Zastavit vozidlo, protože za ním začíná stezka pro chodce, na kterou nesmíte vjíždět.;a;obrázek
924;Znak;pri;6060303;Na vyobrazené křižovatce musíte jako řidič vozidla z výhledu:;Dát přednost v jízdě vozidlům přijíždějícím zleva.;Odbočit vpravo.;Dát přednost v jízdě vozidlům v obou směrech.;b;obrázek
891;Znak;inf;6060304;Za touto dopravní značkou smíte jet rychlostí:;Nejvýše 50 km/h, protože vjíždíte do obce.;Nejvýše 20 km/h, protože vjíždíte do obytné zóny.;Nejvýše 60 km/h, protože vjíždíte do obce.;a;obrázek
892;Znak;inf;6060305;Za touto dopravní značkou smíte jet rychlostí:;Nejvýše 50 km/h.;Nejvýše 20 km/h.;Nejvýše 60 km/h.;a;obrázek
1109;Znak;zak;6060306;Za touto dopravní značkou řidič:;Musí dbát zvýšené opatrnosti a dát přednost v jízdě protijedoucímu vozidlu, pokud se s ním nemůže bezpečně vyhnout.;Nemusí měnit způsob jízdy, protože má přednost v jízdě před protijedoucími vozidly.;Protijedoucího vozidla smí do následujícího úseku pozemní komunikace vjet pouze v případě, kdy se jeho a protijedoucí vozidlo mohou bezpečně vyhnout.;a;obrázek
925;Znak;pri;6060307;Řidič vozidla z výhledu:;Smí pokračovat v jízdě pouze ve směru přímo přitom musí dát přednost v jízdě vozidlům přijíždějícím zprava.;Smí pokračovat v jízdě pouze ve směru přímo a přitom má přednost v jízdě, protože přijíždí po hlavní pozemní komunikaci.;Smí pokračovat v jízdě pouze ve směru přímo přitom nemusí dát přednost v jízdě vozidlům přijíždějícím zprava.;a;obrázek
966;Znak;upr;6060313;Nejbližší dopravní značka:;"Platí pro všechny následující křižovatky v přímém směru, pokud její platnost není ukončena dopravní značkou ""Konec hlavní pozemní komunikace"".";Platí jen pro nejbližší křižovatku.;Platí pro všechny křižovatky na území obce, které je označeno příslušnou dopravní značkou.;b;obrázek
967;Znak;upr;6060314;Řidič vozidla z výhledu na nejbližší křižovatce za první dopravní značkou:;Nemusí výrazně měnit způsob jízdy, protože je na hlavní pozemní komunikaci.;Musí přizpůsobit jízdu tomu, že řidič v protisměru má přednost v jízdě.;Musí přizpůsobit jízdu tomu, že bude dávat přednost v jízdě vozidlům, která mohou přijíždět zprava.;a;obrázek
968;Znak;upr;6060315;Pokud přijíždíte na tuto křižovatku, musíte dát přednost:;Všem vozidlům, jezdcům na zvířatech, organizované skupině chodců a průvodcům hnaných zvířat se zvířaty přibližujícím se ke křižovatce po hlavní pozemní komunikaci.;Všem vozidlům, jezdcům na zvířatech a organizované skupině chodců přibližujícím se ke křižovatce po hlavní pozemní komunikaci. Průvodci hnaných zvířat se zvířaty musí dát přednost vám.;Všem vozidlům a jezdcům na zvířatech přibližujícím se ke křižovatce po hlavní pozemní komunikaci. Organizovaná skupina chodců a průvodci hnaných zvířat se zvířaty musí dát přednost vám.;a;obrázek
969;Znak;upr;6060316;Mám, jako řidič automobilu z výhledu, za povinnost dát vozidlu přijíždějícímu zprava přednost v jízdě?;Ano.;Ne.;;b;obrázek
938;Znak;sem;6060317;Za nejbližší dopravní značkou v daném případě:;Musíte dát přednost v jízdě vozidlům jedoucím po hlavní pozemní komunikaci. Tato značka je nadřazena světelným signálům.;Se musíte řídit světelnými signály, které jsou této dopravní značce nadřazeny.;Musíte dát přednost v jízdě pouze vozidlům hromadné dopravy osob.;b;obrázek
340;Prav;mhd;6060318;Řidič smí oddělený tramvajový pás přejíždět jen příčně. Může přitom omezit v jízdě tramvaj?;Ano.;Ne.;;b;obrázek
1110;Znak;zak;6060319;Jako řidič vozidla z výhledu máte v úmyslu po projetí křižovatkou v přímém směru zastavit 20 m od křižovatky. Smíte tak ve vyobrazené situaci učinit?;Ano, protože dopravní značka zakazuje pouze stání.;Ne, protože dopravní značka zakazuje zastavení.;Ano, ale pouze u levého okraje vozovky.;b;obrázek
939;Znak;sem;6060322;"Světelný signál se současně svítícím červeným a žlutým světlem ""Pozor"", znamená pro řidiče povinnost:";Připravit se k jízdě.;Zastavit vozidlo.;Pokračovat v jízdě.;a;obrázek
260;Def;vec;6060323;Lze místo, kde se spojují vyobrazené pozemní komunikace, považovat za křižovatku?;Ne. ;Ano.;;a;obrázek
651;Res;kri;6060324;Na křižovatce nevyplývá přednost v jízdě z dopravních značek. V jakém pořadí projedou řidiči křižovatkou?;Červené vozidlo má přednost v jízdě před modrým.;Modré vozidlo má přednost v jízdě před červeným.;Jako první projede křižovatkou rychleji jedoucí vozidlo.;b;obrázek
971;Znak;upr;6060325;Dopravní značka, kterou vidíte jako nejbližší, znamená:;Hlavní pozemní komunikace.;Konec hlavní pozemní komunikace.;Dej přednost v jízdě!;a;obrázek
444;Prav;pra;6060326;Mimo obec se na pozemní komunikaci o dvou nebo více jízdních pruzích vyznačených na vozovce v jednom směru jízdy jezdí:;"V pravém jízdním pruhu; v ostatních jízdních pruzích mohou jet pouze vozidla, jejichž celková hmotnost nepřevyšuje 3 500 kg.";"V pravém jízdním pruhu; v ostatních jízdních pruzích se smí jet, jestliže je to nutné k objíždění, předjíždění, otáčení nebo odbočování.";"V kterémkoli jízdním pruhu; je-li to však nutné, musí být pro rychleji jedoucí vozidla uvolněn levý krajní jízdní pruh.";b;obrázek
241;Def;uca;6060327;Je cyklista řidičem se všemi právy a povinnostmi účastníka provozu na pozemních komunikacích?;Ano.;Ne.;;a;obrázek
532;Prav;sme;6060328;Na pozemní komunikaci s jednosměrným provozem smí řidič couvat:;Pouze tehdy, jestliže je to nezbytně nutné, například k vyjetí z řady stojících vozidel.;Pouze, užije-li při couvání zvukové výstražné znamení.;Kdykoli, vždy však jen s pomocí způsobilé a náležitě poučené osoby.;a;obrázek
694;Souv;mir;6060329;Přípojné vozidlo, které jede v prostředním jízdním pruhu, má nejvyšší povolenou rychlost 75 km/h. Může toto vozidlo jet po dálnici?;Ano.;Ne.;;b;obrázek
652;Res;neb;6060337;Smíte jako řidič vozidla z výhledu v dané situaci vjet na tento železniční přejezd?;Ano.;Ne.;;b;obrázek
263;Def;vec;6060393;Jízdní pruh, do kterého hodlá přejet řidič vozidla z výhledu, se nazývá:;Připojovací pruh.;Odbočovací pruh.;Průběžný pruh.;b;obrázek
1051;Znak;vys;6060399;V situaci na obrázku musí řidič při řízení zohlednit, že:;Je dopravní značkou předem upozorňován na přechod pro chodce, který bude následovat ve vzdálenosti 150 m.;Je dopravní značkou upozorňován na úsek o délce 150 m, kde lze očekávat zvýšený pohyb chodců.;Je dopravní značkou předem upozorňován na práci na silnici, která je vykonávána ve vzdálenosti 150 m.;a;obrázek
940;Znak;sem;6060404;Jako řidič auta z výhledu v dané situaci:;Musíte zejména sledovat světelnou signalizaci a chování odbočujících řidičů v protisměru, i když Vám musejí dát přednost v jízdě.;Musíte sledovat světelnou signalizaci a chování odbočujících řidičů v protisměru, jimž musíte dát přednost v jízdě.;Musíte na příkaz dopravní značky odbočit vpravo.;a;obrázek
1112;Znak;zak;6060405;Za touto dopravní značkou:;"Může řidič zastavit na dobu nezbytně nutnou k neprodlenému nastoupení nebo vystoupení přepravovaných osob anebo k neprodlenému naložení nebo složení nákladu; stát tam však nesmí.";Nesmí řidič ani zastavit na dobu nezbytně nutnou k neprodlenému nastoupení nebo vystoupení přepravovaných osob anebo k neprodlenému naložení nebo složení nákladu.;Nesmí řidič zastavit, stát ani zastavit vozidlo.;a;obrázek
1113;Znak;zak;6060406;Za touto dopravní značkou:;Je řidiči zakázáno jet rychlostí více než 30 km/h.;Je řidiči přikázáno jet rychlostí nejméně 30 km/h, pokud s ohledem na provozní podmínky lze této rychlosti dosáhnout.;Je řidiči doporučeno řidiči jet rychlostí nejvýše 30 km/h.;a;obrázek
141;Bez;sil;6060407;Ve vyobrazené situaci:;Musí řidič přizpůsobit jízdu s předpokladem, že za horizontem bude snižovat rychlost jízdy nebo zastavovat před přechodem pro chodce.;Musí řidič snížit rychlost jízdy, neboť je upozorněn dopravní značkou na úsek pozemní komunikace, kde místní podmínky činí klesání nebezpečným.;Musí řidič snížit rychlost jízdy z důvodu umělé nerovnosti na vozovce, jejímž účelem je zejména snížení rychlosti jedoucích vozidel.;a;obrázek
625;Res;kri;6060408;Řidič vozidla z výhledu:;Může pokračovat v jízdě křižovatkou, dává znamení o změně směru včas a v dostatečné míře a je na hlavní pozemní komunikaci.;"Může pokračovat v jízdě křižovatkou; je v dostatečné vzdálenosti od křižovatky a na světelném signalizačním zařízení již svítí signál ""Připravit k jízdě"".";Nesmí pokračovat v jízdě křižovatkou. Má za povinnost zastavit vozidlo před příčnou čárou souvislou.;c;obrázek
953;Znak;slo;6060410;Tímto směrovým sloupkem může být:;Vymezeno místo, kde účelová pozemní komunikace (např. polní cesta) vyúsťuje na jinou pozemní komunikaci.;Označeno místo častých dopravních nehod.;Zvýrazněna či nahrazena vodorovná dopravní značka podélná čára souvislá.;a;obrázek
954;Znak;slo;6060411;Tento směrový sloupek:;Upozorňuje řidiče na nezpevněnou krajnici.;Vymezuje vyústění účelové pozemní komunikace na jinou pozemní komunikaci.;Označuje kluzký úsek pozemní komunikace, kde hrozí smyk vozidla.;b;obrázek
676;Res;neb;6060413;Řidič vozidla z výhledu:;Musí dát přednost v jízdě červenému vozidlu, protože toto vozidlo přijíždí zprava.;Nemusí dát přednost v jízdě červenému vozidlu jedoucímu zprava, protože toto vozidlo se pohybuje v přípojovacím pruhu.;Musí snížením rychlosti jízdy umožnit plynulou jízdu červenému vozidlu jedoucímu zprava.;b;obrázek
41;Bez;pre;6060414;Blížíte se k místu, kde si děti hrají na chodníku. Jak se musíte zachovat?;Podle okolností zpomalit jízdu a být připraven brzdit.;Pokračovat v jízdě stejnou rychlostí, abych neomezil vozidla za sebou.;Dát výstražné zvukové znamení a pokračovat v jízdě.;a;obrázek
1114;Znak;zak;6060415;Lze za nejbližší dopravní značkou zastavit za účelem neprodleného vystoupení přepravovaných osob?;Ano.;Ne.;;a;obrázek
1115;Znak;zak;6060416;Lze před nejbližší dopravní značkou zastavit za účelem neprodleného vyložení nákladu?;Ano.;Ne.;;b;obrázek
918;Znak;pok;6060418;Při tomto pokynu policisty je řidič:;"Povinen zastavit vozidlo, ať přijíždí z kteréhokoliv směru jízdy; odbočit vlevo je povolené.";Povinen připravit se k jízdě, pokud jede ze směru, pro který byl provoz předtím zastaven.;Oprávněn pokračovat v jízdě jen přímým směrem, bez možnosti odbočení.;b;obrázek
926;Znak;pri;6060419;Za první skupinou dopravních značek:;Musí řidič vozidla z výhledu na nejbližší křižovatce odbočit vpravo nebo vlevo.;Může řidič vozidla z výhledu pokračovat v jízdě v přímém směru, neohrozí-li řidiče jedoucího na křižovatce zleva.;Bude řidič vozidla z výhledu vjíždět na kruhový objezd.;a;obrázek
972;Znak;upr;6060420;Řidič vozidla z výhledu na vyobrazené křižovatce:;Musí dát přednost všem vozidlům přijíždějícím zprava i zleva.;Má přednost v jízdě před všemi vozidly, přesto ale musí přibrzdit před hranicí křižovatky a přesvědčit se, zda může křižovatkou bezpečně projet.;Musí dát přednost všem vozidlům přijíždějícím zprava.;c;obrázek
941;Znak;sem;6060465;"Na signál se zeleným plným kruhovým světlem ""Volno"":";Nesmíte odbočit vpravo, neboť uvedený signál platí pouze pro jízdu v přímém směru a odbočení neumožňuje.;Smíte odbočit vpravo, přičemž musíte dát přednost chodcům přecházejícím ve volném směru po přechodu pro chodce.;Smíte odbočit vpravo, přičemž chodci přecházející ve volném směru po přechodu pro chodce Vám musí dát přednost.;b;obrázek
1116;Znak;zak;6060472;Zákaz vjezdu podle vyobrazené dopravní značky platí pro:;Vozidla nebo soupravy vozidel, jejichž okamžitá délka včetně nákladu přesahuje vyznačenou mez.;Nákladní vozidla a jejich jízdní soupravy.;Dodávkové a nákladní automobily a jejich jízdní soupravy o nejvyšší povolené hmotnosti nepřevyšující 7000 kg.;a;obrázek
1117;Znak;zak;6060474;Tato značka zakazuje vjezd:;Všech vozidel, jejichž okamžitá hmotnost připadající na nápravu přesahuje údaj uvedený na značce.;Všech vozidel, jejichž okamžitá hmotnost připadající na nápravu nedosahuje údaj uvedený na značce.;Všech přípojných jednonápravových vozidel.;a;obrázek
1052;Znak;vys;6060475;Tato značka označuje:;Místo dopravní nehody.;Místo nebezpečí pádu vozidla z nezpevněné krajnice.;Úsek častých dopravních nehod.;a;obrázek
1118;Znak;zak;6060476;Vyobrazená dopravní značka:;Zakazuje vjezd ručních vozíků o okamžité šířce větší než 600 mm.;Zakazuje vjezd potahových vozidel.;Upozorňuje na práci na pozemní komunikaci kde jsou používány ruční pracovní stroje.;a;obrázek
942;Znak;sem;6060502;Jste řidičem vozidla z výhledu. Ve vyobrazené dopravní situaci:;Smíte odbočit vlevo, aniž byste někomu musel(a) dávat přednost.;"Nesmíte odbočit vlevo, neboť zelený plný kruhový světelný signál ""Volno"" umožňuje projet křižovatku pouze v přímém směru.";Smíte odbočit vlevo, ale musíte dát přednost chodcům přecházejícím ve volném směru po přechodu pro chodce.;c;obrázek
626;Res;kri;6060505;Jste řidičem vozidla z výhledu. Na vyobrazené křižovatce:;Musíte dát přednost v jízdě oběma přijíždějícím vozidlům. Jako první projede křižovatkou protijedoucí červený automobil.;Musíte dát přednost v jízdě protijedoucímu červenému vozidlu. Následně projedete před zeleným nákladním automobilem, který Vám musí dát přenost v jízdě.;Projedete křižovatkou současně s protijedoucím červeným vozidlem, před zeleným nákladním automobilem, který Vám musí dát přednost v jízdě.;a;obrázek
945;Znak;sem;8080008;Světelný ukazatel nad pozemní komunikací ukazuje:;Nejvyšší dovolenou rychlost jízdy pro daný jízdní pruh.;Nejvyšší okamžitou rychlost jízdy v daném jízdním pruhu.;Doporučenou rychlost jízdy pro daný jízdní pruh.;a;obrázek
534;Prav;sme;8080010;Na této frekventované pozemní komunikaci jste se zařadili do levého odbočovacího pruhu. Na křižovatce jste zjistili, že jste měli jet vpravo. Jak se zachováte?;Odbočíte vlevo a budete počítat se zajížďkou.;Zastavíte a pokusíte se couváním zařadit do správného odbočovacího pruhu.;Zvukovým výstražným znamením upozorníte ostatní řidiče, že odbočujete vpravo.;a;obrázek
535;Prav;sme;8080014;Může řidič vozidla z výhledu odbočit vpravo, aniž by porušil pravidla bezpečného provozu?;Ne, před křižovatkou se zařadil do jízdního pruhu, odkud nesmí odbočit směrem vpravo i když dává znamení o změně směru jízdy.;Ne, situace před vozidlem mu to nedovoluje kvůli odbočujícím vozidlům v protisměru.;"Ano, na světelném signalizačním zařízením je dán pokyn ""Volno"". Řidič může pokračovat v započatém jízdním úkonu.";a;obrázek
627;Res;kri;8080016;Můžete jako řidič vozidla z výhledu vjet do křižovatky?;Ne, řidiči ostatních vozidel musí umožnit jízdu vozidel s právem přednostní jízdy.;Ano, i řidič vozidla s právem přednostní jízdy je povinnen dát přednost vozidlům přijíždějícím zprava.;Ano, řidič vozidla, i když má za jízdy rozsvícené zvláštní výstražné světlo modré barvy, má povinnosti jako ostatní účastníci provozu na pozemních komunikacích.;a;obrázek
653;Res;neb;8080018;Jak se zachováte v této situaci?;"Situace je dostatečně přehledná a tak pojedu dál, i když svítí na světelném signalizačním zařízení signál ""Stůj"".";"Zastavím v takové vzdálenosti od signalizačního zařízení, abych umožnil průjezd případným protijedoucím vozidlům. Počkám na signál ""Volno"".";"Úsek projedu zvýšenou rychlostí. Žádné vozidlo v protisměru nejede. Nebudu čekat na signál ""Volno"".";b;obrázek
455;Prav;pra;8080020;Řidiči motorových vozidel mohou vjet do vyznačeného středního pruhu pozemní komunikace:;Kdykoliv, pokud tramvaj neomezí v jízdě nebo jej užít k předjíždění tramvaje, která stojí v zastávce.;Při předjíždění pomaleji jedoucích motorových vozidel, ale musí dávat včas znamení o změně směru jízdy.;Pouze tehdy, pokud je to nutné k objíždění, odbočování nebo vjíždění na pozemní komunikaci.;c;obrázek
587;Prav;sta;8080030;Na tomto místě může zastavit a stát:;Jen vozidlo, které přepravuje osobu těžce postiženou nebo těžce pohybově postiženou, které je označeno speciálním označením a příslušnou registrační značkou.;Vozidlo rodinných příslušníků osoby těžce postižené, které ale není označeno speciálním označením.;Pokud je parkovací místo volné, může zde zastavit a stát i jiné vozidlo s označením O1.;a;obrázek
946;Znak;sem;8080036;Světelný ukazatel nad pozemní komunikací ukazuje:;Nejvyšší dovolenou rychlost jízdy v daném úseku.;Nejnižší dovolenou rychlost jízdy v daném úseku.;Okamžitou rychlost jízdy vozidel, která projíždějí daným úsekem.;a;obrázek
927;Znak;pri;8100094;Která z vyobrazených dopravních značek neumožňuje řidiči, pokud to ostatní okolnosti provozu na pozemních komunikacích dovolují, jet rychlostí 25 km/h :;a);b);c);a;obrázek
1053;Znak;vys;8120015;Tato dopravní značka upozorňuje na:;Křižovatku, na které není přednost v jízdě upravena svislými dopravními značkami.;Křižovatku, na které je přednost v jízdě dále upravena svislými dopravními značkami.;Blízkost železničního přejezdu, který není opatřen železničním zabezpečovacím zařízením.;a;obrázek
973;Znak;upr;8120016;Řidič vozidla z výhledu:;Má přednost v jízdě před protijedoucími vozidly.;Nemá přednost v jízdě před protijedoucími vozidly.;Musí dodržovat označený směr jízdy.;a;obrázek
974;Znak;upr;8120017;Řidič vozidla z výhledu:;Musí dát přednost v jízdě vozidlu jedoucímu po kruhovém objezdu a jet ve směru šipek zobrazených na příkazové značce.;Má přednost v jízdě před vozidlem jedoucím po kruhovém objezdu pokud dává znamení o změně směru jízdy.;Musí vždy na hranici křižovatky zastavit vozidlo a dát přednost v jízdě vozidlu jedoucímu po kruhovém objezdu.;a;obrázek
919;Znak;pok;10040019;V dané situaci, mohou účastníci silničního provozu odbočovat?;pouze vpravo, dodrží-li ustanovení o odbočování.;pouze vlevo, dodrží-li ustanovení o odbočování.;vpravo i vlevo, dodrží-li ustanovení o odbočování.;c;obrázek
920;Znak;pok;10040020;Tento pokyn policisty znamená:;Stůj!;Volno;Pozor!;c;obrázek
975;Znak;upr;10040037;Na obrázku není znázorněna dopravní značka:;Přechod pro chodce.;Hlavní pozemní komunikace.;Dej přednost v jízdě, s dodatkovou tabulkou.;b;obrázek
628;Res;kri;10110001;Řidič vozidla z výhledu;projede křižovatkou jako poslední.;projede křižovatkou jako první.;dává přednost v jízdě oběma tramvajím.;b;obrázek
629;Res;kri;10110002;Řidič vozidla z výhledu;dává přednost v jízdě tramvaji č. 2.;dává přednost v jízdě oběma tramvajím.;projede křižovatkou jako první.;c;obrázek
630;Res;kri;10110003;Tramvaje č.1 a 2 projedou křižovatkou:;Obě současně jako první, spolu se zeleným nákladním automobilem.;Obě současně spolu se zeleným nákladním automobilem, po projetí vozidla z výhledu.;Obě současně jako druhé, po projetí zeleného nákladního automobilu.;b;obrázek
631;Res;kri;10110009;Řidič vozidla z výhledu;dává přednost v jízdě oběma tramvajím.;dává přednost v jízdě zelenému vozidlu.;projede křižovatkou jako první.;c;obrázek
632;Res;kri;10110010;Řidič vozidla z výhledu;projede křižovatkou jako první.;dává přednost v jízdě tramvaji č. 1.;projede křižovatkou jako poslední.;a;obrázek
633;Res;kri;10110011;Řidič vozidla z výhledu;dává přednost v jízdě tramvaji č. 2.;projede křižovatkou jako první.;dává přednost v jízdě tramvaji č. 1 a zelenému vozidlu.;b;obrázek
634;Res;kri;10110016;Jako první projede křižovatkou:;Vozidlo z výhledu.;Tramvaj č. 1 a 2.;Vozidlo z výhledu současně se zeleným vozidlem.;a;obrázek
635;Res;kri;10110027;Jako poslední projede křižovatkou;vozidlo z výhledu.;modré nákladní vozidlo.;žluté vozidlo.;c;obrázek
636;Res;kri;10110028;Vozidlo z výhledu projede křižovatkou:;jako druhé.;jako první.;jako poslední.;a;obrázek
637;Res;kri;10110043;Řidič vozidla z výhledu;projede křižovatkou jako první.;projede křižovatkou jako druhý.;projede křižovatkou současně se zeleným vozidlem.;b;obrázek
638;Res;kri;10110044;Řidič vozidla z výhledu;přijíždí do křižovatky po hlavní pozemní komunikaci.;přijíždí do křižovatky, kde není přednost v jízdě upravena svislými dopravními značkami.;přijíždí do křižovatky po vedlejší pozemní komunikaci.;b;obrázek
639;Res;kri;10110045;Na této křižovatce;je přednost v jízdě upravena svislými dopravními značkami.;není přednost v jízdě upravena svislými dopravními značkami.;má přednost v jízdě vozidlo z výhledu.;b;obrázek
640;Res;kri;11020032;Vozidlo z výhledu projede křižovatkou jako:;první.;druhé.;druhé, protože protijedoucí vozidlo odbočuje z hlavní pozemní komunikace na vedlejší a má přednost v jízdě.;a;obrázek
1054;Znak;vys;11040007;Tato značka upozorňuje:;Na změnu dopravního okruhu zřízeného pro objíždění obce nebo její části.;Na směr k výjezdu z kruhového parkoviště.;Na křižovatku s kruhovým objezdem.;c;obrázek
976;Znak;upr;15120002;Tato dopravní značka:;"Platí pro všechny následující křižovatky v přímém směru, pokud její platnost není ukončena dopravní značkou ""Hlavní pozemní komunikace"".";Platí jen pro nejbližší křižovatku.;Platí pro všechny křižovatky na území obce, které jsou označeny touto dopravní značkou.;b;obrázek
677;Res;neb;15120003;Na jakou situaci musím být připraven jako řidič červeného vozidla?;Projíždím úsekem, kde mohu předpokládat větší pohyb chodců, zejména je-li v blízkosti přijíždějící nebo odjíždějící tramvaj.;Projíždím úsekem, kde je dovolené parkování na chodníku a kde mohu předpokládat vjetí parkujícího vozidla do mé jízdní dráhy.;Projíždím úsekem, ve kterém se tramvaje pohybují zvýšenou rychlostí.;a;obrázek
1055;Znak;vys;15120004;Tato výstražná dopravní značka:;Upozorňuje na dvě nebo více po sobě následujících zatáček (směrových oblouků), z nichž první je vpravo, a jejichž bezpečné projetí vyžaduje výrazné snížení rychlosti jízdy.;Upozorňuje na zatáčku (směrový oblouk) vlevo, jehož bezpečné projetí vyžaduje výrazné snížení rychlosti jízdy.;Upozorňuje na zatáčku (směrový oblouk) vpravo, jehož bezpečné projetí vyžaduje výrazné snížení rychlosti jízdy.;c;obrázek
1056;Znak;vys;16010003;S čím musíte počítat v místě označeném touto dopravní značkou?;S cyklisty, kteří vjíždějí na vozovku nebo ji přejíždějí, anebo na úsek, kde se cyklisté často vyskytují.;S cyklistickými trasami v místě jejich vzájemného křížení.;S cyklisty čekajícími na světelný signál „Volno“.;a;obrázek
1057;Znak;vys;16010004;Co vám říká tato dopravní značka?;Upozorňuje na zatáčku (směrový oblouk) vpravo, jehož bezpečné projetí vyžaduje výrazné snížení rychlosti jízdy.;Přikazuje jízdu ve směru vpravo bezprostředně před značkou.;Označuje zejména nebezpečnou zatáčku, v níž musí řidič výrazně snížit rychlost jízdy, a usměrňuje provoz.;a;obrázek
1058;Znak;vys;16010005;Co vám říká tato dopravní značka?;Upozorňuje na zatáčku (směrový oblouk) vlevo, jehož bezpečné projetí vyžaduje výrazné snížení rychlosti jízdy.;Přikazuje jízdu ve směru vlevo bezprostředně před značkou.;Upozorňuje na zatáčku (směrový oblouk) vpravo, jehož bezpečné projetí vyžaduje výrazné snížení rychlosti jízdy.;a;obrázek
977;Znak;upr;16010007;Která z vyobrazených dopravních značek neupravuje přednost.;a);b);c);c;obrázek
978;Znak;upr;16010008;Která z vyobrazených dopravních značek neupravuje přednost.;a);b);c);c;obrázek
979;Znak;upr;16010009;Která z vyobrazených dopravních značek neupravuje přednost.;a);b);c);b;obrázek
1059;Znak;vys;16010010;Která značka nepatří do skupiny značek výstražných?;a);b);c);b;obrázek
980;Znak;upr;16010011;"Jestliže je vyobrazená dopravní značka umístěna na pozemní komunikaci u křižovatky a není doplněna vodorovnou příčnou čárou souvislou s nápisem ""STOP"":";Má řidič povinnost zastavit vozidlo před touto dopravní značkou a dát přednost v jízdě.;Má řidič povinnost zastavit vozidlo na takovém místě, odkud má do křižovatky náležitý rozhled, a dát přednost v jízdě.;Má řidič povinnost zastavit vozidlo na hranici křižovatky a dát přednost v jízdě.;b;obrázek
1119;Znak;upr;16010014;Tato dopravní značka upravuje:;Přednost před protijedoucími nákladními vozidly v případě, kdy se protijedoucí vozidla nemohou bezpečně vyhnout.;Přednost pro vozidla jedoucí ze směru označeného černou šipkou.;Přednost pro vozidla jedoucí ze směru označeného červenou šipkou.;b;obrázek
955;Znak;slo;21100003;Které směrové sloupky označují úsek pozemní komunikace, kde hrozí zvýšené nebezpečí námrazy:;modré;bílé;červené;a;obrázek
895;Znak;inf;21100006;Tato dopravní značka označuje:;parkoviště na kruhovém objezdu.;placené parkoviště s parkovacím automatem na mince.;parkoviště, na kterém řidič musí ve vozidle viditelně umístit kotouč nastavením začátku stání.;c;obrázek
896;Znak;inf;21100007;Toto označení:;informuje účastníky provozu o řízení vozidla méně zkušeným řidičem.;upozorňuje na povinnost označit vozidlo výstražným trojúhelníkem.;označuje prostor určený pro odkládání zavazadel ve vozidle hromadné dopravy.;a;obrázek
1120;Znak;zak;21100008;Do oblasti za těmito dopravními značkami:;je možné vjet za účelem parkování vozidla.;je možné vjet za účelem zkrácení si cesty.;je zakázáno vjet.;a;obrázek
545;Prav;sme;21100009;Řidič vozidla z výhledu při objíždění označené překážky v provozu:;nesmí omezit cyklistu jedoucího ve vyhrazeném jízdním pruhu.;může omezit cyklistu jedoucího ve vyhrazeném jízdním pruhu.;;a;obrázek
947;Znak;sem;21100010;Na uvedené křižovatce řidič vozidla z výhledu:;Smí odbočit vpravo, přitom musí dát přednost v jízdě vozidlům a jezdcům na zvířatech jedoucím ve volném směru a útvarům chodců jdoucím ve volném směru.;Je doplňkovou zelenou šipkou informován o přednosti v jízdě vozidel přijíždějících zprava.;Nemusí se při odbočení vpravo řídit světelnými signály, neboť těmto je nadřazena přenosná svislá dopravní značka „Práce na silnici“, která informuje o poruše světelných signálů.;a;obrázek
19;Bez;ost;21100011;Řidič vozidla z výhledu hodlá na nejbližší křižovatce odbočit vpravo. Za této situace:;Řidič nesmí ohrozit cyklistu přejíždějícího pozemní komunikaci na přejezdu pro cyklisty;Řidič nesmí omezit cyklistu přejíždějícího pozemní komunikaci na přejezdu pro cyklisty;;a;obrázek
755;Souv;pru;21100012;Smí řidič motorového vozidla, který není držitelem platného parkovacího oprávnění pro danou oblast, zaparkovat za touto dopravní značkou v sobotu v poledne?;Ano, bezplatně.;Ano, pokud uhradí parkovné.;Ne.;a;obrázek
641;Res;kri;21100013;Řidič vozidla z výhledu se chystá odbočit vlevo. Musí dát přednost v jízdě tramvaji?;Ne.;Ano.;;a;obrázek
700;Souv;mir;21100014;Technickou silniční kontrolou se mimo jiné rozumí kontrola technického stavu vozidla. Řidič motorového vozidla je povinen:;Na výzvu policisty podrobit vozidlo technické silniční kontrole, pouze pokud uplynula doba 1 roku od řádné technické prohlídky vozidla.;Na výzvu policisty podrobit vozidlo technické silniční kontrole.;Na výzvu policisty podrobit vozidlo technické silniční kontrole v případě, kdy vozidlo vykazuje nebezpečnou závadu.;b;obrázek
1121;Znak;upr;21100015;Tato dopravní značka:;Přikazuje řidiči dát přednost v jízdě protijedoucím vozidlům.;Informuje řidiče o přednosti v jízdě před protijedoucími vozidly.;Zakazuje vjezd více jak dvou vozidel v jednom směru jízdy.;a;obrázek
981;Znak;upr;21100016;Řidič vozidla z výhledu odbočující na křižovatce vlevo:;Musí dát přednost v jízdě vozidlům přijíždějícím zprava, přitom nemá povinnost přizpůsobit rychlost jízdy okolnostem, které je možné předvídat.;Musí dát přednost v jízdě vozidlům přijíždějícím zprava a přizpůsobit rychlost jízdy okolnostem, které je možné předvídat, zejména možnosti smyku na zasněžené vozovce a případné tvorbě náledí na mostu.;Má přednost v jízdě před ostatními vozidly, přitom musí přizpůsobit rychlost jízdy okolnostem, které je možné předvídat, zejména možnosti smyku na zasněžené vozovce a případné tvorbě náledí na mostu.;b;obrázek
982;Znak;upr;21100017;Řidič vozidla z výhledu odbočující na křižovatce vlevo:;Má přednost v jízdě před ostatními vozidly, přitom není povinen dát znamení o změně směru jízdy vlevo, protože projíždí křižovatkou po hlavní pozemní komunikaci, přitom musí přizpůsobit rychlost jízdy okolnostem, které je možné předvídat, zejména riziku smyku na zasněžené vozovce.;Má přednost v jízdě před ostatními vozidly, přitom musí přizpůsobit rychlost jízdy okolnostem, které je možné předvídat, zejména riziku smyku na zasněžené vozovce. Přitom dává znamení o změně směru jízdy vlevo.;Musí dát přednost v jízdě protijedoucím vozidlům, přitom musí přizpůsobit rychlost jízdy okolnostem, které je možné předvídat, zejména riziku smyku na zasněžené vozovce.;b;obrázek
897;Znak;inf;21100018;Jakou rychlostí můžete jet v obci jako řidič osobního automobilu z výhledu na vyobrazené situaci za nejbližší informativní značkou zónovou;80 km/h;110 km/h;50 km/h;a;obrázek
991;Znak;vod;21100019;Co znázorňuje vodorovná dopravní značka na obrázku?;Pruh nebo stezku pro cyklisty.;Přejezd pro cyklisty.;Prostor určený pro cyklisty čekající na světelný signál „Volno“.;c;obrázek
458;Prav;pra;21100020;Ve zřízeném prostoru pro cyklisty na křižovatce se světelnými signály se mohou řadit pouze:;motocyklisté a cyklisté.;cyklisté.;potahová vozidla a cyklisté.;b;obrázek
992;Znak;vod;21100021;Co znázorňuje vodorovná dopravní značka na obrázku?;Piktogramový koridor pro cyklisty.;Jízdní pruh pro cyklisty.;Prostor pro cyklisty.;b;obrázek
993;Znak;vod;21100022;V úseku pozemní komunikace, který následuje za touto svislou dopravní značkou, jako řidič motorového vozidla;smíte zastavit a stát ve vyhrazeném jízdním pruhu pro cyklisty.;nesmíte zastavit a stát ve vyhrazeném jízdním pruhu pro cyklisty.;smíte ve vyhrazeném jízdním pruhu pro cyklisty zastavit na dobu nezbytně nutnou k neprodlenému nastoupení nebo vystoupení přepravovaných osob, anebo k neprodlenému naložení nebo složení nákladu.;b;obrázek
948;Znak;sem;21100023;Řidič osobního vozidla odbočujícího ve vyobrazené situaci vlevo:;musí dát přednost v jízdě pouze protijedoucí tramvaji.;má přednost v jízdě před tramvajemi v obou směrech.;musí dát přednost v jízdě tramvajím v obou směrech.;c;obrázek
949;Znak;sem;21100024;Řidič vozidla z výhledu v této dopravní situaci:;může projet křižovatkou.;musí zastavit vozidlo v místě, odkud má náležitý rozhled do křižovatky.;musí zastavit vozidlo před příčnou čárou souvislou.;a;obrázek
546;Prav;sme;21100025;Řidič vozidla z výhledu hodlá pokračovat v jízdě po hlavní pozemní komunikaci. Přitom:;musí dát znamení o změně směru jízdy vlevo.;musí dát znamení o změně směru jízdy vpravo.;nemusí dát znamení o změně směru jízdy.;a;obrázek
928;Znak;pri;21100026;Na vyobrazeném místě musí řidič:;odbočit vlevo, přičemž musí dát přednost vozidlům přijíždějícím zprava.;odbočit vlevo, přičemž má přednost před vozidly přijíždějícími zprava.;odbočit vpravo, přičemž má přednost před vozidly přijíždějícími zleva.;a;obrázek
678;Res;neb;21100027;Ve vyobrazené situaci řidič vozidla z výhledu vpravo:;smí zastavit.;nesmí zastavit a stát.;smí stát.;b;obrázek
20;Bez;ost;21100028;Řidič vozidla z výhledu je povinen v této situaci;sledovat pouze přechod pro chodce, vozidla přijíždějící zprava musí dát přednost jemu.;sledovat přechod pro chodce a vozidla přijíždějící zprava, kterým musí dát přednost.;odbočit vpravo.;b;obrázek
47;Bez;pre;21100029;Smí řidič z výhledu zastavit vozidlo na přechodu pro chodce, aby měl náležitý výhled do křižovatky?;ano;ne;;a;obrázek
642;Res;kri;21100030;Řidič vozidla z výhledu hodlá odbočit vlevo. V jakém pořadí projedou vozidla touto křižovatkou?;vozidlo z výhledu, tramvaj.;tramvaj, vozidlo z výhledu.;obě vozidla mohou projet současně.;b;obrázek
898;Znak;inf;21100031;Za vyobrazenou dopravní značkou se můžete jako řidič motorového vozidla setkat;s cyklisty v protisměru, kteří vedou kolo.;s jízdou cyklistů v protisměru, které nesmíte ohrozit.;s jízdou cyklistů v protisměru, kterým musíte dát přednost.;b;obrázek
994;Znak;vod;21100032;S čím jako řidič motorového vozidla musíte počítat v místech označených touto vodorovnou dopravní značkou?;"S blížícím se prostorem určeným pro cyklisty čekající na světelný signál ""volno"".";S blížícím se přejezdem pro cyklisty.;Se zvýšeným provozem cyklistů.;c;obrázek
899;Znak;inf;21100033;Co znázorňuje tato informativní směrová značka?;Směrová tabulka pro cyklisty informuje o čísle cyklistické trasy.;Dopravní značka označuje cyklostezku.;Směrová tabulka označuje jízdní pruh pro cyklisty a jeho číslo.;a;obrázek
880;Voz;sve;21100034;Do úseku pozemní komunikace za touto dopravní značkou můžete jako řidič motorového vozidla s maximální přípustnou hmotností nepřevyšující 3500 kg, jet jen v případě, že použijete zimní pneumatiky s hloubkou dezénu hlavních dezénových drážek nebo zářezů nejméně;4 mm, a to v období od 1. listopadu do 31. března.;4 mm, a to bez ohledu na datum a aktuální nebo předpokládané povětrnostní podmínky.;2 mm, a to bez ohledu na datum a aktuální nebo předpokládané povětrnostní podmínky.;b;obrázek
881;Voz;sve;21100035;Jakou minimální hloubku hlavních dezénových drážek nebo zářezů u zimních pneumatik musí mít řidič vozidla do 3500 kg celkové hmotnosti za touto dopravní značkou?;4 mm, a to bez ohledu na datum a aktuální nebo předpokládané povětrnostní podmínky.;4 mm, a to v období od 1. listopadu do 31. března.;1,6 mm, a to v období od 1. dubna do 31. října.;a;obrázek
956;Znak;slo;22020004;Vyobrazený směrový sloupek:;označuje okraj pozemní komunikace;vyznačuje vyústění účelové komunikace na jinou pozemní komunikaci;se používá při usměrňování provozu a pro zdůraznění podélné čáry souvislé vodorovného dopravního značení;b;obrázek
1122;Znak;zak;22020005;Řidič osobního automobilu na nejbližší křižovatce:;nesmí odbočit vpravo;může odbočit vpravo;musí odbočit vpravo;b;obrázek
643;Res;kri;22020006;Jak se zachováte jako řidič vozidla z výhledu na následující křižovatce?;Dám přednost v jízdě pouze vozidlům na hlavní pozemní komunikaci;Dám přednost zprava červenému vozidlu.;Mám přednost před červeným vozidlem, protože na vedlejší komunikaci zprava je značka Stůj, dej přednost v jízdě!;b;obrázek
644;Res;kri;22020007;Jak se zachováte na následující křižovatce jako řidič vozidla z výhledu, který odbočuje vlevo?;Dám přednost v jízdě vozidlům na hlavní pozemní komunikaci a poté odbočím vlevo před protijedoucím modrým vozidlem.;Křižovatkou projedu jako poslední.;Dám přednost v jízdě vozidlům na hlavní pozemní komunikaci a modrému protijedoucímu vozidlu.;a;obrázek
1060;Znak;vys;22020008;Tato dopravní značka:;určuje povinnost dát přednost v jízdě vozidlům na hlavní pozemní komunikaci.;přikazuje řidiči dát přednost vozidlům připojujícím se zprava.;neexistuje.;c;obrázek
344;Prav;mhd;22020010;Řidič vozidla z výhledu:;porušuje předpisy tím, že objíždí autobus po tramvajovém pásu.;"nesmí objíždět autobus; zastaví za ním a vyčká jeho odjezdu ze zastávky.";musí předpokládat nečekané vběhnutí chodce do vozovky v místě zastávky autobusu.;c;obrázek
984;Znak;upr;22020011;Od místa vyobrazených dopravních značek platí že:;řidič může jet rychlostí nejvýše 100 km/h, neboť ve vzdálenosti 1000 m probíhá práce na silnici.;řidič může jet rychlostí nejvýše 110 km/h, až do místa, kde probíhá práce na silnici.;;a;obrázek
950;Znak;sem;22020012;Signál žlutého světla ve tvaru chodce pro řidiče vozidla z výhledu znamená, že:;pokud pokračuje v přímém směru musí umožnit vyobrazenému chodci přejít přes přechod pro chodce.;může nerušeně a bezpečně odbočit, neboť chodci na uvedený signál nesmí vstupovat do vozovky.;při odbočení vpravo křižuje směr chůze přecházejících chodců.;c;obrázek
995;Znak;vod;22020013;"Může řidič vjet do prostoru označeného vodorovnou dopravní značkou ""Žluté zkřížené čáry"", pokud mu dopravní situace za touto plochou neumožňuje pokračovat v jízdě?";Ne.;Ano.;Ano, pokud nebude bránit v jízdě jiným vozidlům.;a;obrázek
1123;Znak;zak;22020014;"Jak může být ukončena platnost svislé dopravní značky B 20a ""Nejvyšší dovolená rychlost""?";Nejbližší křižovatkou.;Vyústěním polní nebo lesní cesty.;Po ujetí délky úseku 80 m.;a;obrázek
900;Znak;inf;22020015;Řidič jedoucí po komunikaci označené touto dopravní značkou mimo obec, může jet rychlostí nejvýše:;90 km/h.;130 km/h.;110 km/h.;c;obrázek
459;Prav;pra;22020016;Řidič jedoucí po dálnici, v úseku který prochází obcí, může jet rychlostí nejvýše:;80 km/h.;50 km/h.;130 km/h.;a;obrázek
901;Znak;inf;22020017;Jakou nejvyšší rychlostí můžete pokračovat po projetí křižovatky v přímém směru:;50 km/h.;30 km/h.;20 km/h.;c;obrázek
345;Prav;mhd;22020018;Na vyobrazené dopravní situaci řidič osobního automobilu jedoucí v přímém směru:;jede současně s tramvají.;má přednost v jízdě před tramvají.;musí dát přednost v jízdě tramvaji.;b;obrázek
346;Prav;mhd;22020019;Smí se řidič vozidla z výhledu otočit do protisměru přes tramvajový pás?;Ano.;Ne.;;a;obrázek
1124;Znak;zak;22020020;Řidič vozidla z výhledu na vyobrazené křižovatce může:;odbočit vpravo.;odbočit vlevo, nebo jet v přímém směru.;odbočit vpravo i vlevo.;b;obrázek
645;Res;kri;22020021;Řidič vozidla z výhledu hodlá odbočit vlevo. V jakém pořadí projedou vozidla touto křižovatkou?;Jako první projede tramvaj, následně vozidlo z výhledu.;Tramvaj i vozidlo z výhledu projedou současně.;Jako první projede vozidlo z výhledu, následně tramvaj.;a;obrázek
646;Res;kri;22020022;Na nejbližší křižovatce řidič osobního vozidla z výhledu:;musí odbočit vlevo.;nesmí odbočit vpravo.;smí odbočit vpravo.;b;obrázek
1125;Znak;zak;22020023;Řidič vozidla z výhledu se:;nesmí otočit do protisměru přes tramvajový pás.;"smí otočit do protisměru přes tramvajový pás; přitom musí dát přednost v jízdě pouze tramvajím jedoucím ve stejném směru.";"smí otočit do protisměru přes tramvajový pás; přitom musí dát přednost v jízdě tramvajím jedoucím v obou směrech a vozidlům jedoucím v protisměru.";a;obrázek
902;Znak;inf;22020024;Vyobrazená dopravní situace upozorňuje řidiče na:;možnost přecházení pouze chodců.;možnost přecházení chodců a přejíždění cyklistů.;možnost přejíždění pouze cyklistů.;b;obrázek
883;Voz;sve;22020026;Řidič vozidla na snímku:;Může toto vozidlo v provozu na pozemních komunikacích použít pouze za nesnížené viditelnosti.;Se dopouští protiprávního jednání, neboť tabulka registrační značky na zadní části vozidla je zakrytá.;;b;obrázek
549;Prav;sme;22020027;Jak se zachovám jako řidič osobního vozidla z výhledu pokud jedu při pravém okraji vozovky:;dám znamení o změně směru jízdy a s bezpečným odstupem objíždím zaparkovaná vozidla.;pokračuji bez změny v jízdě, mezi zaparkované vozidlo a přerušovanou čáru se vejdu, nemusím tedy dávat znamení o změně směru jízdy.;znamení o změně směru jízdy budu dávat pouze v případě, že přejedu přes přerušovanou čáru do protisměru.;a;obrázek
49;Bez;pre;22020028;Osoba na přechodu pro chodce označená holí s bílými a červenými pruhy:;je osobou se zraněním dolní končetiny.;je osobou hluchoslepou.;je osobou nevidomou.;b;obrázek
1061;Znak;vys;22020029;Tato svislá dopravní značka upozorňuje řidiče na:;nebezpečné klesání.;nebezpečné stoupání.;na úsek, kde místní podmínky činí klesání pozemní komunikace nebezpečným.;b;obrázek
1062;Znak;vys;22020030;Tato svislá dopravní značka upozorňuje:;na stezku pro cyklisty.;na dětské dopravní hřiště.;na zvýšený výskyt cyklistů.;c;obrázek
996;Znak;vod;22020031;Může řidič přes tuto vodorovnou dopravní značku odbočit vlevo k najetí na parkoviště u obchodního domu?;ANO;NE;;b;obrázek
997;Znak;vod;22020032;Může řidič přes tuto vodorovnou dopravní značku odbočit vlevo k najetí do garáže u rodinného domu?;ANO;PO;;a;obrázek
985;Znak;upr;22020033;Řidič vozidla z výhledu:;má přednost v jízdě před vozidly jedoucími po kruhovém objezdu.;musí dát přednost v jízdě vozidlům pohybujícím se po kruhovém objezdu.;;a;obrázek
986;Znak;upr;22020034;Řidič červeného vozidla jedoucí po kruhovém objezdu:;musí dát přednost v jízdě vozidlům vjíždějícím na kruhový objezd.;má přednost v jízdě na kruhovém objezdu.;musí zastavit a dát přednost v jízdě vozidlům vjíždějícím na kruhový objezd.;a;obrázek
654;Res;neb;22020035;Řidič vozidla z výhledu:;"nesmí objíždět autobus; zastaví za ním a vyčká jeho odjezdu ze zastávky.";autobus v zastávce objede.;porušuje předpisy tím, že objíždí autobus po tramvajovém pásu.;a;obrázek
50;Bez;pre;22020036;"Může ""osoba starší 10 let jedoucí na koloběžce"" přejíždět přes přechod pro chodce:";NE, platí pro ni pravidla pro jízdu na jízdním kole.;ANO, platí pro ni pravidla pro chodce.;;a;obrázek
550;Prav;sme;22020037;Jak se zachová řidič vozidla z výhledu odbočujícího na pozemní komunikaci vpravo?;Nesmí ohrozit chodce přecházejícího pozemní komunikaci a musí dbát zvýšené opatrnosti vůči osobě s omezenou schopností orientace.;Nemusí na tuto osobu brát zvláštní ohled, protože se nenachází na přechodu pro chodce.;;a;obrázek
1126;Znak;zak;22020038;"Platnost přenosné dopravní značky ""Nejvyšší dovolená rychlost"" umístěná na vozidle, které označuje pohyblivé pracoviště tvořené pomalu se pohybujícím vozidlem nebo skupinou vozidel, končí:";pouze svislou přenosnou dopravní značkou Konec nejvyšší dovolené rychlosti, nebo Konec všech zákazů nebo křižovatkou.;300 m ve směru jízdy za tímto vozidlem nebo za posledním vozidlem skupiny, jedná-li se o skupinu vozidel.;100 m ve směru jízdy za tímto vozidlem nebo za posledním vozidlem skupiny, jedná-li se o skupinu vozidel.;c;obrázek
998;Znak;vod;22050007;Dopravní značka na obrázku pro řidiče znamená:;zákaz značku přejíždět nebo ji nákladem přesahovat, pokud to není nutné k objíždění, odbočování na místo ležící mimo pozemní komunikaci nebo vjíždění na pozemní komunikaci z místa ležícího mimo pozemní komunikaci a předjíždění cyklistů.;zákaz značku přejíždět nebo ji nákladem přesahovat, pokud to není nutné k objíždění, předjíždění cyklistů a traktorů.;možnost se volně pohybovat v obou jízdních pruzích.;a;obrázek
903;Znak;inf;22050009;Řidič vozidla z výhledu, který hodlá jet do centra Prahy:;musí přejet do levého jízdního pruhu, jízdní pruh ve kterém se nachází vede pouze směr letiště.;"může odbočit vlevo i vpravo a najede na městský okruh; z dopravních značek nevyplývá, který směr je určen pro cestu do centra.";může pokračovat v jízdním pruhu, ve kterém se právě nachází.;c;obrázek
460;Prav;pra;22050010;Při zařazování z připojovacího pruhu do průběžného pruhu:;má řidič vozidla z výhledu přednost před vozidly jedoucími v průběžném pruhu.;nesmí řidič vozidla z výhledu ohrozit vozidla jedoucí v průběžném pruhu.;nesmí řidič vozidla z výhledu ohrozit ani omezit vozidla jedoucí v průběžném pruhu.;b;obrázek
1127;Znak;zak;22050011;Vyobrazenou dopravní značkou může být ukončena platnost:;všech dopravních značek.;"dopravní značky ""Zákaz zastavení"".";"dopravní značky ""Nejvyšší dovolená rychlost"".";c;obrázek
1128;Znak;zak;22050012;"Může řidič projet úsekem označeným vyobrazenou dopravní značkou ""Jiný zákaz"",když si chce zkrátit cestu nebo objet komplikovanou dopravní situaci?";Ne.;Ano.;Ano, pokud zná místní situaci.;a;obrázek
1063;Znak;vys;22050013;Tato dopravní značka:;upozorňuje na křižovatku s vyznačením jejího tvaru.;upozorňuje na křižovatku, kde není přednost v jízdě upravena svislými dopravními značkami.;zakazuje zastavení a stání.;b;obrázek
253;Def;uca;22050014;Speciální označení osoby nevidomé je:;Bílá hůl, která musí být opatřena nejméně jedním reflexním bílým pruhem šířky 50 mm.;Hůl s černými a žlutými pruhy o šířce 100 mm, která musí být opatřena nejméně jedním reflexním bílým pruhem šířky 50 mm.;Hůl s bílými a červenými pruhy o šířce 100 mm, která musí být opatřenanejméně jedním reflexním bílým pruhem šířky 50 mm a nejméně souvislá třetina její délky musí mít průměr nejméně 12 mm.;a;obrázek
51;Bez;pre;22050016;Řidič vozidla z výhledu musí ve vyobrazené dopravní situaci:;vždy zastavit vozidlo před přechodem pro chodce.;dát přednost pouze vozidlům přijíždějícím do křižovatky po hlavní pozemní komunikaci.;"dát přednost vozidlům přijíždějícím do křižovatky po hlavní pozemní komunikaci a vozidlům přijíždějícím ""zprava"".";c;obrázek
52;Bez;pre;22050017;Jak se zachová řidič vozidla přijíždějící k přechodu pro chodce, kde osoby zjevně hodlají přecházet pozemní komunikaci?;Nesmí ohrozit nebo omezit chodce a v případě potřeby je řidič povinen i zastavit vozidlo před přechodem pro chodce.;Nemusí snížit rychlost jízdy nebo zastavit vozidlo před přechodem pro chodce.;;a;obrázek
53;Bez;pre;22050018;Chodci ve vyobrazené dopravní situaci:;musí použít místo pro přecházení pokud jsou od něj vzdáleni do 50 m.;nemusí použít místo pro přecházení pokud jsou od něj vzdáleni do 50 m.;;a;obrázek
647;Res;kri;22050020;Řidič vozidla z výhledu hodlá pokračovat v jízdě vlevo. Přitom:;nemusí dát přednost protijedoucímu vozidlu, neboť pokračuje po hlavní pozemní komunikaci.;musí dát přednost protijedoucímu vozidlu.;"nemusí dát přednost protijedoucímu vozidlu, neboť jede na signál ""VOLNO"".";b;obrázek
1064;Znak;vys;22050021;Tato svislá dopravní značka upozorňuje řidiče na:;nebezpečné klesání.;nebezpečné stoupání.;na úsek, kde místní podmínky činí stoupání pozemní komunikace nebezpečným.;a;obrázek
987;Znak;upr;22050022;Řidič osobního vozidla z výhledu ve vyobrazené dopravní situaci:;má přednost v jízdě před protijedoucími vozidly.;musí dát přednost v jízdě protijedoucím vozidlům a jet rychlostí nejvýše 20 km/h.;musí dát přednost v jízdě protijedoucím vozidlům lehčím než 22 tun.;b;obrázek
1065;Znak;vys;22050023;Řidič vozidla z výhledu ve vyobrazené dopravní situaci v obci:;je informován o motorovém vozidle, které tvoří překážku na pozemní komunikaci ve vzdálenosti 150 metrů a musí přizpůsobit jízdu této mimořádné dopravní situaci.;je informován o motorovém vozidle, které tvoří překážku na pozemní komunikaci ve vzdálenosti 100 metrů a musí přizpůsobit jízdu této mimořádné dopravní situaci.;je informován o motorovém vozidle, které tvoří překážku provozu na pozemní komunikaci ve vzdálenosti 50 metrů nebo kratší a musí přizpůsobit jízdu této mimořádné dopravní situaci.;c;obrázek
254;Def;uca;22050024;Osoba na kolečkových lyžích je považována z hlediska pravidel provozu na pozemních komunikacích za:;chodce.;cyklistu.;jezdce na osobním přepravníku.;a;obrázek
951;Znak;sem;22050025;Signál dvou vedle sebe umístěných střídavě přerušovaných červených světel ve vyobrazené dopravní situaci znamená pro řidiče modrého vozidla:;povinnost zastavit vozidlo před světelným signalizačním zařízením.;povinnost snížit rychlost jízdy přičemž nemusí zastavit vozidlo.;;a;obrázek
1066;Znak;vys;22050026;Tato dopravní značka upozorňuje řidiče na:;železniční přejezd se závorami ve vzdálenosti 240 m.;železniční přejezd bez závor ve vzdálenosti 240 m.;železniční přejezd se závorami ve vzdálenosti 180 m.;a;obrázek
1067;Znak;vys;22050027;Řidič vozidla z výhledu je upozorňován:;na skutečnost, že za zatáčkou je ve vzdálenosti 240 m železniční přejezd.;na tři po sobě následující zatáčky, z nichž první je vpravo.;na nebezpečnou zatáčku vpravo.;c;obrázek
1068;Znak;vys;22050028;Tato dopravní značka:;upozorňuje na úsek pozemní komunikace směřující na nechráněné nábřeží nebo břeh vodní plochy.;upozorňuje na místo, kde je možné použít přívoz.;upozorňuje na zvedací nebo jiný pohyblivý most.;a;obrázek
1069;Znak;vys;22050029;Tato dopravní značka upozorňuje na:;zvedací nebo jiný pohyblivý most.;nábřeží.;zvýšenou hladinu vodní plochy.;a;obrázek
952;Znak;sem;22050030;Smí řidič vozidla z výhledu vjet na železniční přejezd?;Ano, situace je dostatečně přehledná a závory jsou zvednuty.;Ne.;;b;obrázek
904;Znak;inf;22050032;Řidič vozidla z výhledu v následujícím úseku:;musí jet rychlostí minimálně 20 km/h.;by měl jet doporučenou rychlostí 20 km/h.;nesmí překročit rychlost 20 km/h.;b;obrázek
701;Souv;mir;22100013;Má vozidlo dle kontrolní nálepky na fotografii k dnešnímu dni platnou technickou prohlídku (k dubnu 2025)?;Ne.;Ano.;Nelze určit.;a;obrázek
103;Bez;rid;22100014;Dodržel řidič červeného nákladního automobilu při rychlosti 72 km/h (20m/s) bezpečnou vzdálenost za vozidlem jedoucím před ním?;Ne.;Ano.;;a;obrázek
905;Znak;inf;22100015;Tato svislá dopravní značka označuje:;Parkoviště, kde je dovoleno zastavení a stání.;Záchytné parkoviště, ze kterého lze pokračovat v jízdě prostředkem hromadné dopravy osob.;Parkoviště, na kterém lze zastavit za účelem vystoupení a nastoupení osob.;c;obrázek
104;Bez;rid;22100018;Může telefonování za jízdy při použití Handsfree ovlivnit reakční dobu řidiče?;Ne, reakční doba řidiče při použití Handsfree zůstává stejná a nemá vliv na dráhu pro zastavení vozidla.;Ano.;Ne, závisí pouze na tom s kým telefonuje.;b;obrázek
22;Bez;ost;22100019;Je minimální bezpečná vzdálenost mezi jedoucími vozidly zákonem přesně definována v metrech?;Ne, je třeba zvážit všechny možné faktory. Zejména rychlost, technický stav a konstrukci vozidla, klimatické a adhezní podmínky a reakční dobu řidiče.;Ano, je třeba dodržet vždy bezpečnou vzdálenost minimálně 20 metrů a u nákladních automobilů a autobusů vždy 30 metrů.;Ano, je třeba dodržet vždy bezpečnou vzdálenost minimálně 30 metrů a u nákladních automobilů a autobusů vždy 40 metrů.;a;obrázek
105;Bez;rid;22100020;Ovlivní ovládání navigačního systému vozidla za jízdy reakční dobu řidiče nutnou k vyřešení mimořádné události v provozu na pozemních komunikacích?;Ano. Řidič se musí plně věnovat řízení vozidla a sledovat situaci v provozu na pozemních komunikacích.;Ne. Ovládat navigační systém vozidla za jízdy neprodlužuje reakční dobu řidiče.;;a;obrázek
106;Bez;rid;22100021;Ovlivní připojování nabíječky k mobilnímu telefonu za jízdy reakční dobu řidiče nutnou k vyřešení mimořádné události v provozu na pozemních komunikacích?;Ne. Řidič má povinnost mít ve vozidle zapnutý mobilní telefon.;Ne. Pouhé zapojení nabíječky k mobilnímu telefonu nemůže mít vliv na reakční dobu řidiče a ovlivnit tak vyřešení mimořádné události v provozu na pozemních komunikacích.;Ano. Řidič se musí plně věnovat řízení vozidla a sledovat situaci v provozu na pozemních komunikacích.;c;obrázek
107;Bez;rid;22100022;Ovlivní používání zkrášlovacích prostředků za jízdy reakční dobu řidiče nutnou ke sledování ařešení situací v provozu na pozemních komunikacích?;Ano. Řidič se musí plně věnovat řízení vozidla a sledovat situaci v provozu na pozemních komunikacích.;Ne. Protože je důležité dojet do cílové destinace náležitě upraven.;Ne. Protože je možné volant držet bezpečně i jednou rukou.;a;obrázek
108;Bez;rid;22100023;Může ovlivnit nevhodné obutí řidiče reakční dobu nutnou k vyřešení mimořádné události v provozu na pozemních komunikacích?;Ne. Je důležité dobře vypadat i při řízení motorového vozidla.;Ano. Je vhodné používat k řízení obuv nelimitující řidiče při ovládání vozidla. Zejména při krizovém brzdění.;Ne. Obuv nemá žádný vliv na řízení vozidla.;b;obrázek
109;Bez;rid;22100024;Může ovlivnit používání nevhodného obutí za jízdy reakční dobu řidiče nutnou k řešení situací v provozu na pozemních komunikacích?;Ano. Je vhodné používat k řízení obuv nelimitující řidiče při ovládání vozidla. Zejména při krizovém brždění.;Ne. Obuv nemá žádný vliv na řízení vozidla.;Ne. Zejména v letním období je vhodné používat otevřenou obuv.;a;obrázek
110;Bez;rid;22100025;Může ovlivnit nevhodně zabezpečené zvíře za jízdy reakční dobu řidiče a čas nutný k vyřešení mimořádné události v provozu na pozemních komunikacích?;Ne. Pokud nepřesahuje 20 cm v kohoutku.;Ano. Povinností řidiče je zabezpečit přepravované zvíře tak, aby neohrozilo řidiče a přepravované osoby.;Ne. Pokud prošlo náležitým výcvikem a tréninkem zajišťujícím jeho bezproblémové chování za jízdy vozidlem.;b;obrázek
23;Bez;ost;22100026;Za snížené viditelnosti, deště a zhoršených klimatických podmínek je bezpečný odstup za vpředu jedoucím vozidlem?;Časový odstup minimálně o 1 sekundu delší než za běžných podmínek.;Kratší než za dobré viditelnosti nebo běžných povětrnostních podmínek.;Stejný jako za dobré viditelnosti nebo běžných povětrnostních podmínek.;a;obrázek
24;Bez;ost;22100027;Nedodržení bezpečné vzdálenosti za vpředu jedoucím vozidlem je v ČR:;jednou z nejméně častých příčin vzniku dopravních nehod.;jedním z faktorů, který nemá na bezpečnost silničního provozu významný vliv.;jednou z nejčastějších příčin vzniku dopravních nehod.;c;obrázek
25;Bez;ost;22100029;Jakým způsobem lze určit optimální bezpečnou vzdálenost za vpředu jedoucím vozidlem?;Metodou, při které se údaje vzdálenosti převádí na odhad času. Na začátek je třeba zvolit nějaký pevný bod na okraji pozemní komunikace (například strom). Od okamžiku, kdy vozidlo jedoucí před námi tento bod míjí, začne řidič počítat sekundy. Je-li interval, kdy ke zvolenému bodu přijede vozidlo kratší než 2 sekundy, nejedná se o minimální bezpečnou vzdálenost.;Vzdáleností mezi patníky u pozemní komunikace při jakékoliv rychlosti.;Vždy minimálně 20 metrů od předu jedoucího vozidla, přičemž tuto vzdálenost řidičodhadne pomocí pevných bodů u pozemní komunikace.;a;obrázek
802;Voz;sou;22100030;Jakým způsobem systém Front assist (systém zabraňující, nebo snižující následky čelního střetu) pomáhá v krizové situaci?;Kamerou umístěnou v přední části automobilu nahrává viníka dopravní nehody.;Zesílením přední části automobilu zmírňuje následky případné dopravní nehody.;Radarovým senzorem, případně doplněným o obrysovou kameru, umístěným v přední části;c;obrázek
711;Souv;pro;22100031;V případě porušení povinnosti uzavřít pojištění odpovědnosti za újmu způsobenou provozem vozidla (tzv. povinné ručení):;musí vlastník nebo provozovatel vozidla uhradit České kanceláři pojistitelů příspěvek do garančního fondu za každý den porušení této povinnosti.;nehrozí vlastníkovi a provozovateli vozidla žádný postih, pokud není provozem vozidla v daném období způsobena žádná újma.;musí vlastník nebo provozovatel vozidla uzavřít pojištění zpětně.;a;obrázek
712;Souv;pro;22100032;V případě vzniku újmy způsobené provozem vozidla bez platného pojištění odpovědnosti za újmu způsobenou provozem vozidla (tzn. vozidlem bez tzv. povinného ručení) poškozený:;uplatní svůj nárok na plnění za způsobenou újmu u České kanceláře pojistitelů.;uplatní svůj nárok na plnění za způsobenou újmu u obecního úřadu obce s rozšířenou působností příslušného podle místa vzniku škodné události.;nemá právo uplatnit nárok na plnění za způsobenou újmu.;a;obrázek
381;Prav;neh;22100034;Záchranářská ulička se tvoří:;Až po příjezdu vozidel s právem přednosti v jízdě.;V momentě zpomalování vozidel v souvislé koloně.;Jen pokud je na vozovce místo na uvolnění jízdního pruhu.;b;obrázek
906;Znak;inf;22100035;Řidič vozidla z výhledu pokračující v přímém směru:;musí za vyobrazenou dopravní značkou dát přednost v jízdě vozidlům nebo jezdcům na zvířatech přijíždějícím zprava nebo organizované skupině chodců nebo průvodcům hnaných zvířat se zvířaty přicházejícím zprava.;musí za vyobrazenou dopravní značkou dát přednost v jízdě vozidlům nebo jezdcům na zvířatech přijíždějícím zleva nebo organizované skupině chodců nebo průvodcům hnaných zvířat se zvířaty přicházejícím zleva.;musí za vyobrazenou dopravní značkou dát přednost v jízdě pouze vozidlům.;a;obrázek
112;Bez;rid;22100036;V rámci dodržování bezpečné a defenzivní jízdy (například na dovolenou či služební cestu) by měl řidič vozidla z výhledu ve vyobrazené dopravní situaci:;vidět na vozovce minimálně jednu šipku za vpředu jedoucím vozidlem za běžných podmínek a dodržet tak doporučenou bezpečnou vzdálenost jedoucích vozidel.;vidět na vozovce minimálně dvě šipky za vpředu jedoucím vozidlem za běžných podmínek a dodržet tak doporučenou bezpečnou vzdálenost jedoucích vozidel.;vidět na vozovce minimálně jednu šipku pouze za vpředu jedoucím osobním vozidlem za běžných podmínek.;b;obrázek
803;Voz;sou;22100037;Systém ESC (ESP):;Udržuje vozidlo v jízdních pruzích.;Zajišťuje vyšší brzdný účinek automobilu.;Systém který pomáhá stabilizovat vozidlo při začínajícím smyku.;c;obrázek
804;Voz;sou;22100038;Airbag:;Plní svou funkci pouze při řádném užití bezpečnostních pásů.;Plně nahrazuje funkci bezpečnostních pásů.;Aktivuje se pouze při zapnutí bezpečnostního pásu.;a;obrázek
840;Voz;stk;22100039;Má vozidlo dle kontrolní nálepky na fotografii platnou technickou prohlídku (k dubnu 2025)?;Ne.;Ano;Nelze určit.;b;obrázek
113;Bez;rid;22100040;Ovlivní používání zkrášlovacích prostředků za jízdy reakční dobu řidiče nutnou ke sledování a řešení situací v provozu na pozemních komunikacích?;Ano. Řidič se musí věnovat plně řízení vozidla a sledovat situace v provozu na pozemních komunikacích.;Ne. Je důležité přijet do cílové destinace řádně a náležitě upraven/upravena.;Ne. Při řazení rychlostních stupňů také nemusím držet volant oběma rukama.;a;obrázek
114;Bez;rid;22100041;Ovlivní konzumace potravin za jízdy reakční dobu řidiče nutnou k vyřešení mimořádné události v provozu na pozemních komunikacích?;Ne. Konzumace potravin není zakázána.;Ano. Řidič se musí věnovat plně řízení vozidla a sledovat situaci v provozu na pozemních komunikacích.;Ne. Pokud konzumuje lehkou a vyváženou stravu.;b;obrázek
671;Res;neb;23030004;Řidič vozidla z výhledu ve vyobrazené křižovatce s kruhovým objezdem:;Má přednost v jízdě před vozidly jedoucími po kruhovém objezdu.;Musí dát přednost v jízdě vozidlům jedoucím po kruhovém objezdu.;Se musí na tomto kruhovém objezdu pouze otočit a jet zpět.;a;obrázek
1070;Znak;vys;23030005;Sestava jednotlivých šipek umístěných za sebou upozorňuje řidiče vozidla z výhledu:;Na nebezpečnou zatáčku vlevo, v níž musí řidič výrazně snížit rychlost jízdy.;Na tři po sobě následující zatáčky, z nichž první je vlevo.;Na skutečnost, že za zatáčkou je ve vzdálenosti 240 m železniční přejezd.;a;obrázek
1129;Znak;zak;23030006;Tato dopravní značka zakazuje:;Vjezd do vyznačeného jízdního pruhu nákladním automobilům, tahačům přívěsu nebo návěsu a speciálním automobilům, značka neplatí pro obytné automobily.;Předjíždění pro všechna nákladní vozidla ve vyznačeném úseku.;Jízdu ve vyznačeném jízdním pruhu pro nákladní vozidla s největší přípustnou hmotností nad 12 t.;a;obrázek
1130;Znak;zak;23030007;Značka informuje o zákazu vjezdu, který za nejbližší křižovatkou platí v přímém směru pro:;Všechna vozidla s celkovou hmotností do 6 t.;Nákladní vozidla s největší povolenou hmotností nad 6 t.;Všechna vozidla s okamžitou hmotností nad 6 t.;c;obrázek
116;Bez;rid;23030009;Může řidič řídit vozidlo pokud je jeho schopnost k řízení snížena v důsledku jeho zdravotního stavu?;Nemůže.;Může.;Může, pouze na dojetí k lékaři, nebo svého bydliště za podmínky zvýšené opatrnosti.;a;obrázek
1131;Znak;zak;23030010;Tato dopravní značka:;Zakazuje vjezd vozidlům přepravujícím ropu nebo ropné materiály nebo jiné látky, které by mohly způsobit ohrožení životního prostředí, zejména znečištění vody.;Zakazuje vjezd vozidlům, která přepravují výbušniny, snadno hořlavý nebo jinak nebezpečný náklad.;Zakazuje vjezd vozidel nebo jízdních souprav přepravujících sypké materiály, které nemají zakrytý nákladový prostor.;a;obrázek
26;Bez;ost;23030011;Smí řidič při zastavení vozidla před železničním přejezdem za snížené viditelnosti užít potkávací světla?;Ne, pokud by jimi mohl oslnit řidiče v protisměru.;Ano, za všech okolností.;Ne, je povinen vždy užít dálková světla.;a;obrázek
756;Souv;pru;23030016;Může řidič s řidičským oprávněním skupiny B s harmonizovaným kódem 96 řídit soupravu vozidel,kdy osobní automobil má největší povolenou hmotnost 3 050 kg a okamžitou hmotnost 2 500 kg a přípojné vozidlo má největší povolenou hmotnost 1 650 kg a okamžitou hmotnost 900 kg?;Nesmí. V případě, kdy přípojné vozidlo převyšuje 750 kg největší povolené hmotnosti,nesmí největší povolená hmotnost jízdní soupravy pro uvedené řidičské oprávnění převýšit 4 250 kg.;Může. Pro spojení vozidel do soupravy se sčítají provozní hmotnosti každého z vozidel soupravy.;Může. Pro spojení vozidel do soupravy je rozhodující součet okamžitých hmotností vozidel soupravy, který nesmí překročit 4 250 kg.;a;obrázek
757;Souv;pru;23030018;Jakého řidičského oprávnění musí být řidič držitelem při řízení soupravy osobního automobilu s přípojným vozidlem, když největší povolená hmotnost osobního automobilu je 2 500 kg a největší povolená hmotnost přívěsu je 1 800 kg?;Musí být držitelem nejméně řidičského oprávnění skupiny B+E.;"Stačí řidičské oprávnění skupiny B s harmonizovaným kódem 96"".";Může mít řidičské oprávnění skupiny B, nebo skupiny C.;a;obrázek
1132;Znak;zak;23030022;Smí do takto označeného úseku (na most), vjet řidič osobního automobilu délky 5 m s obytným přívěsem délky 6 m?;Ano, ani jedno z vozidel soupravy není delší než 8 m.;Ano, zákaz se nevztahuje na osobní vozidla.;Ne, součet délky tažného vozidla a přípojného vozidla je více než 8 m.;c;obrázek
1133;Znak;zak;23030023;Řidič nákladního automobilu z výhledu s nejvyšší povolenou hmotností 3 300 kg s přípojným vozidlem s nejvyšší povolenou hmotností 2 000 kg:;Smí do takto označeného úseku vjet, ani jedno z vozidel soupravy nepřesahuje povolenou hmotnost.;Smí do takto označeného úseku vjet, zákaz se vztahuje pouze na „velká“ nákladní vozidla.;Nesmí vjet do takto označeného úseku. Součet nejvyšších povolených hmotností vozidel soupravy je vyšší než nejvyšší povolená hmotnost vyznačená na dopravní značce.;c;obrázek
823;Voz;spo;23030029;Je možné přepravovat na předním sedadle osobního automobilu dítě mladší 12 let a nepřevyšující parametry dané zákonem pro jízdu v zádržném systému (150 cm / 36 kg)?;Ne, základním limitem pro jízdu na předním sedadle je věk. Dítě mladší 12 let nesmí vpředu cestovat.;Ano, ale pouze v zádržném systému pro nejmenší (tzv. vajíčku). V ostatních případech je umístění dětských autosedaček a podsedáků možné pouze na zadních sedadlech.;Ano, na předním sedadle je možné přepravovat dítě v zádržném systému (tzv. vajíčku), dále s využitím dalších typů zádržných systémů (dětská autosedačka/podsedák), které se používají až do doby dosažení výškových a hmotnostních limitů dle zákona.;c;obrázek
824;Voz;spo;23030030;Při přepravě dětí a jejich umístění do dětské autosedačky je důležité zejména dbát na:;Dostatečnou hmotnost přepravovaného dítěte a jeho neustálého kontaktu dolních končetin s podlahou vozidla.;Výšku přepravovaného dítěte, která má zásadní vliv na polohu bezpečnostního pásu, ten nikdy nesmí vést přes krk dítěte.;Umístění dětské autosedačky pouze za sedadlem spolujezdce, tedy vzadu vpravo. Jiná sedadla ve vozidle nejsou vybavena systémem ISOFIX.;b;obrázek
552;Prav;sme;23030031;Řidič vozidla z výhledu smí vjet do levého jízdního pruhu, pokud:;Největší povolená šířka vozidla dle technického průkazu bez sklopné části zrcátek není menší než 2,2 m.;Okamžitá šířka vozidla včetně nákladu a zpětných zrcátek není větší než 2,2 m.;Dodrží odstup od před ním jedoucího vozidla nejméně 2,2 m.;b;obrázek
825;Voz;spo;23030032;Kdy je nutné vypnout čelní airbag před sedadlem spolujezdce s ohledem na přepravu dětí v zádržném systému?;Bezpodmínečně pokaždé, když je dítě přepravováno v dětském zádržném systému čelem proti směru jízdy automobilu (tzv. vajíčko/protisměrná dětská autosedačka). V případě zádržných systémů instalovaných ve směru jízdy vozidla se airbag nevypíná, ale doporučuje se posunout sedadlo s dětskou autosedačkou směrem dozadu od čelního airbagu.;Pokud mám na dětském zádržném systému použitém čelem proti směru jízdy automobilu (na tzv. vajíčku) ochranné madlo, není nutné čelní airbag vypínat.;V případě umístění dětské autosedačky na přední sedadlo zůstává tento bezpečnostní prvek vždy aktivní.;a;obrázek
27;Bez;ost;23060012;S jakým rizikem může řidič počítat při jízdě za označeným výcvikovým vozidlem autoškoly?;S žádným rizikem. Nemusí brát ohled na tyto účastníky silničního provozu.;S tím, že vozidlo autoškoly může doprovázet žadatele o ŘO na motocyklu při výcviku nebo při závěrečných zkouškách.;Nemusí brát zřetel na žádné zvýšené riziko.;b;obrázek
461;Prav;pra;23060013;Ve vyobrazené dopravní situaci by měl řidič nákladního automobilu nebo autobusu v obci:;Jet minimálně 50 km/h.;Jet nejvýše rychlostí, která je dána obecnou úpravou silničního provozu, není při tom nutno předvídat okolnosti vedoucí k náhlé nutnosti zastavit vozidlo.;Jet jen takovou rychlostí, aby byl schopen bezpečně zastavit vozidlo.;c;obrázek
828;Voz;spo;23060023;Do jakého věku musí být dítě při jízdě na jízdním kole na silnici, místní komunikaci a veřejně přístupné účelové komunikaci (s výjimkou chodníku, cyklostezky, obytné a pěší zony) pod dohledem osoby starší 15 let?;Do 6 let věku.;Na věku nezáleží, je to na rozhodnutí rodiče.;Do 10 let věku.;c;obrázek
28;Bez;ost;23060029;Jedete za dvěma motocykly, jejichž řidiči používají označení “L” (autoškola). Je vzhledem k bezpečnosti silničního provozu vhodné se zařazovat při předjíždění mezi tato vozidla?;Ano. Navíc to přispěje ke zvýšení plynulosti silničního provozu.;Ne. Zákon o silničním provozu to sice nezakazuje, avšak nepřispěje to ke zvýšení bezpečnosti silničního provozu.;Zařazování se mezi tato vozidla při předjíždění nemá žádný negativní vliv na bezpečnost provozu.;b;obrázek
558;Prav;sme;23060030;Smí řidič vozidla z výhledu přejíždět podélnou čáru souvislou při předjíždění cyklisty?;Ne, řidič nesmí předjíždět, jelikož vodorovnou dopravní značku podélnou čáru souvislou je zakázáno přejíždět nebo ji nákladem přesahovat.;Ano, ale pouze v obci.;Ano.;c;obrázek
559;Prav;sme;23060031;Pokud bude řidič motorového vozidla z výhledu ve vyobrazené dopravní situaci v obci míjet cyklistu ve vyhrazeném jízdním pruhu, pak:;Nemusí od něho dodržet bezpečný boční odstup 1,5 m, ale musí dbát zvýšené opatrnosti.;Musí v každém případě od něho dodržet bezpečný boční odstup 1,5 m.;Musí v každém případě od něho dodržet bezpečný boční odstup 1 m.;a;obrázek
256;Def;uca;23060032;Spolujezdec na motocyklu:;Je účastníkem silničního provozu a vztahuje se na něj zákon o silničním provozu.;Je účastníkem silničního provozu, ale zákon o silničním provozu se na něj nevztahuje.;Není účastníkem silničního provozu a proto se na něj zákon o silničním provozu nevztahuje.;a;obrázek
61;Bez;pre;23060033;Řidič vozidla z výhledu ve vyobrazené dopravní situaci:;Nesmí předjíždět na přechodu pro chodce a bezprostředně před ním.;V tomto úseku předjíždět cyklistu nesmí, protože by musel přejet podélnou čáru souvislou.;Musí výstražným zvukovým znamením vždy upozornit předjížděného cyklistu.;a;obrázek
349;Prav;mhd;23060035;Řidič vozidla hromadné dopravy osob by měl s ohledem na nevidomé osoby ve vyobrazené dopravní situaci zastavit.;U signálního pásu z reliéfní dlažby tak, aby nevidomé osoby bezpečně poznaly místo nástupu do autobusu.;U označníku zastávky, protože nevidomé osoby ho naleznou pomocí slepecké hole.;Před nápisem BUS na vozovce, aby bylo vidět označení zastávky.;a;obrázek
560;Prav;sme;23060036;Smí řidič motorového vozidla z výhledu ve vyobrazené dopravní situaci předjet cyklistu?;Ano, pokud má dostatečný výhled před vozidlo a pokud dodrží bezpečný boční odstup od cyklisty. Při předjíždění cyklisty řidič smí přejíždět podélnou čáru souvislou.;Ne, při předjíždění cyklisty řidič nesmí přejíždět podélnou čáru souvislou. Nebylo by tak možné dodržet bezpečný boční odstup od cyklisty.;Ano, ale pouze pokud nebude přejíždět ani nákladem přesahovat podélnou čáru souvislou a udrží bezpečný boční odstup 0,5 m od předjížděného cyklisty.;a;obrázek
907;Znak;inf;23060037;V jednotlivých případech a je-li to naléhavě nutné, mohou vozidla označená parkovacím průkazem pro osoby se zdravotním postižením vjíždět i do oblasti označené dopravní značkou:;Emisní zóna.;Pěší zóna.;Zákaz vjezdu všech vozidel v obou směrech.;b;obrázek
761;Souv;pru;23060038;Řidiči motorového vozidla označeného parkovacím průkazem pro osoby se zdravotním postižením nemusí v jednotlivých případech a je-li to naléhavě nutné, po dobu nezbytně potřebnou:;"Dodržovat zákaz zastavení vyplývající z dopravní značky „zákaz zastavení“; přitom nesmí být ohrožena bezpečnost a plynulost provozu na pozemních komunikacích.";Nemusí dodržovat zákaz zastavení a stání, které jsou stanoveny zákonem.;"Dodržovat zákaz stání a zákaz stání vyplývající z dopravní značky „zákaz stání“; přitom nesmí být ohrožena bezpečnost a plynulost provozu na pozemních komunikacích.";c;obrázek
121;Bez;rid;23060041;Při průjezdu zatáčkou na motocyklu:;Pokud je zatáčka pravotočivá, pomáhá si řidič kontaktem pravého chodidla nohy se zemí.;Zůstávají obě dvě nohy na stupačkách.;Pokud je zatáčka pravotočivá, pomáhá si řidič kontaktem levého chodidla nohy se zemí.;b;obrázek
122;Bez;rid;23060042;Při průjezdu mírné zatáčky na motocyklu:;Zatáčku projíždíme pod mírným plynem.;Zatáčku projíždíme za současného „vymáčknutí“ páčky spojky.;Zatáčku projíždíme za současného přibrzďování předního kola.;a;obrázek
123;Bez;rid;23060043;Při průjezdu mírné zatáčky na motocyklu:;"Je vhodné její projetí bez ""plynu“.";Je vhodné její projetí při výrazném zvyšování dávkování „plynu“.;Je vhodné její projetí při rovnoměrném dávkování „plynu“.;c;obrázek
125;Bez;rid;23060045;Jak může řidič snížit riziko střetu s projíždějícím cyklistou při vystupovaní z vozidla?;Řidič vozidla nemá povinnost, aby v dané situaci přemýšlel za ostatní účastníky provozu. Cyklista musí předvídat a rychlost jízdy přizpůsobit situaci, aby nedošlo ke kolizi.;Řidič vozidla využívá tzv. holandského manévru, kdy dveře otevře pravou (vzdálenější) rukou, která ho přinutí natočit tělo. Tímto způsobem lépe zkontroluje zpětné zrcátko a přes levé rameno se ohlédne vzad ještě před úplným otevřením dveří.;Řidič vozidla se musí důkladně podívat do zpětného zrcátka na čelním skle a následně se ohlédne přes pravé rameno, aby celou situaci zkontroloval ve skle zadních dveří. Současně levou rukou otevírá dveře, aby projíždějícím cyklistům dal signál, že hodlá vystupovat.;b;obrázek
126;Bez;rid;23060046;Řidič nákladního automobilu nebo autobusu ve vyobrazené dopravní situaci musí předvídat:;Nebezpečí náhlého bočního poryvu větru i tam, kde ho dopravní značka neupozorní.;"Nebezpečí náhlého bočního poryvu větru pouze tam, kde ho upozorní dopravní značka ""Boční vítr"".";"Nebezpečí náhlého bočního poryvu větru pouze tam, kde ho upozorní tzv. ""větrný rukáv"".";a;obrázek
762;Souv;pru;23100001;Smí řidič s řidičským oprávněním skupiny B řídit soupravu vozidel, kdy osobní automobil má největší povolenou hmotnost 2 050 kg a provozní hmotnost 1 500 kg a přípojné vozidlo má největší povolenou hmotnost 1 650 kg a provozní hmotnost 900 kg?;Smí. Pro spojení vozidel do soupravy se sčítají provozní hmotnosti každého z vozidel soupravy.;Nesmí. V případě, kdy přípojné vozidlo převyšuje 750 kg největší povolené hmotnosti,nesmí největší povolená hmotnost jízdní soupravy pro řidičské oprávnění skupiny B převýšit 3 500 kg.;Smí. Pro spojení vozidel do soupravy je rozhodující součet okamžitých hmotností vozidel soupravy, který nesmí překročit 3 500 kg.;b;obrázek
462;Prav;pra;24030002;Jaká je maximální povolená konstrukční rychlost elektrokoloběžky, kterou je možno řídit bez řidičského oprávnění?;45 km/h;25 km/h;15 km/h;b;obrázek
30;Bez;ost;24030003;Je řidič motorového vozidla povinen dodržet bezpečný boční odstup (1,5 m resp.1m) při míjení cyklisty, který se pohybuje stejným směrem ve vyhrazeném jízdním pruhu?;Nemusí, dodržení předepsaného odstupu je povinností cyklisty.;Musí vždy.;Nemusí, jelikož v takovém případě se nejedná o předjíždění.;c;obrázek
127;Bez;rid;24030004;Jakým způsobem může ovlivnit výhled z vozidla sloupek mezi čelnim sklem a bočním oknem?;Taková situace by neměla nastat, konstrukce karoserie je výrobcem uzpůsobena tak, aby měl řidič v každém okamžiku neomezený výhled před vozidlo. Výhled tedy není nikdy omezen.;Řidič nemůže takovou situaci vůbec ovlivnit.;Takové omezení výhledu je dané konstrukcí vozidla, řidič by měl zohlednit prostor omezeného výhledu a kontrolovat situaci vyhlédnutím za sloupek, jen tak dokáže omezený výhled eliminovat.;c;obrázek
31;Bez;ost;24030005;Můžete od řidiče motocyklu s označením “L” (žák autoškoly), který je v dalším vozidle doprovázen učitelem, očekávat, že se při řízení dopustí nějaké chyby, například nedání přednosti v jízdě?;Ano, chybu řidiče (žáka autoškoly) nelze vyloučit a v rámci defenzivní jízdy je vhodné s ní počítat.;Ne, žák autoškoly jedoucí samostatně dostává pokyny od učitele a chyba je tak vyloučena.;Ne, žák autoškoly zná své povinnosti a můžete se spolehnout, že bude vše dodržovat.;a;obrázek
763;Souv;pru;24030006;Kde si řidič může požádat o vydání karty řidiče sloužící pro zaznamenávání doby řízení, bezpečnostních přestávek a doby odpočinku?;U svého zaměstnavatele.;Na kterémkoliv úřadě obce s rozšířenou působností.;Na Ministerstvu dopravy.;b;obrázek
702;Souv;mir;24030007;Největší povolené rozměry vozidel a jízdních souprav:;se vztahují k vozidlům a jízdním soupravám včetně nákladu.;se vztahují jen k vozidlům a jízdním soupravám bez nákladu. Při jejich překročení se musí označit červeným praporkem o rozměrech 300 x 300mm.;se vztahují jen k vozidlům a jízdním soupravám. Náklad může překročit nejvyšší povolené rozměry vzadu o maximálně 1 m.;a;obrázek
1134;Znak;zak;24030008;Vyberte správný význam vyobrazeného dopravního značení:;Ve vzdálenosti 1500 m (za vyobrazenou dopravní značkou) končí úsek zákazu vjezdu všech motorových vozidel v obou směrech.;Zákaz vjezdu všech vozidel v obou směrech. Úsek je dlouhý 1500 m.;Ve vzdálenosti 1500 m (za vyobrazenou dopravní značkou) následuje zákaz vjezdu všech vozidel v obou směrech.;c;obrázek
807;Voz;sou;24030009;Který z uvedených sdělovačů informuje řidiče motorového vozidla o rozsvícených obrysových světlech?;a);b);c);a;obrázek
808;Voz;sou;24030010;Který z uvedených sdělovačů informuje řidiče motorového vozidla o rozsvícených potkávacích světlech?;a);b);c);a;obrázek
809;Voz;sou;24030011;Který z uvedených sdělovačů informuje řidiče motorového vozidla o rozsvícených dálkových světlech?;a);b);c);a;obrázek
810;Voz;sou;24030012;Který z uvedených sdělovačů informuje řidiče motorového vozidla o rozsvícených předních mlhových světlech?;a);b);c);a;obrázek
811;Voz;sou;24030013;Který z uvedených sdělovačů informuje řidiče motorového vozidla o rozsvícených zadních mlhových světlech?;a);b);c);a;obrázek
812;Voz;sou;24030014;Který z uvedených sdělovačů informuje řidiče motorového vozidla o závadě brzdového systému?;a);b);c);a;obrázek
885;Voz;sve;24030015;Řidič vozidla vybaveného zvláštním výstražným světlem oranžové barvy smí tohoto světla užívat:;Jen mimo veřejné komunikace.;Jen tehdy, mohla-li by být jeho jízdou nebo pracovní činností ohrožena bezpečnost provozu na pozemních komunikacích.;Jen za jízdy, pokud by jízdou omezoval ostatní účastníky silničního provozu.;b;obrázek
764;Souv;pru;24030016;Kde a kdy nejpozději musí řidič požádat o obnovu karty řidiče?;Žádost může podat kterémukoliv obecnímu úřadu obce s rozšířenou působností, nejpozději 15 pracovních dnů před skončením platnosti karty.;Žádost musí podat obecnímu úřadu obce s rozšířenou působností, v jejímž obvodu má bydliště, nejpozději 7 pracovních dní před skončením platnosti karty.;Žádost musí podat ministerstvu dopravy, nejpozději 7 kalendářních dní před skončením platnosti karty.;a;obrázek
765;Souv;pru;24030017;Užitím karty řidiče, která byla vydána jiné osobě, nebo užitím karty řidiče, která byla nahlášena jako ztracená nebo odcizená, spáchal řidič přinejmenším přestupek, za který mu může být:;pouze uložena kauce.;pouze uložena pokuta.;uložena pokuta a zákaz výkonu činnosti řidiče velkého vozidla.;c;obrázek
680;Souv;L;24030018;Kde může řídit sedmnáctiletý řidič (L17) za doprovodu mentora?;Ve všech zemích Evropské unie.;V České republice.;V České republice s výjimkou dálnic.;b;obrázek
681;Souv;L;24030019;Jaký trest hrozí sedmnáctiletému řidiči (L17), který bude řídit motorové vozidlo skupiny B bez přítomnosti mentora v tomto vozidle?;Pokuta a zákaz řízení motorových vozidel.;Domluva.;Trest za toto jednání zákon nestanovuje.;a;obrázek
682;Souv;L;24030020;Může sedmnáctiletý řidič (L17) řídit s kýmkoliv, kdo splňuje podmínky pro mentory stanovené zákonem?;Ne, může řídit jen v doprovodu mentora, který je zapsán v Evidenční kartě řidiče.;Ano, stačí, že doprovázející osoba splňuje minimální podmínky řidičské praxe.;Ano, pokud doprovázející osoba splňuje podmínky a může to dokázat tím, že je zapsána v Evidenční kartě jiného řidiče L17.;a;obrázek
683;Souv;L;24030021;Může sedmnáctiletý řidič (L17) řídit v přítomnosti mentora, který je pod vlivem alkoholu?;Ano, pokud je hladina alkoholu v krvi Mentora nižší než 0,5 promile.;Ne.;Ano.;b;obrázek
908;Znak;inf;24030022;Tato dopravní značka označuje oblast:;Kde platí pravidla silničního provozu pro provoz v obytné zóně.;Kde platí pravidla silničního provozu pro provoz ve sdílené zóně.;Kde platí pravidla silničního provozu pro provoz v pěší zóně.;b;obrázek
909;Znak;inf;24030023;Jak se musí zachovat řidič v úseku za vyobrazenou dopravní značkou?;Je povinen dodržovat pravidla silničního provozu platná pro jízdu ve sdílené zóně.;Musí dodržovat pravidla silničního provozu platná pro pohyb v pěší zóně.;Musí dodržovat pouze obecná pravidla silničního provozu.;a;obrázek
910;Znak;inf;24030024;Co vyznačuje vyobrazená dopravní značka?;Konec sdílené zóny.;Konec obytné zóny.;Konec pěší zóny.;a;obrázek
911;Znak;inf;24030025;Jaká pravidla silničního provozu musíte dodržovat mimo zónu označenou vyobrazenou dopravní značkou?;Musím dále dodržovat ustanovení platná pro jízdu ve sdílené zóně.;Nemusím již dodržovat pravidla silničního provozu pro jízdu ve sdílené zóně.;Platí ustanovení pro jízdu mimo obec.;b;obrázek
912;Znak;inf;24030026;Co vyznačuje vyobrazená dopravní značka?;Parkoviště, které je určeno pro zastavení vozidel za účelem vystoupení přepravovaných dětí před školou.;Parkoviště, které je určeno pro parkování vozidel, jejichž řidič pokračuje v jízdě veřejnou dopravou.;Parkoviště, které je určeno pro parkování vozidel, jejichž řidič odtud bezprostředně pokračuje v jízdě jako cestující v jiném vozidle v rámci spolujízdy.;c;obrázek
913;Znak;inf;24030027;Tato dopravní značka:;Ve spojení s příslušnou vodorovnou dopravní značkou „Bezpečný odstup“ informuje o bezpečném odstupu mezi jedoucími vozidly.;Stanovuje řidiči dodržet rozestup min. 200 m za vpředu jedoucím vozidlem.;Informuje řidiče hodlajícího podélně zaparkovat vozidlo o nutnosti dodržet vyznačený rozestup mezi vozidly.;a;obrázek
914;Znak;inf;24030028;Jaký je význam vyobrazené dopravní značky?;Označuje místo pro parkování obytných vozidel.;Označuje servisní místo pro sanitaci hygienických zařízení obytných automobilů a obytných přívěsů.;Označuje místo pro kempování obytných vozidel a obytných přívěsů.;b;obrázek
684;Souv;L;24030029;Za jakých podmínek může sedmnáctiletý řidič (L17) po složení závěrečné zkoušky žadatele o řidičské oprávnění skupiny B řídit motorové vozidlo?;Může řídit motorové vozidlo skupiny B samostatně, ale pouze v obci.;Po úspěšném složení závěrečné zkoušky může již řídit motorové vozidlo skupiny B samostatně.;Do věku 18 let může řídit pouze pod dohledem mentora, který je zapsán v jeho evidenční kartě řidiče.;c;obrázek
685;Souv;L;24030030;Jaké podmínky musí splňovat mentor sedmnáctiletého řidiče (L17)?;Musí být držitelem řidičského oprávnění skupiny B minimálně 10 let,posledních 5 let toto oprávnění nepozbyl (neměl zákaz řízení), nemá zadržený řidičský průkaz, nemá v bodovém hodnocení řidiče zaznamenán žádný bod, souhlasí se zápisem jako mentor do evidenční karty sedmnáctiletého řidiče (L17).;Musí být držitelem řidičského oprávnění minimálně 5 let, může mít v bodovém hodnocení řidiče zaznamenány maximálně 2 body.;Nemusí splňovat žádné zvláštní podmínky, pouze musí souhlasit se zápisem sebe, jako mentora, do evidenční karty sedmnáctiletého řidiče (L17).;a;obrázek
686;Souv;L;24030031;Jaký je maximální počet mentorů, kteří mohou být zapsáni v Evidenční kartě sedmnáctiletého řidiče (L17)?;1;4;3;b;obrázek
687;Souv;L;24030032;Kde musí sedět mentor při doprovodu sedmnáctiletého řidiče (L17)?;Na zadním sedadle spolujezdce.;Na sedadle spolujezdce vedle řidiče.;Nemusí být ve vozidle přítomen, může jet v doprovodném vozidle.;b;obrázek
688;Souv;L;24030033;Kdy nesmí mentor vykonávat doprovod sedmnáctiletého řidiče (L17)?;Nemá stanoveny žádné podmínky.;Bezprostředně po požití alkoholického nápoje nebo v takové době po požití alkoholického nápoje, kdy by mohl být ještě pod vlivem alkoholu.;Když se dopustí přestupku, který je zařazen do bodového hodnocení.;b;obrázek
689;Souv;L;24030034;Je mentor při doprovodu sedmnáctiletého řidiče (L17) povinen prokázat svoji totožnost policistovi, vojenskému policistovi nebo celníkovi?;Ne.;Ano.;;b;obrázek
690;Souv;L;24030035;Je mentor při doprovodu sedmnáctiletého řidiče (L17) povinen podrobit se na výzvu policisty vyšetření, zda není pod vlivem alkoholu či jiné návykové látky?;Ne.;Ano.;Ano, ale jen pokud řidič spáchá přestupek.;b;obrázek
958;Znak;slo;24070011;Vyobrazený směrový sloupek:;Vyznačuje vyústění polní a lesní cesty na pozemní komunikaci.;Používá se pro vyznačení křižovatky silnic nižší třídy.;Označuje okraj pozemní komunikace.;a;obrázek
959;Znak;slo;24070012;Jak se zachová řidič v případě, že vyjíždí z komunikace označené vyobrazenými sloupky?;Dá přednost v jízdě vozidlům, přijíždějícím zprava.;Dá přednost v jízdě všem vozidlům, jedoucím po komunikaci, na kterou vyjíždí.;Dá přednost v jízdě vozidlům přijíždějícím zleva.;b;obrázek
649;Res;kri;24070015;Řidič nákladního automobilu:;Musí odbočit vpravo.;Může odbočit vpravo, přitom nesmí ohrozit ani omezit cyklistu jedoucího ve vyhrazeném jízdním pruhu.;Nesmí odbočit vpravo.;b;obrázek
1135;Znak;zak;24070016;Řidič motocyklu na nejbližší křižovatce:;Může odbočit vpravo, přitom nesmí ohrozit ani omezit cyklistu jedoucího ve vyhrazeném jízdním pruhu.;Může odbočit vpravo, přičemž mu cyklista jedoucí ve vyhrazeném jízdním pruhu musí dát přednost v jízdě.;Nesmí odbočit vpravo.;a;obrázek
675;Res;neb;24070017;Jak se zachová řidič červeného vozidla ve vyobrazené dopravní situaci?;Musí dát přednost všem vozidlům jedoucím po pozemní komunikaci, na kterou vjíždí.;Dává přednost pouze vozidlům přijíždějícím po hlavní pozemní komunikaci.;Má přednost v jízdě.;a;obrázek
1136;Znak;zak;24070019;Jakým způsobem lze ukončit platnost zákazových dopravních značek?;Vyústěním polní nebo lesní cesty.;Platnost končí po ujetí 90 m za dopravní značkou.;Nejbližší křižovatkou nebo příslušnou dopravní značkou ukončující zákaz.;c;obrázek
916;Znak;inf;24070020;Může řidič motocyklu ve vyobrazené křižovatce pokračovat v přímém směru?;Nemůže, protože by jel do pěší zóny.;Může, protože patří mezi vozidla s výjimkou uvedenou na dopravní značce.;;a;obrázek
467;Prav;pra;24070021;Jak se má zachovat řidič motocyklu ve vyobrazené dopravní situaci?;Zastaví motocykl před zúžením.;Jednostopé vozidlo může zúžením projet.;Musí se s řidičem protijedoucího vozidla domluvit.;a;obrázek
468;Prav;pra;24070022;Jakou maximální rychlostí může jet v obci řidič po pozemní komunikaci označené touto dopravní značkou, není-li stanoveno jinak?;110 km/h;80 km/h;130 km/h;b;obrázek
469;Prav;pra;24070025;Může se motocyklista zařadit před světelnou křižovatkou do prostoru vyznačeného vodorovnou dopravní značkou?;Může, motocyklista se řadí na křižovatce před ostatní vozidla.;Může, pokud je tam dostatek prostoru.;Nemůže, prostor je vyhrazen pouze cyklistům.;c;obrázek
470;Prav;pra;24070026;Může řidič motorového vozidla vjíždět do prostoru vyhrazeného jízdního pruhu?;Ano, například pokud je to nutné při objíždění překážky, nesmí přitom cyklistu jedoucího v tomto pruhu ohrozit ani omezit.;Ne, do vyhrazeného jízdního pruhu pro cyklisty nesmí vůbec vjíždět.;Může, pokud neohrozí cyklistu jedoucího v tomto pruhu.;a;obrázek
566;Prav;sme;24070027;Řidič vozidla z výhledu hodlá pokračovat v jízdě v přímém směru. Přitom:;Musí dát znamení o změně směru jízdy vpravo.;Nedává znamení o změně směru jízdy.;Musí dát znamení o změně směru jízdy vlevo.;b;obrázek
567;Prav;sme;24070028;Řidič vozidla z výhledu hodlá pokračovat v jízdě vlevo. Přitom:;Nemusí dát přednost protijedoucímu vozidlu, neboť pokračuje po hlavní pozemní komunikaci.;Musí dát přednost protijedoucímu vozidlu.;Nemusí dát přednost protijedoucímu vozidlu, protože odbočuje vlevo.;a;obrázek
568;Prav;sme;24070029;Jak se zachovám jako řidič motocyklu z výhledu, pokud jedu při pravém okraji vozovky:;Pokračuji bez změny v jízdě, mezi zaparkované vozidlo a přerušovanou čáru se vejdu, nemusím tedy dávat znamení o změně směru jízdy.;Dám znamení o změně směru jízdy a s bezpečným odstupem objíždím zaparkovaná vozidla.;Znamení o změně směru jízdy budu dávat pouze v případě, že přejedu přes přerušovanou čáru do protisměru nebo za mnou pojede jiné vozidlo.;b;obrázek
988;Znak;upr;24070031;Jaký je význam vyobrazené dopravní značky:;Značka přikazuje řidiči dát přednost v jízdě protijedoucímu vozidlu v případě,kdy se protijedoucí vozidla nemohou bezpečně vyhnout.;Značka informuje řidiče o tom, že řidič protijedoucího vozidla smí do následujícího úseku pozemní komunikace vjet pouze v případě, kdy se jeho a protijedoucí vozidlo mohou bezpečně vyhnout.;Značka přikazuje jízdu po křižovatce ve směru šipek na značce zobrazených.;b;obrázek
1137;Znak;zak;24070033;Řidič autobusu:;Nesmí odbočit vpravo.;Musí odbočit vpravo.;Může odbočit vpravo, přitom nesmí ohrozit ani omezit cyklistu jedoucího ve vyhrazeném jízdním pruhu.;a;obrázek
989;Znak;upr;24070034;Řidič vozidla z výhledu ve vyobrazené křižovatce s přerušovaně svítícím žlutým světlem hodlá pokračovat v jízdě vlevo. Přitom:;Nemusí dát přednost protijedoucímu vozidlu, protože odbočuje vlevo.;Nemusí dát přednost protijedoucímu vozidlu, neboť pokračuje po hlavní pozemní komunikaci a nejedná se o křižovatku řízenou světelnými signály.;Musí dát přednost protijedoucímu vozidlu.;b;obrázek
1138;Znak;zak;24070035;Do úseku pozemní komunikace za vyobrazenou dopravní značkou:;Je zakázán vjezd jen osobním automobilům.;Je zakázán vjezd všech motorových vozidel s výjimkou motocyklů bez postranního vozíku.;Je zakázán vjezd všem motorovým vozidlům.;b;obrázek
917;Znak;inf;24070039;Může řidič jedoucí v přímém směru pokračovat za křižovatkou rychlostí 35 km/h?;Ano.;Ne.;Pouze v noci.;b;obrázek
48;Bez;pre;22020001;Ve vyobrazené dopravní situaci řidič:;musí vnímat riziko špatně viditelných chodců, kteří se pohybují bez retroreflexních prvků, které chodci v obci nemusí mít povinně na sobě.;lépe vnímá chodce, kteří jsou v obci povinni mít na sobě prvky z retroreflexních materiálů.;musí použít dálková světla po celou dobu objíždění chodců pohybujících se po pozemní komunikaci, kteří nepoužijí oděv a vybavení z retroreflexních materiálů.;a;video
548;Prav;sme;22020002;Řidič motorového vozidla z výhledu v dopravní situaci:;porušil pravidla silničního provozu tím, že odbočil přes vyhrazený jízdní pruh.;mohl odbočit vpravo, přičemž nesměl ohrozit a omezit vozidla jedoucí ve vyhrazeném jízdním pruhu.;mohl odbočit vpravo bez ohledu na vozidla jedoucí ve vyhrazeném jízdním pruhu, která nesměla ohrozit a omezit vozidla odbočující z průběžného pruhu.;b;video
983;Znak;upr;22020003;Jako řidič vozidla z výhledu:;na hlavní pozemní komunikaci nemusím reagovat na hrozící nebezpečí střetu, ostatní účastníci jsou povinni odvrátit hrozící nebezpečí střetu, které jsem nezavinil.;na hlavní pozemní komunikaci nemám povinnost sledovat ostatní účastníky provozu.;mám povinnost sledovat situaci provozu, abych v případě nutnosti mohl včasnou reakcí odvrátit hrozící nebezpečí střetu i přesto, že jsem na hlavní pozemní komunikaci.;c;video
21;Bez;ost;22020039;Jakou dopravní situaci byste vyhodnotili jako nejvíce nebezpečnou ?;Rychlý, rovný úsek vozovky;Protijedoucí vozidlo;Odbočující vozidlo;c;video
380;Prav;neh;22050001;Ve vyobrazené dopravní situaci na silnici pro motorová vozidla:;řidiči všech vozidel mají povinnost se zařadit co nejvíce vlevo, aby při pravém okraji komunikace vytvořili prostor pro průjezd vozidla s právem přednostní jízdy z důvodu kolony stojících a pomalu jedoucích vozidel.;řidič červeného vozidla nesplnil povinnost vytvořit prostor pro průjezd vozidla s právem přednostní jízdy z důvodu kolony stojících a pomalu jedoucích vozidel.;jsou řidiči vozidel povinni vytvořit prostor pro průjezd vozidla s právem přednostní jízdy až v okamžiku jeho příjezdu.;b;video
655;Res;neb;22050002;Ve vyobrazené dopravní situaci:;by měli řidič vozidla z výhledu i cyklista předvídat možnost otevření dveří do vozovky vzhledem k vystupující osobě z vozidla na chodník.;nesmí cyklista vyjet z jízdního pruhu pro cyklisty z důvodu vyhýbání se překážce a musí jet takovou rychlostí, aby před ní stačil zastavit.;cyklista porušil pravidla silničního provozu, protože nedodržel minimální bezpečný boční odstup 1,5 m od zaparkovaných vozidel.;a;video
656;Res;neb;22050003;Pohybují-li se pomalu nebo stojí-li vozidla za sebou:;může motocyklista jedoucí stejným směrem tato vozidla předjíždět nebo objíždět z pravé strany po pravém okraji vozovky nebo krajnici. To neplatí, odbočuje-li vozidlo vpravo a dává-li znamení o změně směru jízdy.;může motocyklista tato vozidla předjíždět nebo objíždět, pokud je mezi vozidly dostatek místa.;může cyklista jedoucí stejným směrem tato vozidla předjíždět nebo objíždět z pravé strany po pravém okraji vozovky nebo krajnici. To neplatí, odbočuje-li vozidlo vpravo a dává-li znamení o změně směru jízdy.;c;video
657;Res;neb;22050004;Ve vyobrazené dopravní situaci řidič vozidla z výhledu:;aby zabránil střetu s motocyklistou, sníží rychlost jízdy a přestože odbočuje vlevo, uhýbá k pravému okraji vozovky.;musí se zařadit co nejdále vlevo v části vozovky určené pro jeho směr jízdy, neboť odbočuje vlevo, na předjíždějícího motocyklistu nemusí brát ohled.;aby zabránil střetu s motocyklistou musí se zařadit co nejdále vlevo v části vozovky určené pro jeho směr jízdy a vytvořit tak bezpečný prostor v pravé části vozovky.;a;video
658;Res;neb;22050005;Ve vyobrazené dopravní situaci musí řidič vozidla z výhledu:;umožnit vyjetí autobusu ze zastávky.;zastavit a pokračovat v jízdě až po vyjetí autobusu ze zastávky, aby se předešlo střetu s chodci, kteří mohou vyběhnout zpoza autobusu do vozovky.;přizpůsobit své chování a rychlost vozidla tak, aby mohl včas reagovat na případné vběhnutí chodců zpoza autobusu do vozovky.;c;video
659;Res;neb;22050006;S ohledem na defenzivní způsob jízdy řidič vozidla z výhledu:;věnuje pozornost pouze chodcům, jinak má dostatečný přímý rozhled a nemusí tak snižovat rychlost jízdy, protože je na hlavní pozemní komunikaci.;by měl zvýšit pozornost a přizpůsobit svou jízdu zejména kvůli omezenému výhledu způsobenému zastavením autobusu v zastávce.;musí zastavit vozidlo za autobusem a vyčkat jeho odjezdu ze zastávky.;b;video
660;Res;neb;22100001;Vyhodnoťte nejzávažnější riziko v animaci:;dodávka na vedlejší pozemní komunikaci.;přecházející chodkyně.;cyklista.;c;video
661;Res;neb;22100002;Ve vyobrazené dopravní situaci:;By řidiči měli v souvislosti s klimatickými podmínkami očekávat možnost vzniku překážky a rizikového chování ostatních řidičů.;Při ztížených klimatických podmínkách si řidič jedoucí první určuje směr jízdy a ostatní řidiči se musí přizpůsobit jeho jízdě.;Svislá dopravní značka zakazuje přejíždět do levého jízdního pruhu při ztížených klimatických podmínkách.;a;video
662;Res;neb;22100003;Jaká pravidla silničního provozu musíme dodržovat v následující dopravní situaci?;Dodržovat nejvyšší dovolenou rychlost 30 km/h.;Počínat si zvláště obezřetně vůči ostatním účastníkům provozu a při výjezdu z obytné zóny dávat přednost všem účastníkům silničního provozu.;Dávat přednost všem couvajícím vozidlům, hrajícím si dětem na vozovce a psům na vodítku, dodržovat nejvyšší povolenou rychlosti 25 km/h.;b;video
663;Res;neb;22100004;Řidič vozidla z výhledu:;musí sledovat situaci v provozu a dát přednost v jízdě vozidlům vyjíždějícím z pozemní komunikace označené červenými směrovými sloupky.;je upozorněn červenými směrovými sloupky na riziková místa, kde může docházet k výjezdům zemědělské techniky.;se v úseku označeném červenými směrovými sloupky může pohybovat nejvyšší dovolenou rychlostí 70 km/hod.;b;video
664;Res;neb;22100005;Ve vyobrazené dopravní situaci:;řidič vozidla z výhledu jel na pozemní komunikaci mimo obec vyšší rychlostí, než mu zákon umožňuje.;řidič červeného vozidla nepřizpůsobil rychlost při průjezdu zatáčkou na mokré vozovce.;řidič červeného vozidla nemohl předvídat možnost smyku svého vozidla.;b;video
665;Res;neb;22100006;Ve vyobrazené dopravní situaci řidič vozidla z výhledu:;může objíždět tramvaj, pokud neohrozí osoby vystupující z tramvaje.;může objíždět tramvaj, pokud neohrozí protijedoucí řidiče.;nesmí objíždět tramvaj, pokud to není umožněno dopravní značkou „Objíždění tramvaje“.;c;video
666;Res;neb;22100007;S ohledem na defenzivní způsob jízdy řidič vozidla z výhledu:;zvýší rychlost jízdy a předjede jezdce na koloběžce ještě před zúžením.;nebude v této dopravní situaci předjíždět jezdce na koloběžce a bude dodržovat bezpečnou vzdálenost minimálně 2 sekundy.;nebude v této dopravní situaci předjíždět jezdce na koloběžce a bude dodržovat bezpečnou vzdálenost 0,7 sekundy na reakční dobu řidiče plus 0,3 sekundy na prodlevu brzd.;b;video
667;Res;neb;22100008;Ve vyobrazené dopravní situaci chodkyně na přechodu pro chodce;se před přecházením po přechodu pro chodce musela přesvědčit, zda pozemní komunikaci může přejít, aby nevstoupila bezprostředně před jedoucí vozidlo.;se před přecházením po přechodu pro chodce nemusela přesvědčit, zda pozemní komunikaci může přejít, protože má na přechodu pro chodce absolutní přednost.;se při přecházení po přechodu pro chodce nemusí věnovat situaci v provozu.;a;video
668;Res;neb;22100009;Dodržel řidič vozidla z výhledu bezpečnou vzdálenost pro případnou náhlou změnu jízdy nebo pád cyklisty?;nedodržel bezpečnou vzdálenost pro jízdu předepsanou v piktogramovém koridoru pro cyklisty.;dodržel bezpečnou vzdálenost, ale překročil nejvyšší dovolenou rychlost.;dodržel bezpečnou vzdálenost za cyklistou.;c;video
669;Res;neb;22100010;Ve vyobrazené dopravní situaci řidič kamionu při odbočování vpravo;vjel neoprávněně do protisměru a tím ohrozil protijedoucí vozidlo z výhledu.;mohl vybočit ze směru své jízdy vlevo s ohledem na rozměry vozidla.;nedal přednost v jízdě řidiči vozidla z výhledu, který jel po hlavní pozemní komunikaci.;b;video
670;Res;neb;22100011;Dodržel řidič vozidla z výhledu bezpečnou vzdálenost a nejvyšší dovolenou rychlost?;Nedodržel bezpečnou vzdálenost a překročil nejvyšší dovolenou rychlost.;Dodržel bezpečnou vzdálenost, ale překročil nejvyšší dovolenou rychlost na železničním přejezdu.;Dodržel bezpečnou vzdálenost a nepřekročil nejvyšší dovolenou rychlost.;c;video
551;Prav;sme;23030001;Řidič nákladního vozidla ve vyobrazené dopravní situaci při odbočování vpravo s ohledem na rozměry vozidla musel nejdříve vybočit ze směru své jízdy vlevo a přitom;musel dát nejdříve znamení o změně směru jízdy vlevo a poté vpravo.;musel dávat pouze znamení o změně směru jízdy vpravo.;nemusel dávat znamení o změně směru jízdy.;b;video
347;Prav;mhd;23030002;Ve vyobrazené dopravní situaci řidič osobního motorového vozidla;nesměl umožnit vyjetí autobusu ze zastávky, protože by snížením rychlosti jízdy, případně zastavením, mohl ohrozit řidiče za ním jedoucích vozidel.;musel snížit rychlost jízdy, případně zastavit, aby umožnil vyjetí autobusu ze zastávky.;nemusel umožnit vyjetí autobusu ze zastávky, ale jedná se o slušnost vůči řidiči autobusu.;b;video
115;Bez;rid;23030003;Provedl řidič nákladního vozidla ve vyobrazené dopravní situaci odbočení vlevo bezpečně a v souladu s pravidly silničního provozu?;Ne, měl omezený přímý výhled způsobený protijedoucím vozidlem odbočujícím vlevo a zároveň nezohlednil délku svého vozidla.;Ne, měl omezený přímý výhled způsobený protijedoucím vozidlem odbočujícím vlevo. Délku vozidla zohlednit nemusel.;Ano, řidič nákladního vozidla měl dostatečný rozhled a při odbočení neomezil ani neohrozil protijedoucího řidiče vozidla z výhledu.;a;video
54;Bez;pre;23060001;Ve vyobrazené dopravní situaci řidič vozidla z výhledu;nemusel zastavit před přechodem pro chodce, nevidomý chodec byl ještě daleko od místa přecházení vozovky a řidič měl dostatek času přechod pro chodce přejet, aniž by chodce ohrozil nebo omezil.;musel umožnit nevidomému chodci nerušené a bezpečné přejití vozovky, protože bylo zřejmé, že nevidomý chodec hodlá přecházet vozovku po přechodu pro chodce.;nemusel umožnit nevidomému chodci přejití vozovky, protože ten se dopustil přestupku, kdy hodlal sám, bez doprovodu přecházet vozovku.;b;video
55;Bez;pre;23060002;Nevidomý chodec signalizuje úmysl přejít vozovku;ťukáním bílé slepecké hole o konec chodníku.;mávnutím bílou slepeckou holí ve směru přecházení.;otočením hlavy ze strany na stranu, jako kdyby se rozhlížel.;b;video
56;Bez;pre;23060003;Řidič vozidla z výhledu ve vyobrazené dopravní situaci;nemusel dbát zvýšené opatrnosti, protože nevidomý chodec šel po chodníku a neměl tedy důvod této situaci přizpůsobit svou jízdu.;musel dbát zvýšené opatrnosti a dodržet zákonem stanovený odstup minimálně 2 m od nevidomého chodce, aby mohl zabránit případné kolizi.;musel dbát zvýšené opatrnosti i v případě, že šel nevidomý chodec po chodníku a přizpůsobit svou jízdu tak, aby byl schopný reagovat na případnou neočekávanou reakci nevidomého chodce.;c;video
117;Bez;rid;23060004;Při průjezdu levotočivé zatáčky s ohledem na zásady bezpečné jízdy řidič motocyklu;může tělem přesahovat do protisměrného jízdního pruhu, nesmí přesáhnout podélnou čáru souvislou koly motocyklu.;neměl by tělem přesahovat podélnou čáru souvislou, aby předcházel rizikovým situacím.;může tělem přesahovat do protisměrného jízdního pruhu, jelikož může kdykoli narovnat motocykl, vyhnout se překážce a následně pokračovat v průjezdu zatáčkou.;b;video
118;Bez;rid;23060005;Pro optimální průjezd pravotočivou zatáčkou s ohledem na zásady bezpečné jízdy najíždí řidič motocyklu do zatáčky;do levé části svého jízdního pruhu, má tak větší poloměr při průjezdu zatáčkou a dříve tak vidí do zatáčky.;v pravé části svého jízdního pruhu, má tak větší poloměr při průjezdu zatáčkou a dříve tak vidí do zatáčky.;ke středu svého jízdního pruhu, má tak menší poloměr při průjezdu zatáčkou, není nutné, aby viděl co nejdále do zatáčky.;a;video
348;Prav;mhd;23060006;Došlo ve vyobrazené dopravní situaci k porušení pravidel silničního provozu?;Ano, řidič motocyklu musel zastavit za autobusem, který stojí v obci v zastávce a pokračovat až po jeho odjetí.;Ano, chodec se před tím, než vstoupil na přechod pro chodce nepřesvědčil o situaci v provozu a vběhl bezprostředně před řidiče motocyklu.;Ne, chodec má na přechodu přednost a řidič motocyklu tomu přizpůsobil rychlost své jízdy.;b;video
999;Znak;vod;23060007;Jak se musí ve vyobrazené dopravní situaci zachovat řidič vozidla z výhledu v místě označeném bílou klikatou čárou na vozovce za dopravní značkou ,,Chodci”?;Musí zde projíždět se zvýšenou opatrností a přizpůsobit rychlost jízdy zvýšenému pohybu chodců.;Musí kvůli zvýšenému pohybu chodců jet v bezpečném odstupu od kraje vozovky. Povinný odstup od kraje vozovky je vyznačen bílou klikatou čárou na vozovce.;Musí umožnit chodcům, aby v tomto místě přešli vozovku a to zpomalením nebo i zastavením vozidla.;a;video
57;Bez;pre;23060008;Ve vyobrazené dopravní situaci osoba na osobním přepravníku;mohla jet po chodníku a přejet po přechodu pro chodce.;nesměla jet ani po chodníku, ani přejet po přechodu pro chodce.;mohla jet po chodníku, ale nesměla přejet po přechodu pro chodce.;a;video
553;Prav;sme;23060009;Porušili řidič vozidla z výhledu a řidič bílého osobního vozidla ve vyobrazené dopravní situaci při předjíždění cyklisty pravidla silničního provozu?;Ano porušili, předjížděli cyklistu v místě, kde byla na vozovce vyznačena podélná čára souvislá.;Ano porušili, mohli sice cyklistu předjíždět, ale nesměli přitom přejet podélnou čáru souvislou.;Ne neporušili, při předjíždění cyklisty mohli přejet podélnou čáru souvislou, aby dodrželi minimální boční odstup 1,5 m.;c;video
554;Prav;sme;23060010;Musí řidič vozidla z výhledu ve vyobrazené dopravní situaci dodržet zákonem stanovený bezpečný boční odstup nejméně 1,5 m od cyklisty?;Ano, cyklista jede ve vyhrazeném jízdním pruhu pro cyklisty, jedná se o předjíždění cyklisty řidičem.;Ne, cyklista jede ve vyhrazeném jízdním pruhu pro cyklisty, nejedná se tedy o předjíždění.;Ano, pokud však cyklista jede ve vyhrazeném jízdním pruhu pro cyklisty, bezpečný boční odstup je stanoven na nejméně 1 m.;b;video
672;Res;neb;23060011;Vyhodnoťte nejzávažnější riziko v ukázce;chodec na přechodu pro chodce.;jezdec na koloběžce na přechodu pro chodce.;autobus stojící v autobusové zastávce.;b;video
463;Prav;pra;24030036;Zachoval se řidič vozidla z výhledu při zařazování do průběžného jízdního pruhu správně?;ne, na konci připojovacího pruhu měl zastavit a zařadit se až poté, kdy se přesvědčil o tom, že situace v průběžném jízdním pruhu mu to umožňuje.;ano, využil celou délku připojovacího pruhu, aby dosáhl rychlosti vozidel v průběžném jízdním pruhu a zařadil se do něj.;ne, do průběžného jízdního pruhu měl najet okamžitě na začátku připojovacího pruhu, protože v průběžném jízdním pruhu nejelo žádné vozidlo.;b;video
464;Prav;pra;24030037;Ve vyobrazené dopravní situaci řidič vozidla jedoucí v průběžném jízdním pruhu:;způsobil nebezpečnou dopravní situaci, tím, že zastavil v průběžném jízdním pruhu.;správně zastavil, aby umožnil zařazení vozidla z připojovacího pruhu.;měl umožnit najetí vozidla z připojovacího pruhu najetím do levého jízdního pruhu.;a;video
561;Prav;sme;24030038;Ve vyobrazené dopravní situaci řidič protijedoucího vozidla:;nesměl v daném místě předjíždět.;předjížděl bezpečně, dostatečná šířka vozovky umožňovala, aby se protijedoucí vozidla vyhnula.;při předjíždění ohrozil řidiče vozidla z výhledu.;c;video
32;Bez;ost;24030039;Dodržel řidič vozidla z výhledu v ukázce dostatečnou bezpečnou vzdálenost od před ním jedoucího vozidla?;Ano, vzdálenost mezi vozidly byla minimálně 1 sekundu.;Ano, vzdálenost mezi vozidly byla minimálně 2 sekundy.;Ne, bezpečná vzdálenost byla nedostatečná.;b;video
915;Znak;inf;24030040;Jak se zachováte jako řidič vozidla z výhledu v ukázce v úseku s vyznačenými šipkami na vozovce?;Pojedu tak, aby vzdálenost od vozidla přede mnou odpovídala minimálně vzdálenosti dvou celých šipek na vozovce.;Zvětším vzdálenost, tak abych viděl minimálně 3 šipky na vozovce mezi mnou a vozidlem přede mnou.;Zpomalím, šipky jsou optickou brzdou a upozorňují mě na rizikové místo na komunikaci.;a;video
33;Bez;ost;24030041;Jak se jako řidič vozidla z výhledu zachovám ve vyobrazené dopravní situaci s ohledem na zásady bezpečné a defenzivní jízdy?;Budu pokračovat stejnou rychlostí, situace v levém jízdním pruhu se mě netýká.;Zpomalím, abych vytvořil větší prostor pro řešení rizikové situace.;Zvýším rychlost jízdy tak, abych se vyhnul rizikové situaci v levém jízdním pruhu.;b;video
673;Res;neb;24030042;K jakému porušení silničních pravidel ve vyobrazené dopravní situaci došlo?;Řidič autobusu nedal přednost v jízdě řidiči vozidla z výhledu, který vjížděl na kruhový objezd.;Řidič modrého vozidla, které vjíždělo na kruhový objezd, nedal přednost v jízdě řidiči vozidla z výhledu, který jel po kruhovém objezdu.;Řidič vozidla z výhledu nesměl zastavit před přechodem pro chodce při výjezdu z kruhového objezdu.;b;video
674;Res;neb;24030043;K jakému porušení silničních pravidel došlo ve vyobrazené dopravní situaci?;Řidič vozidla z výhledu ohrozil chodkyni, která přecházela po přechodu pro chodce.;Chodkyně se před vstupem do vozovky nerozhlédla, nevěnovala se situaci v provozu.;Řidič vozidla z výhledu zastavil před přechodem pro chodce v místě výjezdu z kruhového objezdu.;b;video
465;Prav;pra;24030044;Musí ve vyobrazené dopravní situaci řidič vozidla z výhledu zastavit vozidlo před jednokolejným železničním přejezdem?;Nemusí, protože právě přejel vlak. Jedná se o jednokolejný přejezd, nemůže tedy ihned po něm jet vlak další.;Musí, protože mu to přikazuje svislá dopravní značka.;Musí, protože řidič má povinnost zastavit před každým železničním přejezdem.;b;video
679;Res;neb;24030045;Jako řidič vozidla z výhledu:;na hlavní pozemní komunikaci nemusím reagovat na hrozící nebezpečí střetu, ostatní účastníci jsou povinni odvrátit hrozící nebezpečí střetu, které jsem nezavinil.;na hlavní pozemní komunikaci nemám povinnost sledovat ostatní účastníky provozu.;mám povinnost sledovat situaci v provozu, abych v případě nutnosti mohl včasnou reakcí odvrátit hrozící nebezpečí střetu i přesto, že jsem na hlavní pozemní komunikaci.;c;video
128;Bez;rid;24070001;Musí řidič vozidla z výhledu sledovat i situaci vpravo, v místě podélně zaparkovaných vozidel?;Ano, řidič je povinen sledovat situaci v provozu na pozemních komunikacích a předvídat hrozící nebezpečí spočívající mj. i v tom, že některý z parkujících řidičů může při vyjíždění z parkovacího místa za ním jedoucí vozidlo přehlédnout.;Nemusí, jede po hlavní komunikaci a řidiči ostatních vozidel mu musí dát přednost v jízdě.;Musí, protože má povinnost umožnit vyjetí řidiči zaparkovaného vozidla.;a;video
493;Prav;riz;24070002;Cyklista starší 10 let ve vyobrazené dopravní situaci:;Nesmí jet po chodníku, ale smí jet po přechodu pro chodce.;Nesmí jet po chodníku ani po přechodu pro chodce.;Smí přejet po vyznačeném přejezdu pro cyklisty.;b;video
494;Prav;riz;24070003;Jak se zachoval řidič oranžového vozidla ve vyobrazené dopravní situaci, přijíždějící k železničnímu přejezdu, před kterým je umístěna dopravní značka “Stůj, dej přednost v jízdě!”?;Správně odhadl dobu, kdy ještě bylo možné přejet bezpečně železniční přejezd.;Měl za povinnost zastavit vozidlo před železničním přejezdem, protože mu to přikazovala svislá dopravní značka.;Měl za povinnost zastavit vozidlo před železničním přejezdem, protože se jednalo o jednokolejný železniční přejezd.;b;video
63;Bez;pre;24070004;Ve vyobrazené dopravní situaci:;Chodec nesmí vstoupit na přechod pro chodce do doby, než zastaví vozidla řidiči jedoucí v obou jízdních pruzích v jednom směru.;Řidič vozidla jedoucí v levém jízdním pruhu, nemusí před přechodem pro chodce zastavit vozidlo, má dostatek času projet aniž by ohrozil nebo neohrozil chodce.;Řidič vozidla, který jede v levém jízdním pruhu, měl za povinnost zastavit vozidlo před přechodem pro chodce, protože zde zastavili řidiči vozidel jedoucích stejným směrem.;c;video
562;Prav;sme;24070005;Dodrželi řidiči vozidel odbočující na křižovatce vlevo pravidla provozu?;Ne, měli se správně vyhýbat vlevo.;Ano, oba dali znamení o změně směru jízdy.;Ne, před odbočováním vlevo měli povinnost se zařadit co nejblíže k pravému okraji vozovky.;a;video
563;Prav;sme;24070006;Řidič černého vozidla:;Nemusí dát znamení o změně směru jízdy, protože jede po hlavní pozemní komunikaci.;Musí dát znamení o změně směru jízdy, protože mění směr jízdy doleva.;Musí dát znamení o změně směru jízdy, protože odbočuje na vedlejší pozemní komunikaci.;b;video
350;Prav;mhd;24070007;Dodržel řidič bílého vozidla pravidla silničního provozu?;Ne, otáčení přes tramvajový pás je zakázáno.;Ne, otáčení na přechodu pro chodce je zakázáno.;Ano, na přechodu pro chodce nebyli chodci, které by ohrozil nebo omezil.;b;video
648;Res;kri;24070008;Řidič vozidla z výhledu na křižovatce:;Má přednost v jízdě před řidičem protijedoucího vozidla.;Musí dát přednost v jízdě řidiči protijedoucího vozidla odbočujícího vlevo.;Musí na takovém místě, odkud má náležitý rozhled, na příkaz svislé dopravní značky zastavit vozidlo.;a;video
957;Znak;slo;24070009;Řidič zeleného vozidla v dané dopravní situaci:;Může odbočit pouze v případě, že odbočuje do místa vyznačeného červenými směrovými sloupky.;Může odbočit vlevo, nesmí však ohrozit řidiče protijedoucího vozidla.;Nesmí v tomto místě odbočit vlevo.;c;video
564;Prav;sme;24070010;Došlo ve vyobrazené dopravní situaci k porušení pravidel silničního provozu?;Ne, oba řidiči odbočili v souladu s pravidly silničního provozu.;Ano, řidič motocyklu nesměl při odbočování vpravo najíždět do levého jízdního pruhu.;Ano, řidič protijedoucího osobního vozidla při odbočování vlevo byl povinen dát přednost v jízdě řidiči motocyklu.;c;video
34;Bez;pre;6040174;Ve výhledu z motorového vozidla vidíte děti, které si hrají na chodníku. Jak se zachováte?;Budete s ohledem na možné vběhnutí dětí do vozovky připraven(-a) brzdit a podle okolností snížíte rychlost jízdy.;Protože jsou děti na chodníku, nemáte důvod ke zvýšení opatrnosti ani ke změně způsobu jízdy.;Z dostatečné vzdálenosti upozorníte hrající si děti na možné nebezpečí zvukovým výstražným znamením.;a;
495;Prav;sme;6040187;Řidič, který při předjíždění motorového vozidla vybočuje ze směru své jízdy:;Nemusí dávat znamení o změně směru jízdy.;Musí dávat znamení o změně směru jízdy.;Dává znamení o změně směru jízdy jen tehdy, vyžaduje-li to bezpečnost provozu.;b;
295;Med;;6040213;Zraněný si po dopravní nehodě stěžuje na bolesti břicha a pocit žízně:;Nepodáváme mu žádné nápoje.;Podáváme mu studené nápoje.;Podáváme mu dostatek vlažných nápojů.;a;
841;Voz;sve;6040223;Vozidlo vjíždějící na pozemní komunikaci:;Musí být předem očištěno tak, aby neznečišťovalo pozemní komunikaci.;Musí být v případě, že tak lze učinit bez větších obtíží, předem očištěno.;Musí být očištěno na nejbližším vhodném místě po vjetí na pozemní komunikaci.;a;
703;Souv;pro;6040230;Pojištění odpovědnosti z provozu vozidla se vztahuje na:;Každou osobu, která odpovídá za škodu způsobenou provozem vozidla uvedeného v pojistné smlouvě.;Vlastníka vozidla, který odpovídá za škodu způsobenou provozem vozidla. Na ostatní uživatele vozidla se toto pojištění nevztahuje.;Vlastníka vozidla při účasti na organizovaném motoristickém závodu, kde řidič není povinen dodržovat pravidla o provozu na pozemních komunikacích.;a;
704;Souv;pro;6040232;Provozovatel motorového vozidla odpovídá:;Za škodu vyvolanou zvláštní povahou provozu motorového vozidla.;Pouze za škodu, která byla vyvolána porušením jeho právních povinností.;Pouze za škodu, která byla vyvolána porušením povinností řidiče tohoto vozidla.;a;
332;Prav;mhd;6040239;"Autobus s označením ""Označení autobusu přepravujícího děti"" zastavil v označené zastávce. Řidič vozidla, které jede za ním:";Je povinen zastavit vozidlo za tímto autobusem a pokračovat v jízdě může až po odjezdu autobusu ze zastávky.;Smí tento autobus objet, pokud při tom dbá zvýšené opatrnosti a přihlédne k možnosti vběhnutí dětí do vozovky.;Smí autobus objet, jen pokud mu dopravce dává znamení, že je možné autobus bezpečně objet.;a;
496;Prav;sme;6040240;Na pozemní komunikaci objíždí vozidlo překážku. Musí jeho řidič dávat znamení o změně směru své jízdy?;Ano.;Ne.;;a;
497;Prav;sme;6040251;Po předjetí jiného vozidla máte v úmyslu se zařadit před toto vozidlo. Musíte dávat znamení o změně směru jízdy?;Ano. ;Ne.;;a;
351;Prav;neh;6040255;V tunelu došlo k poruše motorového vozidla, které se stalo nepojízdným. Jako řidič takového vozidla nesmíte:;Kouřit nebo zacházet s otevřeným ohněm.;Opustit vozidlo.;Zastavovat jiná vozidla.;a;
932;Znak;sem;6040259;"Svítí-li světlo signálu se žlutým světlem ""Pozor!"" na křižovatce přerušovaně:";Nejde o křižovatku s provozem řízeným světelnými signály.;Znamená to pro řidiče povinnost neprodleně křižovatku opustit.;Je to signál pro řidiče k volnému průjezdu křižovatkou.;a;
403;Prav;pra;6040268;Řidič nesmí překročit:;Nejvyšší povolenou rychlost vozidla, a jde-li o jízdní soupravu, nejvyšší povolenou rychlost žádného z vozidel soupravy.;Nejvyšší povolenou rychlost vozidla, a jde-li o jízdní soupravu, nemusí brát zřetel na nejvyšší povolenou rychlost přípojného vozidla.;Nejvyšší povolenou rychlost vozidla, a jde-li o jízdní soupravu, musí brát zřetel jen na nejvyšší povolenou rychlost přípojného vozidla.;a;
333;Prav;mhd;6040276;Řidič vozidla, který nehodlá nebo nemůže projet podél tramvaje vpravo:;Musí za ní jet v takové vzdálenosti, aby umožnil projetí podél tramvaje ostatním řidičům.;Musí pokračovat v jízdě za tramvají až na takové místo, kde lze podél tramvaje projet vpravo.;Musí zastavit vozidlo a umožnit ostatním řidičům projetí podél tramvaje.;a;
352;Prav;neh;6040277;Řidič, který měl účast na dopravní nehodě, je povinen:;Neprodleně zastavit vozidlo.;Neprodleně zastavit vozidlo, jen pokud došlo ke zranění nebo usmrcení osob.;Neprodleně zastavit vozidlo, jen pokud došlo při této nehodě ke škodě na majetku převyšující částku 50 000 Kč nebo ke zranění nebo usmrcení osob.;a;
1;Bez;ost;6040278;Zapnutím výstražného světelného znamení dává řidič upozornění, pokud:;Je nutné náhle snížit rychlost jízdy nebo zastavit vozidlo.;Řidič před vozidlem jede pomalu a zdržuje provoz na pozemních komunikacích.;Předjíždí kolonu vozidel, která jej zpomaluje v jízdě.;a;
498;Prav;sme;6040287;Řidič motorového vozidla smí dávat světelné výstražné znamení krátkým přerušovaným rozsvícením dálkových světel nebo přepínáním potkávacích a dálkových světel:;Jen mimo obec při předjíždění k upozornění řidiče předjížděného vozidla.;Pouze k odvrácení hrozícího nebezpečí nebo k upozornění řidiče předjížděného vozidla.;Pokud chce upozornit ostatní řidiče na silniční kontrolu.;b;
499;Prav;sme;6040297;Řidič při vyjíždění z kruhového objezdu:;Je povinen dát znamení o změně směru jízdy vpravo.;Není povinen dát znamení o změně směru jízdy.;Je povinen upozornit ostatní účastníky provozu o svém úmyslu výstražným světelným znamením.;a;
500;Prav;sme;6040298;Řidič vjíždějící z účelové pozemní komunikace na jinou pozemní komunikaci:;Nemusí dát přednost v jízdě vozidlům nebo jezdcům na zvířatech nebo organizovanému útvaru chodců nebo průvodcům hnaných zvířat se zvířaty jdoucím po pozemní komunikaci.;Musí dát přednost v jízdě vozidlům nebo jezdcům na zvířatech nebo organizovanému útvaru chodců nebo průvodcům hnaných zvířat se zvířaty jdoucím po pozemní komunikaci.;Nemusí dát přednost jezdcům na zvířatech nebo organizovanému útvaru chodců jdoucím po pozemní komunikaci, musí dát přednost v jízdě pouze vozidlům jedoucím po pozemní komunikaci.;b;
813;Voz;spo;6040299;Kdo odpovídá za umístění a upevnění dětské autosedačky v souladu s návodem k jejímu použití?;Vždy řidič vozidla.;Zákonný zástupce dítěte nebo jím pověřená osoba.;Osoba, která dítě doprovází, a u dítěte bez doprovodu řidič.;a;
334;Prav;mhd;6040308;Za vozidlem hromadné dopravy osob, které zastavilo v obci v zastávce bez nástupního ostrůvku nebo bez nástupiště na zvýšeném tramvajovém pásu, musí řidič jiného vozidla:;Snížit rychlost vozidla s ohledem na bezpečnost nastupujících a vystupujících cestujících.;"Vozidlo zastavit; je-li v zastávce více vozidel hromadné dopravy osob, musí zastavit za druhým z nich, pokračovat v jízdě smí teprve tehdy, neohrozí-li již cestující, kteří nastupují nebo vystupují.";Vozidlo zastavit i v případě, zastaví-li vozidlo hromadné dopravy osob u okraje vozovky.;b;
569;Prav;sta;6040315;Řidič vozidla, které zastavilo nebo stálo a opět vyjíždí od okraje pozemní komunikace nebo od chodníku:;Musí dávat znamení o změně směru jízdy a nesmí ohrozit ani omezit ostatní účastníky provozu na pozemních komunikacích.;Nemusí dávat znamení o změně směru jízdy a může omezit ostatní účastníky provozu na pozemních komunikacích.;Musí dávat znamení o změně směru jízdy a nesmí ohrozit ostatní účastníky provozu na pozemních komunikacích.;c;
570;Prav;sta;6040328;Na jednosměrné pozemní komunikaci smí řidič zastavit a stát:;Pouze vpravo.;Pouze vlevo.;Vpravo i vlevo.;c;
933;Znak;sem;6040342;"Před železničním přejezdem, u kterého je umístěna dopravní značka ""Stůj, dej přednost v jízdě!"", musí řidič zastavit vozidlo:";Na takovém místě, odkud má náležitý rozhled na trať.;Nejdále 5 m za touto dopravní značkou.;Nejméně 5 m před železničním přejezdem.;a;
571;Prav;sta;6040347;Na silniční vegetaci, pokud to není povoleno místní úpravou na pozemní komunikaci:;Řidič může zastavit na dobu nezbytně nutnou.;Řidič nesmí zastavit a stát.;Řidič může zastavit, nikoli však stát.;b;
713;Souv;pru;6050037;Podmínky pro udělení příslušného řidičského oprávnění musí osoba splňovat:;Po celou dobu držení tohoto řidičského oprávnění.;Pouze v okamžiku udělení tohoto řidičského oprávnění.;Pouze v okamžiku udělení tohoto řidičského oprávnění nebo při přezkoušení z odborné způsobilosti.;a;
156;C;;6050108;Jste držitelem řidičského oprávnění skupiny C. K motorovému vozidlu se třemi místy k sezení, jehož maximální přípustná hmotnost je 11.500 kg, smíte připojit:;Přípojné vozidlo o maximální přípustné hmotnosti nepřevyšující 750 kg.;Přípojné vozidlo o maximální přípustné hmotnosti nepřevyšující 1.000 kg.;Přípojné vozidlo o maximální přípustné hmotnosti nepřevyšující 11.500 kg.;a;
167;D;;6050109;Které z následujících motorových vozidel smíte řídit s řidičským oprávněním skupiny D:;Motorové vozidlo určené pro přepravu osob, s deseti místy k sezení, jehož maximální přípustná hmotnost je 7.500 kg.;Motorové vozidlo určené pro přepravu nákladu, se třemi místy k sezení, jehož maximální přípustná hmotnost je 7.900 kg.;Motorové vozidlo určené pro přepravu nákladu, se dvěma místy k sezení, jehož maximální přípustná hmotnost je 12.000 kg.;a;
168;D;;6050115;Řídit motorové vozidlo určené pro přepravu nákladu, se dvěma místy k sezení, jehož maximální přípustná hmotnost je 8.000 kg, pouze na základě řidičského oprávnění skupiny D:;Nesmíte.;Smíte, a to bez omezení.;Smíte, pokud okamžitá hmotnost tohoto vozidla nepřevyšuje celkovou hmotnost autobusu srovnatelných vnějších rozměrů.;a;
169;D;;6050116;Které z následujících motorových vozidel smíte řídit s řidičským oprávněním skupiny D:;Motorové vozidlo s padesáti místy k sezení, jehož maximální přípustná hmotnost je 14.800 kg.;Motorové vozidlo se třemi místy k sezení, jehož maximální přípustná hmotnost je 15.500 kg.;Motocykl s postranním vozíkem o objemu válců 498 cm3 a výkonu 37 kW.;a;
170;D;;6050117;S řidičským oprávněním skupiny D smíte řídit jízdní soupravu za předpokladu, že k motorovému vozidlu, k jehož řízení řidičské oprávnění skupiny D opravňuje, připojíte:;Přípojné vozidlo o maximální přípustné hmotnosti nepřevyšující 750 kg.;Přípojné vozidlo o maximální přípustné hmotnosti nepřevyšující 1.000 kg.;Přípojné vozidlo o maximální přípustné hmotnosti nepřevyšující 1.250 kg.;a;
157;C;;6050118;Řídit motorové vozidlo určené pro přepravu osob, s dvaceti místy k sezení, jehož maximální přípustná hmotnost je 8.000 kg, pouze na základě řidičského oprávnění skupiny C:;Nesmíte.;Smíte, a to bez omezení.;Smíte, pokud počet přepravovaných osob nepřekročí 8 osob.;a;
158;C;;6050127;Které z následujících motorových vozidel nesmíte řídit s řidičským oprávněním skupiny C:;Motorové vozidlo určené pro přepravu nákladu, se dvěma místy k sezení, jehož maximální přípustná hmotnost je 12.000 kg.;Motorové vozidlo určené pro přepravu nákladu, se třemi místy k sezení, jehož maximální přípustná hmotnost je 7.900 kg.;Motorové vozidlo určené pro přepravu osob, s deseti místy k sezení, jehož maximální přípustná hmotnost je 7.500 kg.;c;
159;C;;6050130;Které z následujících motorových vozidel smíte řídit na základě řidičského oprávněním skupiny C:;Motorové vozidlo určené pro přepravu nákladu, se dvěma místy k sezení, jehož maximální přípustná hmotnost je 8.000 kg.;Motorové vozidlo určené pro přepravu osob, s patnácti místy k sezení, jehož maximální přípustná hmotnost je 7.850 kg, v němž je v danou chvíli přepravováno pět osob.;Motorové vozidlo určené pro přepravu osob, s dvanácti místy k sezení, jehož maximální přípustná hmotnost je 7.550 kg.;a;
934;Znak;sem;6050135;Světelné signály jsou:;Nadřazeny svislým dopravním značkám upravujícím přednost.;Podřízeny svislým dopravním značkám upravujícím přednost.;Postaveny na roveň svislým dopravním značkám upravujícím přednost.;a;
691;Souv;mir;6050157;Řidič motorového vozidla o maximální přípustné hmotnosti nepřevyšující 3 500 kg a autobusu smí jet:;Na silnici pro motorová vozidla a na dálnici rychlostí nejvýše 130 km.h-1.;Na silnici pro motorová vozidla rychlostí nejvýše 110 km.h-1 a na dálnici rychlostí nejvýše 130 km.h-1.;Na silnici pro motorová vozidla rychlostí nejvýše 110 km.h-1 a na dálnici rychlostí nejvýše 130 km.h-1, s výjimkou řidiče autobusu, který na dálnici smí jet rychlostí nejvýše 110 km.h-1.;b;
296;Med;;6050284;První pomoc je povinen poskytnout:;Jen ten, kdo prošel jakýmkoli zdravotnickým školením.;Každý, kdo tak může učinit bez nebezpečí pro sebe nebo jiného.;Každý, pokud již dosáhl věku 18 let.;b;
842;Voz;sve;6050309;Stanovené osvětlení, odrazky a registrační značka, rozpoznávací značka státu ani vyznačení nejvyšší povolené rychlosti:;Nesmějí být zakryty přepravovaným nákladem ani zařízeními sloužícími k jeho upevnění a ochraně (např. plachta, řetězy nebo lana).;Mohou být zakryty zařízeními sloužícími k upevnění a ochraně nákladu (např. plachta, řetězy nebo lana), nelze-li náklad jinak zajistit.;Mohou být zakryty nákladem, pokud je za jízdy na vozidle v chodu zvláštní výstražné světlo oranžové barvy.;a;
770;Voz;nak;6050310;Za nesnížené viditelnosti při přepravě zemědělských produktů nemusí být zvláštním způsobem označen náklad přečnívající:;Z boku vnější okraj obrysových světel o více než 40 cm.;Vozidlo vzadu o více než 1 metr.;Vozidlo vpředu o více než 1 metr.;a;
771;Voz;nak;6050311;Při přepravě živých zvířat:;Nesmí být ohrožena bezpečnost přepravovaných zvířat.;Musí být vozidlo označeno zvláštním označením pro vozidla přepravující živá zvířata.;Musí být za jízdy na vozidle v chodu zvláštní výstražné světlo oranžové barvy.;a;
772;Voz;nak;6050313;Přečnívá-li za snížené viditelnosti náklad z boku u motorového vozidla nebo jízdní soupravy vnější okraj obrysových světel o více než 40 cm, musí být přečnívající konec nákladu:;Označen červeným praporkem o rozměrech nejméně 20 x 20 cm a dále vzadu červeným světlem a vpředu neoslňujícím bílým světlem.;Označen vzadu červeným světlem a jinou než trojúhelníkovou červenou odrazkou a vpředu neoslňujícím bílým světlem a jinou než trojúhelníkovou bílou odrazkou.;Označen vzadu červeným světlem a trojúhelníkovou červenou odrazkou a vpředu neoslňujícím bílým světlem a trojúhelníkovou bílou odrazkou.;b;
773;Voz;nak;6050314;Zvláštním způsobem musí být označen náklad, který přečnívá vozidlo vpředu nebo vzadu:;O více než 50 cm.;O více než 70 cm.;O více než 1 metr.;c;
774;Voz;nak;6050315;Zvláštním způsobem musí být označen náklad, který z boku u motorového vozidla nebo jízdní soupravy přečnívá:;Vnější okraj obrysových světel o více než 40 cm.;Vnější obrys motorového vozidla nebo jízdní soupravy o více než 20 cm.;Vnější okraj obrysových světel o více než 20 cm.;a;
382;Prav;pol;6050316;K měření rychlosti vozidel je oprávněna:;Policie České republiky a obecní policie.;Policie České republiky.;Policie České republiky, obecní policie a celní správa.;a;
775;Voz;nak;6050317;Náklad, který přečnívá vpředu nebo vzadu vozidlo, musí být zvláštním způsobem označen, pouze pokud takto přečnívá:;O více než 75 cm.;O více než 100 cm.;O více než 125 cm.;b;
572;Prav;sta;6050318;Nakládání či skládání nákladu na pozemní komunikaci:;Je dovoleno jen tehdy, nelze-li to provést mimo pozemní komunikaci.;Je zakázáno. Výjimku může udělit příslušný útvar Policie České republiky.;Je dovoleno, s výjimkou skládání sypkých substrátů (např. písku).;a;
573;Prav;sta;6050319;Nakládání či skládání nákladu na pozemní komunikaci:;Nesmí ohrozit bezpečnost provozu na pozemních komunikacích.;Nesmí omezit plynulost provozu na pozemních komunikacích.;Nesmí probíhat za snížené viditelnosti.;a;
574;Prav;sta;6050320;Při nakládání nebo skládání nákladu na pozemní komunikaci:;Musí být náklad naložen nebo složen co nejrychleji a tak, aby nebyla ohrožena bezpečnost provozu na pozemních komunikacích.;Musí být osoby nakládající nebo skládající náklad oděny ve svrchní části oděvu z retroreflexního materiálu.;Musí být přibrána způsobilá a náležitě poučená osoba, aby nebyla ohrožena bezpečnost provozu na pozemních komunikacích.;a;
776;Voz;nak;6050321;Přepravované věci musí být ve vozidle umístěny:;Tak, aby neomezovaly a neohrožovaly řidiče nebo osoby přepravované ve vozidle a nebránily výhledu z místa řidiče.;Vždy v prostoru uzpůsobeném a určeném pro přepravu zavazadel.;Tak, aby nemohly překážet v rychlém opuštění vozidla, například v případě dopravní nehody.;a;
777;Voz;nak;6050322;Náklad musí být na vozidle umístěn a upevněn:;Tak, aby byla zajištěna stabilita a ovladatelnost vozidla a aby náklad neohrožoval bezpečnost provozu na pozemních komunikacích.;Tak, aby nepřečníval vozidlo vpředu, vzadu ani z boku.;Tak, aby v případě dopravní nehody nemohlo dojít k jeho poškození nebo zničení.;a;
778;Voz;nak;6050324;Při přepravě nákladu nesmějí po straně z vozidla vyčnívat:;Předměty, které lze snadno přehlédnout, jako jsou například jednotlivé tyče nebo roury.;Žádné předměty.;Žádné předměty, které nejsou viditelně označeny červeným praporkem o rozměrech nejméně 30 x 30 cm.;a;
814;Voz;spo;6050330;Ve zvláštním motorovém vozidle nesmějí být přepravovány:;Osoby mladší 18 let.;Osoby starší 60 let.;Osoby mladší 15 let.;c;
383;Prav;pol;6050331;Strážník obecní policie :;Je oprávněn k zastavování vozidel i v civilním oblečení.;Není oprávněn zastavovat vozidla ani ve stejnokroji obecní policie.;Je oprávněn zastavovat vozidla pouze ve stejnokroji obecní policie.;c;
384;Prav;pol;6050332;Celník ve stejnokroji:;Nesmí zastavovat vozidla.;Smí zastavovat vozidla.;Smí zastavovat vozidla pouze na hraničním přechodu.;b;
779;Voz;nak;6050333;Přečnívá-li za snížené viditelnosti náklad vozidlo vpředu nebo vzadu o více než 1 metr, musí být přečnívající konec nákladu:;Označen červeným praporkem o rozměrech nejméně 30 x 30 cm a dále vzadu červeným světlem a vpředu neoslňujícím bílým světlem.;Označen vzadu červeným světlem a jinou než trojúhelníkovou červenou odrazkou a vpředu neoslňujícím bílým světlem a jinou než trojúhelníkovou bílou odrazkou.;Označen vzadu červeným světlem a trojúhelníkovou červenou odrazkou a vpředu neoslňujícím bílým světlem a trojúhelníkovou bílou odrazkou.;b;
780;Voz;nak;6050334;Přečnívá-li za nesnížené viditelnosti náklad vozidlo vpředu nebo vzadu o více než 1 metr, musí být přečnívající konec nákladu:;Označen červeným praporkem o rozměrech nejméně 30 x 30 cm.;Označen vzadu červenou a vpředu bílou odrazkou jiného než trojúhelníkového tvaru.;Označen vzadu červenou a vpředu bílou odrazkou trojúhelníkového tvaru.;a;
575;Prav;sta;6050339;Řidič nesmí zastavit a stát:;V připojovacím pruhu, nejméně 50 m před místem připojení k průběžnému pruhu.;Jen v odbočovacím pruhu.;V připojovacím nebo odbočovacím pruhu.;c;
353;Prav;neh;6050340;Řidič vozidla, které je povinně vybaveno přenosným trojúhelníkem a pro technickou závadu se na pozemní komunikaci mimo obec stalo nepojízdným, je povinen tento trojúhelník umístit:;Na okraj vozovky ve vzdálenosti nejméně 50 metrů za vozidlem, na dálnici nejméně 100 m za vozidlem.;Na střed vozovky ve vzdálenosti nejméně 50 metrů za vozidlem, na dálnici nejméně 100 m za vozidlem.;Na střechu vozidla, odkud bude zezadu dobře viditelný.;a;
705;Souv;pro;6050342;Pojištění odpovědnosti z provozu vozidla se vztahuje:;Na každou osobu, která odpovídá za škodu způsobenou provozem vozidla uvedeného v pojistné smlouvě.;Na škodu způsobenou pouze provozovatelem tohoto vozidla a jeho rodinnými příslušníky.;Na škodu způsobenou výlučně provozovatelem tohoto vozidla.;a;
502;Prav;sme;6050352;Řidiči protijedoucích vozidel se vyhýbají:;Vlevo, včas a v dostatečné míře.;Vlevo, minimálně 10 m před místem, kde se budou míjet.;Vpravo, včas a v dostatečné míře.;c;
576;Prav;sta;6050358;Při jízdě po silnici pro motorová vozidla:;Je zakázáno zastavit a stát mimo místa označená jako parkoviště.;Je zakázáno zastavit a stát, s výjimkou míst na krajnici, kde je parkování povoleno.;Platí stejná ustanovení jako pro zastavení a stání na ostatních pozemních komunikacích.;a;
503;Prav;sme;6050360;Řidič odbočující z kruhového objezdu:;Musí dávat znamení o změně směru jízdy vlevo.;Musí dávat znamení o změně směru jízdy vpravo.;Nemusí dávat znamení o změně směru jízdy.;b;
35;Bez;pre;6050362;Může řidič motorového vozidla předjíždět bezprostředně před přechodem pro chodce, pokud dává znamení o změně směru jízdy?;Ano.;Ne.;;b;
577;Prav;sta;6050363;Při jízdě na dálnici:;Je zakázáno zastavit a stát mimo místa označená jako parkoviště.;Je zakázáno zastavit a stát, s výjimkou míst na krajnici, kde je parkování povoleno.;Platí stejná ustanovení jako pro zastavení a stání na ostatních pozemních komunikacích.;a;
706;Souv;pro;6050373;Provozovatel silničního motorového vozidla nesmí provozovat na pozemních komunikacích vozidlo, které:;Je technicky nezpůsobilé k provozu.;Není opatřeno dálniční známkou.;Má registrační značku jiného státu.;a;
829;Voz;stk;6050384;Řidič smí v provozu na pozemních komunikacích užít:;Jen vozidlo, které splňuje technické podmínky stanovené zvláštním předpisem.;I vozidlo, které sice nesplňuje technické podmínky, ale majitel vozidla dovolí vozidlo užít nebo jeho užití přikáže.;I vozidlo, které splňuje jen některé technické podmínky stanovené zvláštním předpisem, pokud řidič dbá při jízdě zvýšené opatrnosti.;a;
2;Bez;ost;6050386;Je řidič povinen dbát zvýšené opatrnosti vůči výcvikovým vozidlům autoškoly?;Ano.;Ne.;;a;
385;Prav;pol;6050396;Řidič motorového vozidla je povinen podrobit vozidlo technické silniční kontrole největší přípustné hmotnosti na nápravu, největší přípustné hmotnosti vozidla nebo jízdní soupravy nebo technického stavu vozidla nebo jízdní soupravy na výzvu:;Policisty, strážníka obecní policie nebo celníka.;Policisty.;Policisty nebo strážníka obecní policie.;b;
843;Voz;sve;6050398;Mohou účastníci provozu na pozemních komunikacích používat tzv. aktivní antiradary, tj. technické prostředky, které znemožňují nebo ovlivňují funkci technických prostředků používaných policií při dohledu na bezpečnost provozu?;Ano. ;Ne.;;b;
235;Def;uca;6050401;Provozovatel vozidla je:;Každá fyzická osoba, která je držitelem řidičského oprávnění, ale není vlastníkem vozidla.;Osoba, která je v registru silničních vozidel zapsána jako vlastník vozidla, není-li jako jeho provozovatel v registru silničních vozidel zapsána jiná osoba.;Každá fyzická osoba, která je držitelem řidičského oprávnění.;b;
236;Def;uca;6050402;Je vozka, který řídí potahové vozidlo, řidičem?;Ne.;Ano.;;b;
197;Def;cho;6050409;Stát znamená:;Uvést vozidlo do klidu nad dobu dovolenou pro zastavení.;Přerušit jízdu z důvodu nezávislého na vůli řidiče, například při závadě na vozidle.;Uvést vozidlo do klidu na dobu nezbytně nutnou k neprodlenému nastoupení nebo vystoupení přepravovaných osob anebo k neprodlenému naložení nebo složení nákladu.;a;
198;Def;cho;6050410;Dát přednost v jízdě znamená:;Povinnost řidiče nezahájit jízdu nebo jízdní úkon nebo v nich nepokračovat, jestiže by řidič, který má přednost v jízdě, musel náhle změnit směr nebo rychlost jízdy.;Povinnost řidiče počínat si tak, aby jinému účastníkovi provozu na pozemních komunikacích nijak nepřekážel.;Povinnost řidiče počínat si tak, aby jinému účastníkovi provozu na pozemních komunikacích nevzniklo žádné nebezpečí.;a;
257;Def;vec;6050412;Místo, v němž se pozemní komunikace protínají nebo spojují, nejde-li o vyústění účelové pozemní komunikace na jinou pozemní komunikaci, se nazývá:;Křižovatka.;Hranice křižovatky.;Spojnice pozemních komunikací.;a;
237;Def;uca;6050414;Je jezdec na koni, který se pohybuje po pozemní komunikaci, řidičem?;Ne.;Ano.;;b;
238;Def;uca;6050415;Platí pro jezdce na koni, který jede po pozemní komunikaci, povinnosti a práva řidiče?;Ano.;Ne.;;a;
239;Def;uca;6050419;Vozka, který řídí potahové vozidlo, je:;Jezdcem na zvířeti.;Průvodcem vedených a hnaných zvířat.;Řidičem.;c;
386;Prav;pol;6050425;Policista smí řidiči na místě zadržet řidičský průkaz:;Kdykoli.;Pouze v případě, že řidič požil před jízdou alkohol nebo jinou návykovou látku.;Pouze v případech daných zákonem.;c;
714;Souv;pru;6050429;Zdravotně způsobilý k řízení motorových vozidel není ten:;Kdo má podle posudku o zdravotní způsobilosti poruchy chování způsobené závislostí na alkoholu nebo jiných psychoaktivních látkách.;Kdo je v pracovní neschopnosti.;Kdo je osobou těžce postiženou nebo těžce pohybově postiženou anebo osobou sluchově postiženou;a;
715;Souv;pru;6050430;Ten, kdo se v rozporu se zákonem nepodrobil pravidelné lékařské prohlídce a není proto držitelem platného posudku o zdravotní způsobilosti:;Je zdravotně nezpůsobilý k řízení motorových vozidel.;Je zdravotně způsobilý k řízení motorových vozidel do doby, než se pravidelné lékařské prohlídce podrobí, nejdéle však po dobu šesti měsíců.;Ztrácí řidičské oprávnění.;a;
387;Prav;pol;6050431;Od řidiče motorového vozidla podezřelého ze spáchání přestupku proti bezpečnosti a plynulosti provozu na pozemních komunikacích, u kterého je důvodné podezření, že se bude vyhýbat přestupkovému řízení, je oprávněn vybrat kauci:;Policista.;Policista a strážník obecní policie.;Policista, strážník obecní policie a celník ve stejnokroji.;a;
796;Voz;sou;6050434;Co se rozumí aktivní bezpečností vozidla?;Vlastnosti vozidla minimalizující škody v průběhu dopravní nehody.;Vlastnosti vozidla minimalizující příčiny vzniku dopravní nehody.;Vlastnosti vozidla minimalizující následky dopravní nehody po jejím vzniku.;b;
797;Voz;sou;6050435;Co se rozumí pasivní bezpečností vozidla?;Souhrn vlastností vozidla minimalizujících škody v průběhu dopravní nehody.;Souhrn vlastností vozidla minimalizujících příčiny vzniku dopravní nehody.;Souhrn vlastností vozidla vylučujících následky dopravní nehody.;a;
844;Voz;sve;6050436;Mezi prvky pasivní bezpečnosti patří:;Účinný brzdový systém.;Zádržné systémy.;Aerodynamická stabilita.;b;
798;Voz;sou;6050437;Airbagy:;Plní svou funkci pouze při řádném užití zádržných systémů.;Plně nahrazují funkci bezpečnostních pásů i jiných zádržných systémů.;Plní svou funkci pouze ve vozidlech vybavených systémem ABS.;a;
845;Voz;sve;6050438;Pohon všech kol zajišťuje automobilu zejména:;Lepší akceleraci a snazší dosažení maximální rychlosti.;Zlepšení jízdních vlastností za zhoršených adhezních podmínek.;Snížení spotřeby paliva při současném zlepšení jízdních vlastností.;b;
183;Def;aut;6050439;Přípojné vozidlo je:;Pouze přívěs.;Pouze návěs.;Přívěs i návěs.;c;
799;Voz;sou;6050440;Mezi prvky aktivní bezpečnosti patří:;Airbag.;Deformovatelná příď.;Dobrý výhled z vozidla.;c;
220;Def;poj;6050442;Mezinárodní silniční doprava je:;Doprava, při níž místo výchozí a místo cílové leží na území dvou různých států, nebo doprava, při níž místo výchozí a cílové sice leží na území téhož státu, ale část jízdy se uskuteční na území jiného státu.;Doprava, při které je dopravcem užito vozidlo s registrační značkou cizího státu, který není členem Evropských společenství.;Doprava, při níž mají dopravce a zasílatel bydliště nebo sídlo ve dvou různých státech.;a;
846;Voz;sve;6050444;Při výměně pravého předního kola nákladního vozidla se nejlépe zabrání nežádoucímu pohybu vozidla:;Zajištěním levého zadního kola dvěma zakládacími klíny, jedním před kolem a druhým za kolem.;Zajištěním levého předního kola zakládacím klínem před kolem při současném zajištění kteréhokoliv zadního kola zakládacím klínem za kolem.;Zajištěním pravého zadního kola dvěma zakládacími klíny, jedním před kolem a druhým za kolem.;a;
815;Voz;spo;6050445;Může řidič motocyklu přepravovat osobu, která nedosáhne nohama na stupačky?;Ano, ale jen v obci.;Nesmí.;Může, pokud je přepravované osobě více než 12 let.;b;
847;Voz;sve;6050462;Jak při výměně pravého předního kola nejlépe zajistíte vozidlo před nežádoucím pohybem:;Levé zadní kolo se zajistí dvěma zakládacími klíny, jedním klínem před kolem a jedním za kolem.;Před levé přední kolo a před libovolné zadní kolo se dá po jednom zakládacím klínu.;Zakládací klín se dá před levé přední kolo.;a;
65;Bez;rid;6050464;Kdy je efektivní používat tempomat?;Pokud dopravní situace umožní jízdu stejnoměrnou rychlostí.;Jen ve stoupání nebo klesání.;Jen při vysokých rychlostech.;a;
800;Voz;sou;6050468;Pokud kontrolka směrových světel bliká výrazně rychleji než obvykle, může být příčinou:;Závada na některé ze žárovek směrových světel.;Závada na přepínači směrových světel.;Závada na startéru vozidla.;a;
66;Bez;rid;6050472;Za jízdy na motocyklu je řidič povinen:;Mít na hlavě nasazenou a řádně připevněnou ochrannou přílbu schváleného typu.;Nosit ochranný oděv, například koženou kombinézu.;Používat pouze kožené plné boty.;a;
67;Bez;rid;6050473;Řidič motocyklu nebo mopedu si za jízdy musí chránit zrak:;Pouze při zhoršených povětrnostních podmínkách, například za deště nebo sněžení.;Vhodným způsobem, například brýlemi nebo štítem, pokud tím není snížena bezpečnost jízdy.;Pouze za ostrého slunce slunečními brýlemi s ochranným UV faktorem.;b;
68;Bez;rid;6050476;Může být schopnost k řízení vozidla ovlivněna i po požití malého množství alkoholu, např. půl litru desetistupňového piva?;Ano, i malé množství požitého alkoholu snižuje schopnost k řízení motorového vozidla.;Ne, pokud se alkohol pije zároveň s černou kávou.;Ne, malé množství požitého alkoholu neovlivňuje schopnost k řízení motorového vozidla.;a;
36;Bez;pre;6050480;Při jízdě v obci se před Vaším vozidlem náhle objeví kutálející se míč. Jak byste měli reagovat?;Okamžitě snížit rychlost jízdy nebo i zastavit vozidlo, protože na vozovku za míčem mohou vběhnout děti.;Pokračovat v jízdě, protože děti vědí, že mají zůstat stát na okraji chodníku a počkat, až auto přejede.;Vyhnout se míči, aby nedošlo k poškození Vašeho vozidla, a pokračovat v jízdě nezměněnou rychlostí.;a;
781;Voz;nak;6050484;Přečnívá-li za nesnížené viditelnosti náklad z boku u motorového vozidla nebo jízdní soupravy vnější okraj obrysových světel o více než 40 cm, musí být přečnívající konec nákladu:;Označen červeným praporkem o rozměrech nejméně 30 x 30 cm.;Označen vzadu červenou a vpředu bílou odrazkou jiného než trojúhelníkového tvaru.;Označen vzadu červenou a vpředu bílou odrazkou trojúhelníkového tvaru.;a;
816;Voz;spo;6050485;Řidič nesmí přepravovat na druhém sedadle motocyklu:;Osobu mladší 12 let.;Osobu mladší 15 let.;Osobu mladší 17 let.;a;
472;Prav;riz;6050489;Moped:;Se nesmí vléci, smí se však užít jako vlečné vozidlo.;Se smí vléci, nesmí se však užít jako vlečné vozidlo.;Se nesmí vléci ani užít jako vlečné vozidlo.;c;
473;Prav;riz;6050491;Motocykl s postranním vozíkem:;Se nesmí vléci, smí se však užít jako vlečné vozidlo.;Se smí vléci, nesmí se však užít jako vlečné vozidlo.;Se smí vléci i užít jako vlečné vozidlo.;c;
782;Voz;nak;6050492;Jaké důsledky mohou mít síly působící na náklad při průjezdu zatáčkou?;Nedostatečně upevněný náklad se může v zatáčce vysypat nebo posunout.;V zatáčce získává vozidlo větší stabilitu v důsledku vyšší hmotnosti.;Průjezd zatáčkou nemá žádný vliv na náklad.;a;
69;Bez;rid;6050495;Čím je rychlost jízdy motocyklu vyšší:;Tím lépe lze projíždět zatáčky o malém poloměru.;Tím více v zatáčkách natáčíme řídítka.;Tím více musí být v zatáčce motocykl naklopen.;c;
37;Bez;pre;6050496;Při jízdě se před Vaším vozidlem zpoza parkujících aut náhle objeví kutálející se míč. Jak byste měli reagovat?;Okamžitě snížit rychlost jízdy nebo i zastavit vozidlo, protože na vozovku za míčem mohou vběhnout děti.;Pokračovat v jízdě, protože děti vědí, že mají zůstat stát na okraji chodníku a počkat, až auto přejede.;Vyhnout se míči, aby nedošlo k poškození Vašeho vozidla, a pokračovat v jízdě nezměněnou rychlostí.;a;
474;Prav;riz;6050498;Motocykl bez postranního vozíku:;Se nesmí vléci, smí se však užít jako vlečné vozidlo.;Se smí vléci, nesmí se však užít jako vlečné vozidlo.;Se nesmí vléci ani užít jako vlečné vozidlo.;c;
129;Bez;sil;6050499;Na dálnici musíte počítat se silným bočním větrem především:;Na mostech.;V podjezdech.;Mezi protihlukovými stěnami.;a;
70;Bez;rid;6050500;Jaká je možná příčina vzniku nebezpečí pádu motocyklu v zatáčkách?;Olej na vozovce.;Svislé dopravní značení.;Zvýšený okraj na vnější straně vozovky.;a;
130;Bez;sil;6050501;Na dálnici musíte počítat se silným bočním větrem především:;V lesních úsecích.;V otevřeném terénu.;Mezi protihlukovými stěnami.;b;
71;Bez;rid;6050503;Jaká je častá příčina vzniku nebezpečí pádu motocyklu v zatáčkách?;Snížená krajnice vozovky.;Vodorovné dopravní značení.;Zvýšený okraj na vnější straně vozovky.;b;
3;Bez;ost;6050504;Za minimální bezpečnou vzdálenost mezi za sebou jedoucími vozidly je zpravidla považován:;Časový rozestup dvou sekund.;Časový rozestup pěti sekund.;Časový rozestup tři čtvrtě sekundy.;a;
38;Bez;pre;6050507;Při jízdě v obytné zóně se před Vaším vozidlem náhle objeví kutálející se míč. Jak byste měli reagovat?;Okamžitě začít brzdit, protože na vozovku za míčem mohou vběhnout děti.;Pokračovat v jízdě, protože děti vědí, že mají zůstat stát mimo vozovku a počkat, až auto přejede.;Vyhnout se míči, aby nedošlo k poškození Vašeho vozidla, a pokračovat v jízdě nezměněnou rychlostí.;a;
783;Voz;nak;6050509;Jaké důsledky mohou mít síly působící při průjezdu zatáčkou na větší náklad, který přepravujete na střešním nosiči zavazadel vozidla?;Na náklad působí odstředivá síla, takže se může vysypat nebo posunout.;V zatáčce získává vozidlo větší stabilitu, protože náklad snižuje těžiště vozidla.;Průjezd zatáčkou nemá žádný vliv na náklad, nemění se těžiště ani jízdní vlastnosti vozidla.;a;
848;Voz;sve;6050511;Při zapojování vozidel do soupravy:;Nejprve zapojíme závěsné zařízení a potom zásuvku elektrického spojovacího zařízení.;Nejprve zapojíme zásuvku elektrického spojovacího zařízení a potom závěsné zařízení.;Není důležité pořadí úkonů.;a;
72;Bez;rid;6050512;Brzdná dráha jízdní soupravy složené z motorového vozidla a brzděného přívěsu je v porovnání s brzdnou drahou samotného motorového vozidla:;Kratší.;Delší.;Stejná.;b;
73;Bez;rid;6050513;Brzdná dráha jízdní soupravy s brzděným přívěsem je v porovnání s brzdnou drahou soupravy s nebrzděným přívěsem o stejné hmotnosti:;Kratší.;Delší.;Stejná.;a;
578;Prav;sta;6050514;Na silnici pro motorová vozidla:;Je zakázáno zastavit a stát mimo místa označená jako parkoviště.;Je zakázáno zastavit a stát, s výjimkou míst na krajnici, kde je parkování povoleno.;"Je zakázáno stát mimo místa označená jako parkoviště; na krajnici je zde možné zastavit i mimo vyznačené parkoviště.";a;
131;Bez;sil;6050517;Zvýšené riziko ztráty přilnavosti pneumatik a následného smyku za deště hrozí:;V úseku s vyjetými kolejemi.;Na silnicích nižší třídy.;Na vozovce s betonovým povrchem.;a;
132;Bez;sil;6050518;Prodleva brzd:;Brzdnou dráhu neovlivňuje.;Brzdnou dráhu zkracuje.;Brzdnou dráhu prodlužuje.;c;
784;Voz;nak;6050520;Vozidlo, které přepravuje nebezpečný náklad:;Musí být označeno oranžovými výstražnými panely, které odpovídají předpisům.;Musí být označeno zvláštním výstražným světlem žluté barvy.;Nemusí být označeno, stačí jen prohlášení odesílatele o zboží, které má u sebe řidič vozidla.;a;
74;Bez;rid;6050522;Přetáčivý smyk u vozidla s pohonem zadních kol a manuální převodovkou budete řešit:;Sešlápnutím spojkového pedálu a natočením volantu směrem, kterým se pohybuje zadní část vozidla.;Sešlápnutím brzdového pedálu a natočením volantu směrem, kterým se pohybuje zadní část vozidla.;Sešlápnutím pedálu akcelerátoru a natočením volantu směrem, kterým se pohybuje zadní část vozidla.;a;
133;Bez;sil;6050523;Přilnavost mezi pneumatikou a povrchem vozovky je závislá na:;Huštění pneumatiky, hloubce jejího dezénu a druhu povrchu vozovky.;Huštění pneumatiky a hloubce jejího dezénu. Druh povrchu vozovky nemá výraznější vliv na přilnavost.;Druhu povrchu vozovky. Huštění a hloubka dezénu pneumatiky výrazně přilnavost neovlivňují.;a;
4;Bez;ost;6050553;Vyžadují-li provozní nebo jiné závažné důvody, aby osoby při vystupování z vozidla hromadné dopravy osob mimo zastávku nebo nastupování do něj mimo zastávku vstoupily do vozovky:;Je dopravce povinen tuto skutečnost neprodleně oznámit policii nebo obecní policii.;Je dopravce oprávněn zastavovat ostatní vozidla.;Je cestující z vozidla hromadné dopravy osob starší 18 let oprávněn zastavovat ostatní vozidla.;b;
388;Prav;pol;6050561;Je-li překážkou provozu na pozemní komunikaci vozidlo, které provozovatel neodstranil, rozhodne o jeho odstranění:;"Správce pozemní komunikace s předchozím souhlasem Policie České republiky; vozidlo se odstraní na náklady správce pozemní komunikace.";"Správce pozemní komunikace; vozidlo se odstraní na náklady jeho provozovatele.";"Policista nebo strážník obecní policie; vozidlo se odstraní na náklady jeho provozovatele.";c;
475;Prav;riz;6050564;Při vlečení motorového vozidla na tyči musí být délka tyče taková, aby vzdálenost mezi vozidly nebyla:;Menší než 1 m a větší než 5 m.;Menší než 1,5 m a větší než 5 m.;Menší než 1 m a větší než 6 m.;c;
389;Prav;pol;6050566;Při řízení provozu na křižovatce policistou je řidič vozidla, pro kterého z pokynu policisty taková povinnost vyplývá, povinen zastavit vozidlo:;Před hranicí křižovatky.;Na takovém místě, kde bude mít dobrý výhled do křižovatky.;V křižovatce a v takové vzdálenosti od policisty, aby nebyla ohrožena jeho bezpečnost.;a;
404;Prav;pra;6050576;V pěší zóně smí řidič jet rychlostí:;Nejvýše 10 km/h.;Nejvýše 20 km/h.;Nejvýše 30 km/h.;b;
407;Prav;pra;6050590;V pěší zóně:;Nesmí řidič stát jinde než na místech označených jako parkoviště, zastavit ale může i mimo parkoviště.;Nesmí řidič zastavit a stát jinde než na místech označených jako parkoviště.;Nesmí řidič mimo parkoviště ani zastavit vozidlo.;a;
408;Prav;pra;6050591;Hry dětí na pozemní komunikaci:;Jsou dovoleny pouze v obytné zóně.;Jsou dovoleny v obytné a pěší zóně.;Jsou zakázány.;a;
409;Prav;pra;6050592;V obytné zóně řidič:;Nesmí stát jinde než na místech označených jako parkoviště, zastavit ale může i mimo parkoviště.;Nesmí zastavit a stát jinde než na místech označených jako parkoviště.;Nesmí mimo parkoviště ani zastavit vozidlo.;a;
410;Prav;pra;6050593;V obytné zóně:;Smějí chodci užívat pozemní komunikaci v celé její šířce.;Mohou chodci užít k chůzi pouze chodníku, a kde chodník není, užijí levou krajnici či levý okraj vozovky.;Mohou chodci užít k chůzi pouze chodníku, a kde chodník není, mohou užít pozemní komunikaci v celé šířce.;a;
411;Prav;pra;6050594;V pěší zóně:;Smějí chodci užívat pozemní komunikaci v celé její šířce.;Mohou chodci užít k chůzi pouze chodníku, a kde chodník není, užijí levou krajnici či levý okraj vozovky.;Mohou chodci užít k chůzi pouze chodníku, a kde chodník není, mohou užít pozemní komunikaci v celé šířce.;a;
412;Prav;pra;6050597;V obytné zóně smí řidič jet rychlostí:;Nejvýše 50 km/h.;Nejvýše 20 km/h.;Nejvýše 30 km/h.;b;
413;Prav;pra;6050599;Chodci v pěší zóně:;Musí umožnit jízdu všem vozidlům.;Musí umožnit jízdu pouze vozidlům s právem přednostní jízdy.;Nemusí při užívání pěší zóny brát ohled na pohyb vozidel.;a;
716;Souv;pru;6050601;Řidičský průkaz:;Nesmí být ponecháván a přijímán jako zástava a odebírán při vstupu do objektů nebo na pozemky.;Smí být ponecháván a přijímán jako zástava, ale nesmí být odebírán při vstupu do objektů nebo na pozemky.;Smí být odebírán při vstupu do objektů nebo na pozemky, ale nesmí být ponecháván ani přijímán jako zástava.;a;
414;Prav;pra;6050602;Chodci v obytné zóně:;Musí umožnit jízdu všem vozidlům.;Musí umožnit jízdu pouze vozidlům s právem přednostní jízdy.;Nemusí při užívání obytné zóny brát ohled na pohyb vozidel.;a;
415;Prav;pra;6050603;Při jízdě v obytné zóně:;Musí řidič dbát zvýšené ohleduplnosti vůči chodcům, které nesmí ohrozit, a v případě nutnosti musí zastavit vozidlo.;Musí řidič dbát zvýšené ohleduplnosti vůči chodcům, které nesmí ohrozit ani omezit.;Platí pro řidiče ve vztahu k chodcům stejná ustanovení jako na kterékoli jiné pozemní komunikaci.;a;
416;Prav;pra;6050604;Při jízdě v pěší zóně:;Musí řidič dbát zvýšené ohleduplnosti vůči chodcům, které nesmí ohrozit, a v případě nutnosti musí zastavit vozidlo.;Musí řidič dbát zvýšené ohleduplnosti vůči chodcům, které nesmí ohrozit ani omezit.;Platí pro řidiče ve vztahu k chodcům stejná ustanovení jako na kterékoli jiné pozemní komunikaci.;a;
75;Bez;rid;6050605;Při dvojnásobném zvýšení rychlosti působí na řidiče i motocykl v zatáčce:;Přibližně dvojnásobná odstředivá síla.;Přibližně čtyřnásobná odstředivá síla.;Odstředivá síla, která se nemění.;b;
418;Prav;pra;6050621;Nemohou-li se řidiči protijedoucích vozidel bezpečně vyhnout v situaci, kdy k bezpečnému vyhnutí není nutné, aby musel jeden z řidičů couvat:;Musí dát přednost v jízdě ten, na jehož straně jízdy je překážka nebo zúžená vozovka.;Musí dát přednost v jízdě ten, na jehož straně jízdy není překážka nebo zúžená vozovka.;Musí dát přednost v jízdě ten, pro něhož je to snazší nebo méně nebezpečné.;a;
419;Prav;pra;6050622;Nemohou-li se řidiči protijedoucích vozidel bezpečně vyhnout v situaci, kdy je k bezpečnému vyhnutí nutné, aby jeden z řidičů couval:;Učiní tak ten, na jehož straně jízdy je překážka nebo zúžená vozovka.;Učiní tak ten, na jehož straně jízdy není překážka nebo zúžená vozovka.;Učiní tak ten, pro něhož je to snazší nebo méně nebezpečné.;c;
830;Voz;stk;6050628;Provozovatel motocyklu přistaví tento motocykl k technické prohlídce nejpozději:;Ve lhůtě 6 let po jeho prvním zaregistrování a potom pravidelně ve lhůtách 4 let.;Ve lhůtě 4 let po jeho prvním zaregistrování a potom pravidelně ve lhůtách 2 let.;Ve lhůtě 2 let po jeho prvním zaregistrování a potom pravidelně ve lhůtách 2 let.;a;
785;Voz;nak;6050631;Na co je třeba dbát při nakládání sypkého materiálu?;Sypký materiál by měl být naložen pokud možno co nejdále dozadu, aby se zvýšilo zatížení zadní poháněné nápravy.;Zatížení nákladové plochy musí být rovnoměrné.;Náklad je třeba umístit jen do středu ložné plochy.;b;
354;Prav;neh;6050636;Dojde-li při jízdě vozidla v tunelu k poruše vozidla, pro kterou se toto vozidlo stalo nepojízdným:;Je řidič porouchaného vozidla podle okolností oprávněn zastavovat jiná vozidla.;Jsou řidič a přepravované osoby z porouchaného vozidla povinni neprodleně opustit tunel.;Je řidič porouchaného vozidla povinen neprodleně odstranit závadu, která mu brání v další jízdě.;a;
355;Prav;neh;6050637;Dojde-li při jízdě vozidla v tunelu k poruše vozidla, pro kterou se toto vozidlo stalo nepojízdným:;Řidič ani přepravovaná osoba nesmí kouřit ani zacházet s otevřeným ohněm. Nezávislé topení nepojízdného vozidla musí v tunelu být vypnuto.;Řidič vozidla neoznačuje vozidlo jako překážku v provozu na pozemních komunikacích.;Řidič vozidla a přepravované osoby mohou zůstat ve vozidle, pokud neprodleně oznámili zastavení vozidla policii nebo osobě vykonávající dohled nad provozem tunelu.;a;
221;Def;poj;6050638;Za křižovatku se nepovažuje:;Vyústění polní nebo lesní cesty nebo jiné účelové pozemní komunikace na jinou pozemní komunikaci.;Místo, kde se protínají nebo spojují dvě polní cesty nebo dvě lesní cesty.;Místo, kde se protínají nebo spojují dvě účelové pozemní komunikace.;a;
717;Souv;pru;6060011;Příslušný obecní úřad obce s rozšířenou působností vydá držiteli řidičského oprávnění bezodkladně po ohlášení poškození řidičského průkazu:;Potvrzení o oznámení ztráty, odcizení, poškození nebo zničení řidičského průkazu.;Mezinárodní řidičský průkaz.;Duplikát řidičského průkazu.;a;
718;Souv;pru;6060012;Řidičský průkaz je neplatný, jestliže:;Uplynula doba jeho platnosti.;Byl jeho držiteli vystaven mezinárodní řidičský průkaz.;Byl řidiči pro porušení zákona zadržen policistou.;a;
184;Def;aut;6060015;Historické vozidlo:;Nelze provozovat na pozemních komunikacích za účelem podnikání a běžného denního užívání pro vlastní potřeby.;Nesmí být bez povolení Policie ČR provozováno na pozemních komunikacích.;Lze na pozemních komunikacích provozovat bez jakéhokoli omezení.;a;
719;Souv;pru;6060016;Mezinárodní řidičský průkaz:;Vydá držiteli řidičského oprávnění příslušný obecní úřad obce s rozšířenou působností na základě jeho žádosti.;Vydá obecní úřad obce s rozšířenou působností vždy společně s řidičským průkazem.;Vydá příslušný útvar dopravní policie vždy společně s řidičským průkazem.;a;
720;Souv;pru;6060017;Mezinárodní řidičský průkaz vydaný Českou republikou:;Neopravňuje k řízení motorových vozidel na území České republiky.;Opravňuje k řízení motorových vozidel na území České republiky pouze v případě, že držitel nahlásil odcizení, zničení nebo ztrátu svého řidičského průkazu a doposud mu nebyl vydán nový.;Opravňuje k řízení motorových vozidel na území České republiky.;a;
721;Souv;pru;6060019;Potvrzení o oznámení ztráty, odcizení, poškození nebo zničení řidičského průkazu:;Platí 30 dní ode dne jeho vydání a po tuto dobu nahrazuje držiteli řidičského oprávnění řidičský průkaz.;Platí 60 dní ode dne jeho vydání a po tuto dobu nahrazuje držiteli řidičského oprávnění řidičský průkaz.;Platí 90 dní ode dne jeho vydání a po tuto dobu nahrazuje držiteli řidičského oprávnění řidičský průkaz.;a;
722;Souv;pru;6060020;Zničení řidičského průkazu je držitel řidičského oprávnění povinen:;Neprodleně ohlásit příslušnému obecnímu úřadu obce s rozšířenou působností.;Neprodleně ohlásit příslušnému útvaru dopravní policie.;Neprodleně ohlásit příslušnému útvaru obecní policie.;a;
723;Souv;pru;6060021;Potvrzení o oznámení ztráty, odcizení, poškození nebo zničení řidičského průkazu:;Platí pouze na území České republiky.;Platí na území České republiky a ostatních členských států Evropských společenství.;Platí ve všech státech, ve kterých je uznáván český řidičský průkaz.;a;
724;Souv;pru;6060022;Příslušný obecní úřad obce s rozšířenou působností vydá držiteli řidičského oprávnění bezodkladně po ohlášení zničení řidičského průkazu:;Potvrzení o oznámení ztráty, odcizení, poškození nebo zničení řidičského průkazu.;Mezinárodní řidičský průkaz.;Duplikát řidičského průkazu.;a;
725;Souv;pru;6060023;Poškození řidičského průkazu je držitel řidičského oprávnění povinen:;Neprodleně ohlásit příslušnému obecnímu úřadu obce s rozšířenou působností.;Neprodleně ohlásit příslušnému útvaru dopravní policie.;Neprodleně ohlásit příslušnému útvaru obecní policie.;a;
726;Souv;pru;6060024;Příslušný obecní úřad obce s rozšířenou působností vydá držiteli řidičského oprávnění bezodkladně po ohlášení ztráty řidičského průkazu:;Potvrzení o oznámení ztráty, odcizení, poškození nebo zničení řidičského průkazu.;Mezinárodní řidičský průkaz.;Duplikát řidičského průkazu.;a;
727;Souv;pru;6060025;Příslušný obecní úřad obce s rozšířenou působností vydá držiteli řidičského oprávnění bezodkladně po ohlášení odcizení řidičského průkazu:;Potvrzení o oznámení ztráty, odcizení, poškození nebo zničení řidičského průkazu.;Mezinárodní řidičský průkaz.;Duplikát řidičského průkazu.;a;
728;Souv;pru;6060026;Řidičský průkaz je neplatný, jestliže:;Jsou v něm neoprávněně provedeny zápisy, změny, opravy nebo úpravy.;Byl řidiči pro porušení zákona zadržen policistou nebo obecním úřadem obce s rozšířenou působností.;Je jeho držitel ve výkonu trestu odnětí svobody.;a;
729;Souv;pru;6060027;Řidičský průkaz je neplatný, jestliže:;Je poškozený tak, že záznamy v něm uvedené jsou nečitelné.;Je jakýmkoli způsobem poškozený (např. odřený či zprohýbaný).;Byl jeho oprávněným držitelem, byť i jen dočasně, předán jiné osobě.;a;
730;Souv;pru;6060028;Řidičský průkaz je neplatný, jestliže:;Údaje o řidičském oprávnění v něm uvedené neodpovídají skutečnosti.;Kterýkoli z údajů v něm zapsaných neodpovídá skutečnosti.;V něm není uveden údaj o nejbližším termínu pravidelné lékařské prohlídky.;a;
731;Souv;pru;6060029;Evidence údajů o řidičích je vedena v registru řidičů, jehož správcem je:;Obecní úřad obce s rozšířenou působností.;Policejní prezidium České republiky.;Ministerstvo vnitra.;a;
732;Souv;pru;6060030;Údaje z registru řidičů lze poskytnout:;Fyzickým osobám, pokud jde o údaje o nich vedené.;Všem fyzickým i právnickým osobám, které o to požádají, a to v rozsahu jejich žádosti.;Všem držitelům řidičského oprávnění, kteří o to požádají, a to v rozsahu jejich žádosti.;a;
733;Souv;pru;6060031;Po dobu zadržení řidičského průkazu:;Držitel řidičského oprávnění nesmí řídit motorové vozidlo.;Držitel řidičského oprávnění smí řídit motorová vozidla jen s písemným svolením příslušného útvaru dopravní policie.;Držitel řidičského oprávnění smí řídit motorová vozidla s platným mezinárodním řidičským průkazem.;a;
734;Souv;pru;6060032;Odcizení řidičského průkazu je držitel řidičského oprávnění povinen:;Neprodleně ohlásit příslušnému obecnímu úřadu obce s rozšířenou působností.;Neprodleně ohlásit příslušnému útvaru dopravní policie.;Neprodleně ohlásit příslušnému útvaru obecní policie.;a;
735;Souv;pru;6060034;Ztrátu řidičského průkazu je držitel řidičského oprávnění povinen:;Neprodleně ohlásit příslušnému obecnímu úřadu obce s rozšířenou působností.;Neprodleně ohlásit příslušnému útvaru dopravní policie.;Neprodleně ohlásit příslušnému útvaru obecní policie.;a;
736;Souv;pru;6060035;Změna údajů, které jsou zaznamenávány v řidičském průkazu, se příslušnému obecnímu úřadu obce s rozšířenou působností oznamuje nejpozději:;Do pěti pracovních dnů ode dne, kdy ke změně došlo.;Do patnácti pracovních dnů ode dne, kdy ke změně došlo.;Do dvaceti pracovních dnů ode dne, kdy ke změně došlo.;a;
737;Souv;pru;6060036;Změnu údajů, které jsou zaznamenávány v řidičském průkazu, je držitel řidičského průkazu povinen oznámit:;Do pěti pracovních dnů ode dne, kdy ke změně došlo, příslušnému obecnímu úřadu obce s rozšířenou působností.;Do pěti pracovních dnů ode dne, kdy ke změně došlo, příslušnému útvaru dopravní policie.;Do patnácti pracovních dnů ode dne, kdy ke změně došlo, příslušnému útvaru dopravní policie.;a;
738;Souv;pru;6060037;Změnu příjmení musí držitel řidičského průkazu oznámit příslušnému obecnímu úřadu obce s rozšířenou působností nejpozději:;Do pěti pracovních dnů ode dne, kdy ke změně došlo.;Do patnácti pracovních dnů ode dne, kdy ke změně došlo.;Do dvaceti pracovních dnů ode dne, kdy ke změně došlo.;a;
739;Souv;pru;6060039;Změnu příjmení musí držitel řidičského průkazu nejpozději do pěti pracovních dnů ode dne, kdy ke změně došlo, oznámit:;Příslušnému obecnímu úřadu obce s rozšířenou působností.;Příslušnému útvaru dopravní policie.;Příslušnému útvaru obecní policie.;a;
740;Souv;pru;6060040;Změnu údajů, které jsou zaznamenávány v řidičském průkazu, je držitel řidičského průkazu povinen oznámit:;Do pěti pracovních dnů ode dne, kdy ke změně došlo, příslušnému obecnímu úřadu obce s rozšířenou působností.;Do pěti pracovních dnů ode dne, kdy ke změně došlo, příslušnému útvaru dopravní policie.;Do patnácti pracovních dnů ode dne, kdy ke změně došlo, příslušnému obecnímu úřadu obce s rozšířenou působností.;a;
741;Souv;pru;6060041;Držitel řidičského oprávnění nesmí mít:;Více než jeden platný řidičský průkaz.;Více než dva platné řidičské průkazy.;Žádný řidičský průkaz, pokud mu byl vystaven mezinárodní řidičský průkaz.;a;
742;Souv;pru;6060042;Držitel mezinárodního řidičského průkazu:;Nesmí v mezinárodním řidičském průkazu provádět žádné zápisy, změny, opravy nebo úpravy.;Smí v mezinárodním řidičském průkazu provádět pouze opravy údajů, u nichž je zřejmé, že jsou vyplněny chybně.;Smí v mezinárodním řidičském průkazu provádět jen nezbytné změny a opravy, pokud jejich provedení následující pracovní den nahlásí příslušnému obecnímu úřadu obce s rozšířenou působností.;a;
743;Souv;pru;6060043;Držitel řidičského průkazu:;Nesmí v řidičském průkazu provádět žádné zápisy, změny, opravy nebo úpravy.;Smí v řidičském průkazu provádět pouze opravy údajů, u nichž je zřejmé, že jsou vyplněny chybně.;Smí v řidičském průkazu provádět jen nezbytné změny a opravy, pokud jejich provedení následující pracovní den nahlásí příslušnému obecnímu úřadu obce s rozšířenou působností.;a;
744;Souv;pru;6060044;Ztrátu, odcizení, poškození nebo zničení řidičského průkazu je držitel řidičského oprávnění povinen:;Neprodleně ohlásit příslušnému obecnímu úřadu obce s rozšířenou působností.;Neprodleně ohlásit příslušnému útvaru dopravní policie.;Neprodleně ohlásit příslušnému útvaru obecní policie.;a;
356;Prav;neh;6060061;Řidič motorového vozidla, který je povinen užít přenosného výstražného trojúhelníku, jej musí umístit:;Na krajnici vozovky ve vzdálenosti nejméně 80 m, na dálnici a silnici I. třídy nejméně 130 m za vozidlem.;"Na okraj vozovky tak, aby byl pro přijíždějící řidiče včas a zřetelně viditelný, a to ve vzdálenosti nejméně 50 m, na dálnici nejméně 100 m za vozidlem; v obci může být tato vzdálenost, vyžadují-li to okolnosti, kratší.";V libovolné vzdálenosti na okraj vozovky tak, aby byl pro přijíždějící řidiče včas a zřetelně viditelný.;b;
505;Prav;sme;6060067;Dojde-li během jízdy na dálnici na vozidle nebo nákladu k závadě, pro kterou nelze dosáhnout na rovině rychlosti nejméně 80 km/h, musí řidič:;Opustit dálnici na nejbližším výjezdu.;Vozidlo okamžitě odstavit na krajnici a označit jako překážku provozu.;Přejet do jízdního pruhu pro pomalá vozidla a v něm pokračovat v jízdě.;a;
506;Prav;sme;6060069;Během jízdy na dálnici mimo obec se ukázalo, že s Vaším vozidlem ve stoupání nelze dosáhnout rychlosti nejméně 80 km/h (např. pro nedostatečný výkon motoru nebo pro hmotnost přepravovaného nákladu). Můžete pokračovat v jízdě po dálnici?;Ano. Důležité je, že vozidlo může dosáhnout této rychlosti na rovině.;Ne. Dálnici musíte opustit na nejbližším výjezdu.;Ne. Vozidlo musíte odstavit na krajnici a označit jako překážku provozu.;a;
507;Prav;sme;6060070;Během jízdy na silnici pro motorová vozidla mimo obec se ukázalo, že Vaše vozidlo ve stoupání nedosahuje rychlosti nejméně 80 km/h (např. pro nedostatečný výkon motoru nebo pro hmotnost přepravovaného nákladu). Můžete pokračovat v jízdě po této silnici?;Ano. Důležité je, že vozidlo může dosáhnout této rychlosti na rovině.;Ne. Silnici pro motorová vozidla musíte opustit na nejbližším výjezdu.;Ne. Vozidlo musíte odstavit na krajnici a označit jako překážku provozu.;a;
240;Def;uca;6060071;Po pozemní komunikaci jde osoba, která vede psa. Vztahují se na ni povinnosti průvodce vedených zvířat?;Ne.;Ano.;;a;
222;Def;poj;6060072;Zastavit znamená:;Uvést vozidlo do klidu na dobu nezbytně nutnou k neprodlenému nastoupení nebo vystoupení přepravovaných osob anebo k neprodlenému naložení nebo složení nákladu.;Povinnost řidiče nezahájit jízdní úkon nebo v něm nepokračovat, jestliže by řidič, který má přednost v jízdě, musel náhle změnit směr nebo rychlost jízdy.;Přerušit jízdu z důvodu nezávislého na vůli řidiče, například při poruše vozidla.;a;
390;Prav;pol;6060074;Patří k povinnostem účastníka provozu na pozemních komunikacích řídit se pokyny strážníků obecní policie?;Ano. ;Ne.;;a;
76;Bez;rid;6060075;Během jízdy může kouřit:;Řidič osobního motorového vozidla.;Řidič motocyklu a mopedu.;Řidič vozidla hromadné dopravy osob.;a;
707;Souv;pro;6060076;Provozovatel silničního motorového vozidla nesmí provozovat na pozemních komunikacích vozidlo:;Které je technicky nezpůsobilé k provozu.;Které spotřebou pohonných hmot přesahuje limity stanovené výrobcem vozidla.;K jehož pohonu má být podle návodu k použití užit pouze bezolovnatý benzín.;a;
185;Def;aut;6060079;Vozidlo hromadné dopravy osob je:;Autobus, trolejbus nebo tramvaj.;Motorové vozidlo s nejméně osmi místy pro cestující.;Vozidlo taxislužby.;a;
391;Prav;pol;6060080;Patří vojenský policista mezi osoby, které jsou oprávněny k řízení provozu na pozemních komunikacích?;Ano.;Ne.;;a;
508;Prav;sme;6060082;Řidič na pozemní komunikaci s jednosměrným provozem:;Smí couvat, jestliže je to nezbytně nutné, například k zajetí do řady stojících vozidel nebo vyjetí z ní.;Nesmí couvat, i když je to nezbytně nutné, například k zajetí do řady stojících vozidel nebo vyjetí z ní.;Smí couvat, jestliže je tato pozemní komunikace široká nejméně 6 metrů.;a;
509;Prav;sme;6060083;Řidič motorového vozidla:;Se nesmí otáčet na místech nepřehledných nebo jinak nebezpečných, např. v nepřehledné zatáčce a její blízkosti nebo před nepřehledným vrcholem stoupání pozemní komunikace, na něm a za ním.;Se může otáčet na přechodu pro chodce nebo na přejezdu pro cyklisty nebo v jejich těsné blízkosti, pokud tím neohrozí bezpečnost ostatních účastníků silničního provozu.;Se může otáčet v těsné blízkosti železničního přejezdu, pokud je železniční zabezpečovací zařízení funkční.;a;
510;Prav;sme;6060084;Přejíždět z jednoho jízdního pruhu do druhého smí řidič jen tehdy:;"Neomezí-li řidiče jedoucího v jízdním pruhu, do kterého přejíždí; znamení o změně směru nedává.";"Neohrozí-li řidiče jedoucího v jízdním pruhu, do kterého přejíždí; znamení o změně směru nedává.";"Neohrozí-li a neomezí-li řidiče jedoucího v jízdním pruhu, do kterého přejíždí; přitom musí dávat znamení o změně směru jízdy.";c;
849;Voz;sve;6060086;Zjistíme-li závady na brzdovém systému, které zjevně znemožňují účinně zastavit vozidlo a tím ohrožují bezpečnost provozu na pozemních komunikacích:;Vozidlo lze provozovat na pozemních komunikacích na základě jednorázového povolení policie.;S vozidlem lze přiměřenou rychlostí dojet jen do nejbližšího místa, kde lze závadu odstranit.;Vozidlo nesmí být užito k provozu na pozemních komunikacích, smí však být vlečeno na tyči.;c;
831;Voz;stk;6060087;Lhůta pro přistavení silničního vozidla k pravidelné technické prohlídce se počítá ode dne:;Prvního zaregistrování silničního vozidla a potom vždy ode dne provedení pravidelné technické prohlídky.;Prodeje silničního vozidla a potom vždy ode dne úspěšného provedení pravidelné technické prohlídky.;Vyrobení silničního vozidla a potom vždy v pravidelných pětiletých lhůtách.;a;
832;Voz;stk;6060088;Vozidlo je technicky nezpůsobilé k provozu na pozemních komunikacích, pokud:;Pro závady v technickém stavu bezprostředně ohrožuje bezpečnost provozu na pozemních komunikacích.;Do termínu příští pravidelné technické prohlídky zbývá méně než tři kalendářní měsíce.;Spotřeba pohonných hmot přesahuje limity stanovené výrobcem vozidla.;a;
692;Souv;mir;6060091;Nebrzděný přívěs, jehož přípustná hmotnost nepřevyšuje 750 kg a který nebyl dříve registrován v zahraničí, přistaví jeho provozovatel k technické prohlídce nejpozději ve lhůtě:;2 let po zaregistrování tohoto přívěsu a potom pravidelně nejpozději ve lhůtách 2 let.;6 let po zaregistrování tohoto přívěsu a potom pravidelně nejpozději ve lhůtách 4 let.;4 let po zaregistrování tohoto přívěsu a potom pravidelně nejpozději ve lhůtách 4 let.;b;
850;Voz;sve;6060094;K pohonu motorů vozidel se smí používat:;Pouze pohonné hmoty předepsané výrobcem těchto motorů.;Pohonné hmoty nesplňující požadavky na jakost, umožní-li spolehlivý provoz těchto motorů.;Pouze pohonné hmoty předepsané výrobcem těchto motorů nebo pohonné hmoty s nižším oktanovým číslem.;a;
851;Voz;sve;6060096;Kdy smíte při jízdě s motorovým vozidlem, které je vybaveno světly pro denní svícení, těmito světly svítit?;Pouze při nesnížené viditelnosti, a to bez současného použití obrysových světel.;Při nesnížené viditelnosti samostatně a při současném použití obrysových světel i při snížené viditelnosti.;Pouze v době od 6.00 hodin do 20.00 hodin a jen při současném použití obrysových světel.;a;
336;Prav;mhd;6060097;Podél tramvaje se jezdí:;Vpravo i vlevo, pokud je tramvajový pás ve stejné úrovni s vozovkou.;"Vpravo; vlevo smí řidič jet v případě, stojí-li tramvaj v zastávce.";"Vpravo, pokud není dopravní značkou ""Objíždění tramvaje"" povolena jízda vlevo.";c;
337;Prav;mhd;6060099;Tramvaj zastavila v zastávce bez nástupního ostrůvku. Řidič jiného vozidla jedoucího za touto tramvají musí:;Zastavit vozidlo. Pokračovat v jízdě smí teprve tehdy, neohrozí-li již cestující, kteří nastupují nebo vystupují.;Zastavit vozidlo na dobu, než tramvaj odjede z prostoru zastávky.;"Tramvaj se zvýšenou opatrností objet vlevo; přitom musí svou jízdu přizpůsobit zejména možnosti vstoupení chodců do vozovky.";a;
512;Prav;sme;6060101;Řidič, který se po předjetí zařazuje před vozidlo, které předjel:;Může omezit řidiče vozidla, které předjel, a musí dávat znamení o změně směru jízdy.;Musí dávat znamení o změně směru jízdy a nesmí ohrozit ani omezit řidiče vozidla, které předjel.;Nemusí dávat znamení o změně směru jízdy, pokud neomezí řidiče vozidla, které předjel.;b;
420;Prav;pra;6060102;Řidič motorového vozidla o maximální přípustné hmotnosti převyšující 3 500 kg, s výjimkou autobusu, smí jet mimo obec rychlostí nejvýše:;90 km.h-1.;80 km.h-1.;70 km.h-1.;b;
421;Prav;pra;6060103;"Pokud není dopravní značkou ""Nejvyšší dovolená rychlost"" dovolena rychlost vyšší, smí jet řidič v obci rychlostí nejvýše:";50 km.h-1.;60 km.h-1.;70 km.h-1.;a;
422;Prav;pra;6060104;Při použití sněhových řetězů na vozidle smí jet řidič:;Rychlostí nejvýše 30 km.h-1.;Rychlostí nejvýše 80 km.h-1.;Rychlostí nejvýše 50 km.h-1;c;
513;Prav;sme;6060107;Řidiči protijedoucích vozidel se vyhýbají:;Vlevo, včas a v dostatečné míře.;Vpravo, při zachování minimálního bočního odstupu 1 m.;Vpravo, včas a v dostatečné míře.;c;
258;Def;vec;6060108;Ustanovení o provozu na dálnici platí:;Jen pro dálnice.;Pro dálnici a silnici pro motorová vozidla.;Pro všechny pozemní komunikace, s výjimkou místních komunikací.;b;
476;Prav;riz;6060109;Vjíždět na dálnici a vyjíždět z dálnice smí řidič:;Potahového vozidla nebo nemotorového vozidla pouze u parkoviště.;Rychlostí vozidla nepřesahující 50 km.h-1.;Jen na místech k tomu určených.;c;
514;Prav;sme;6060111;Na křižovatce, kde není dopravními značkami rozlišena přednost v jízdě, řidič musí dát přednost v jízdě:;Motorovým vozidlům nebo jezdcům na zvířatech přijíždějícím zprava, tramvajím v obou směrech a chodcům přicházejícím zprava.;Vozidlům nebo jezdcům na zvířatech přijíždějícím zleva nebo organizované skupině chodců nebo průvodcům hnaných zvířat se zvířaty přicházejícím zleva.;Vozidlům nebo jezdcům na zvířatech přijíždějícím zprava nebo organizované skupině chodců nebo průvodcům hnaných zvířat se zvířaty přicházejícím zprava.;c;
515;Prav;sme;6060113;Řidič nesmí vjet do křižovatky, nedovoluje-li mu situace pokračovat v jízdě v křižovatce a za křižovatkou, takže by byl nucen zastavit vozidlo v křižovatce. To neplatí:;Pokud důvodem zastavení vozidla je, že řidič hodlá v této křižovatce couvat.;Pokud důvodem zastavení vozidla je plnění povinnosti umožnit chodci nerušené a bezpečné přejití vozovky na přechodu pro chodce nebo povinnost dát přednost v jízdě při odbočování vlevo.;Pokud řidič musel zastavit vozidlo v křižovatce vzhledem k dopravní situaci, zejména kvůli hustému provozu.;b;
516;Prav;sme;6060114;Řidič nesmí vjet do křižovatky, nedovoluje-li mu situace pokračovat v jízdě v křižovatce a za křižovatkou, takže by byl nucen zastavit vozidlo v křižovatce. To neplatí:;Pokud důvodem zastavení vozidla je, že řidič hodlá v této křižovatce nebo v její bezprostřední blízkosti couvat.;Pokud důvodem zastavení vozidla je plnění povinnosti umožnit chodci nerušené a bezpečné přejití vozovky na přechodu pro chodce nebo povinnost dát přednost v jízdě při odbočování vlevo.;Pokud řidič musel zastavit vozidlo proto, že kvůli hustému provozu zastavila i vozidla jedoucí před ním.;b;
517;Prav;sme;6060116;Zajíždí-li řidič za účelem zastavení nebo stání k okraji pozemní komunikace nebo k chodníku:;Nemusí dávat znamení o změně směru jízdy.;Nemusí dávat znamení o změně směru jízdy, pokud neohrozí nebo neomezí vozidla jedoucí za ním.;Musí dávat znamení o změně směru jízdy.;c;
579;Prav;sta;6060117;Nastupovat do vozidla nebo vystupovat z něj se smí jen tehdy:;Zastaví-li vozidlo v obci na místě k tomu určeném, například na parkovišti.;Není-li tím ohrožena bezpečnost nastupujících nebo vystupujících osob bez ohledu na ostatní účastníky provozu na pozemních komunikacích.;Není-li tím ohrožena bezpečnost nastupujících nebo vystupujících osob ani jiných účastníků provozu na pozemních komunikacích.;c;
423;Prav;pra;6060118;Je-li dávána výstraha přerušovaným zvukem houkačky nebo zvonku přejezdového zabezpečovacího zařízení, znamená to, že řidič:;Může přejezd bezpečně přejet.;Musí při přejíždění přejezdu dbát zvýšené opatrnosti.;Nesmí vjíždět na železniční přejezd.;c;
424;Prav;pra;6060119;Vozidla se před železničním přejezdem řadí:;Náhodně.;Za sebou v pořadí, ve kterém přijela.;Tak, aby všichni řidiči měli náležitý výhled na železniční přejezd.;b;
425;Prav;pra;6060120;Při přejíždění železničního přejezdu nesmí řidič:;Náhle snížit rychlost jízdy.;Zbytečně prodlužovat dobu jeho přejíždění.;Dávat zvuková výstražná znamení.;b;
426;Prav;pra;6060121;Je-li dávána výstraha dvěma červenými střídavě přerušovanými světly signálu přejezdového zabezpečovacího zařízení, znamená to, že řidič:;Nesmí vjíždět na železniční přejezd.;Smí vjíždět na železniční přejezd.;Musí zapnout výstražné světelné zařízení.;a;
427;Prav;pra;6060122;Svítí-li přerušované bílé světlo signálu přejezdového zabezpečovacího zařízení, smí 50 m před železničním přejezdem a při jeho přejíždění jet řidič rychlostí:;Nejvýše 30 km.h-1.;Nejvýše 40 km.h-1.;ejvýše 50 km.h-1.;c;
477;Prav;riz;6060125;Řidič, který se hodlá vzdálit od vozidla tak, že nemůže v případě potřeby okamžitě zasáhnout:;Musí vypnout motor a zapalování a použít parkovací brzdu nebo zařadit rychlostní stupeň.;Musí dát výstražné znamení zapnutím výstražného světelného zařízení, vypnout motor a zapalování.;Musí učinit taková opatření, aby vozidlo nemohlo ohrozit bezpečnost provozu na pozemních komunikacích a nemohla je neoprávněně užít jiná osoba.;c;
357;Prav;neh;6060126;Dojde-li při jízdě vozidla v tunelu k poruše vozidla, pro kterou se toto vozidlo stalo nepojízdným:;Je řidič porouchaného vozidla podle okolností oprávněn zastavovat jiná vozidla.;Je řidič porouchaného vozidla povinen neprodleně odstranit vozidlo z tunelu, například jeho odtlačením.;Je řidič porouchaného vozidla povinen neprodleně opravit závadu, která mu brání v alespoň nouzovém dojetí.;a;
358;Prav;neh;6060127;Dojde-li při jízdě vozidla v tunelu k poruše vozidla, pro kterou se toto vozidlo stalo nepojízdným:;Řidič ani přepravovaná osoba nesmí kouřit ani zacházet s otevřeným ohněm. Nezávislé topení nepojízdného vozidla musí v tunelu být vypnuto.;Řidič ani přepravovaná osoba nesmí kouřit ani zacházet s otevřeným ohněm. Nezávislé topení nepojízdného vozidla může v tunelu zůstat zapnuto.;Řidič ani přepravovaná osoba nesmí zacházet s otevřeným ohněm, kouřit mohou pouze na místech k tomu určených. Nezávislé topení nepojízdného vozidla může v tunelu zůstat zapnuto.;a;
359;Prav;neh;6060128;Při jízdě v tunelu došlo k poruše vozidla, pro kterou se toto vozidlo stalo nepojízdným. Řidič porouchaného vozidla je:;Oprávněn podle okolností zastavovat jiná vozidla.;Povinen zapnout výstražné světelné zařízení a neprodleně opustit tunel.;Povinen neprodleně odstranit závadu, která mu brání v další jízdě, nebo nepojízdné vozidlo z tunelu odstranit.;a;
360;Prav;neh;6060129;V tunelu došlo k poruše motorového vozidla, které se stalo nepojízdným. Jako řidič takového vozidla nesmíte:;Kouřit ani zacházet s otevřeným ohněm.;"Kouřit; zacházet s otevřeným ohněm v tunelu smíte, pokud je to nezbytné k odstranění závady vozidla.";"Zacházet s otevřeným ohněm; kouřit v tunelu smíte jen na místech označených jako únikové východy.";a;
223;Def;poj;6060130;Obytná zóna je:;"Každé sídliště s nejméně 500 obyvatel, jehož začátek je označen dopravní značkou ""Sídliště"" a konec je označen dopravní značkou ""Konec sídliště"".";"Obec s minimálně 50 trvale žijícími obyvateli, jejíž začátek je označen dopravní značkou ""Obec"" a konec je označen dopravní značkou ""Konec obce"".";"Zastavěná oblast, jejíž začátek je označen dopravní značkou ""Obytná zóna"" a konec je označen dopravní značkou ""Konec obytné zóny"".";c;
478;Prav;riz;6060133;Přednost při čerpání pohonných hmot mají:;Řidiči vozidel s právem přednostní jízdy.;Řidiči vozidel hromadné dopravy osob (např. autobusů).;Řidiči vozidel přepravujících zboží, které podléhá rychlé zkáze.;a;
479;Prav;riz;6060134;Při vlečení motorového vozidla se smí jet rychlostí:;Nejvýše 90 km/h.;Nejvýše 60 km/h.;Nejvýše 70 km/h.;b;
361;Prav;neh;6060136;Ten, kdo způsobil překážku provozu na pozemních komunikacích:;Oznámí to neprodleně vlastníkovi pozemní komunikace, který překážku na vlastní náklady odstraní.;Oznámí to neprodleně policii, která zajistí její označení.;"Musí ji neprodleně odstranit; neučiní-li tak, odstraní ji na jeho náklady vlastník pozemní komunikace.";c;
428;Prav;pra;6060137;Při zastavení vozidla před železničním přejezdem:;Musí řidič motorového vozidla zařadit rychlostní stupeň nebo použít parkovací brzdu.;Musí řidič motorového vozidla okamžitě vypnout motor.;Nesmí řidič užít ani potkávací světla, pokud by jimi mohl oslnit řidiče v protisměru.;c;
429;Prav;pra;6060138;Svítí-li zvláštní výstražné světlo modré nebo modré a červené barvy na stojícím vozidle, musí řidiči ostatních vozidel podle okolností:;Snížit rychlost jízdy a popřípadě i zastavit vozidlo.;Opatrně otočit vozidlo a jet jinou trasou.;Urychleně opustit místo, kde toto vozidlo stojí.;a;
430;Prav;pra;6060150;Nesvítí-li přerušované bílé světlo signálu přejezdového zabezpečovacího zařízení, smí řidič ve vzdálenosti 50 m před železničním přejezdem a při jeho přejíždění jet rychlostí:;Nejvýše 30 km/h.;Nejvýše 50 km/h.;Nejméně 30 km/h.;a;
480;Prav;riz;6060151;V prostoru čerpací stanice pohonných hmot je zakázáno:;Opravovat motor vozidla.;Opravovat elektrická zařízení na vozidle.;Opravovat jakoukoli součást vozidla.;a;
481;Prav;riz;6060152;V prostoru čerpací stanice pohonných hmot je zakázáno:;Seřizovat motor vozidla.;Zdržovat se déle, než je nezbytně nutné.;Opravovat vozidlo.;a;
518;Prav;sme;6060153;Při čerpání pohonných hmot mají přednost:;"Řidiči vozidel s právem přednostní jízdy; přitom nepoužívají zvláštních výstražných znamení.";"Řidiči vozidel s právem přednostní jízdy; k upozornění ostatních řidičů však musejí použít zvláštních výstražných znamení.";Řidiči vozidel hromadné dopravy osob, např. autobusů, a řidiči nákladních vozidel.;a;
77;Bez;rid;6060154;Když zvýšíte rychlost jízdy na dvojnásobek (např. z 50 km/h na 100 km/h), prodlouží se tím brzdná dráha Vašeho vozidla na suché vozovce:;Přibližně na dvojnásobek délky původní brzdné dráhy.;Přibližně na trojnásobek délky původní brzdné dráhy.;Přibližně na čtyřnásobek délky původní brzdné dráhy.;c;
962;Znak;upr;6060155;Jaký je vztah mezi světelnými signály a svislými dopravními značkami upravujícími přednost?;Světelné signály jsou nadřazeny svislým dopravním značkám upravujícím přednost.;Svislé dopravní značky upravující přednost jsou nadřazeny světelným signálům.;Světelné signály jsou postaveny na roveň svislým dopravním značkám upravujícím přednost.;a;
431;Prav;pra;6060156;V obytné zóně řidič smí jet rychlostí:;Nejvýše 20 km.h-1.;Nejvýše 40 km.h-1.;Nejvýše 30 km.h-1.;a;
786;Voz;nak;6060157;Při přepravě sypkých substrátů, například písku, musí být:;Náklad zajištěn tak, aby nedocházelo k jeho samovolnému odlétávání, například plachtou.;Vozidlo viditelně označeno zvláštním označením vozidla přepravujícího sypké substráty.;Vozidlo vybaveno zvláštním výstražným světlem oranžové barvy, které musí být při jízdě zapnuté.;a;
5;Bez;ost;6060159;Vyžadují-li provozní nebo jiné závažné důvody, aby osoby při nastupování do autobusu, trolejbusu či tramvaje mimo zastávku vstoupily do vozovky:;Musí řidič na nezbytně nutnou dobu zastavit ostatní projíždějící vozidla.;Je dopravce oprávněn zastavovat ostatní vozidla.;Je každý z cestujících starší 18 let oprávněn zastavovat ostatní vozidla.;b;
432;Prav;pra;6060172;V obytné a pěší zóně je stání dovoleno:;Jen na místech označených jako parkoviště.;"Kdekoliv, s výjimkou míst označených dopravní značkou ""Zákaz zastavení"" nebo ""Zákaz stání"".";Jen na krajnici nebo na chodníku, i když tato místa nejsou označena jako parkoviště.;a;
935;Znak;sem;6060173;"Při řízení provozu na křižovatce signál se současně svítícím červeným a žlutým světlem ""Pozor!"" znamená pro řidiče povinnost:";Zastavit vozidlo.;Dbát při průjezdu křižovatkou zvýšené opatrnosti.;Připravit se k jízdě.;c;
482;Prav;riz;6060174;V prostoru čerpací stanice pohonných hmot:;Je řidiči zakázáno se vzdalovat od vozidla.;Musí ve vozidle vždy zůstat alespoň jedna osoba starší 18 let.;Je řidiči i přepravované osobě zakázáno kouřit.;c;
483;Prav;riz;6060175;Před čerpáním pohonných hmot musí řidič:;"Zastavit motor a vypnout zapalování; to neplatí pro řidiče vozidel se vznětovým motorem.";Vždy vozidlo zajistit proti pohybu zabrzděním a zařazením rychlostního stupně.;Zastavit motor a vypnout zapalování.;c;
936;Znak;sem;6060176;Světelné signály:;Jsou nadřazeny všem dopravním značkám.;Jsou nadřazeny pokynům příslušníků nebo orgánů vojenské pořádkové služby.;Jsou nadřazeny svislým dopravním značkám upravujícím přednost.;c;
787;Voz;nak;6060177;Při přepravě živých zvířat:;Nesmí být ohrožena bezpečnost řidiče, přepravovaných osob ani zvířat a ani bezpečnost provozu na pozemních komunikacích.;Musí být u vozidel i za nesnížené viditelnosti rozsvícena jen potkávací světla.;Musí být vozidlo vybaveno zvláštními výstražnými světly oranžové barvy.;a;
362;Prav;neh;6060178;Účastníci dopravní nehody jsou povinni:;Neprodleně odstranit vozidla poškozená při nehodě na místo ležící mimo silnici.;Učinit vhodná opatření, aby nebyla ohrožena bezpečnost provozu na pozemních komunikacích v místě dopravní nehody, a vyžadují-li to okolnosti, jsou oprávněni zastavovat jiná vozidla.;Neprodleně zastavit ostatní vozidla až do doby, než se na místo nehody dostaví příslušník policie.;b;
788;Voz;nak;6060179;Při přepravě nákladu:;Smí být užitečná hmotnost vozidla překročena nejvýše o 10%.;Smí být užitečná hmotnost vozidla překročena nejvýše o 20%.;Nesmí být překročena maximální přípustná hmotnost vozidla a maximální přípustná hmotnost na nápravu vozidla.;c;
484;Prav;riz;6060180;V provozu na pozemních komunikacích je zakázáno:;Troubit.;Neoprávněně užívat zvláštních výstražných světel a zvláštního zvukového výstražného znamení, které užívá vozidlo s právem přednostní jízdy.;Svítit za nesnížené viditelnosti.;b;
392;Prav;pol;6060181;Z jedoucího vozidla dává policista ve stejnokroji znamení k zastavení vozidla:;Zapínáním potkávacích nebo dálkových světel.;Zvukovým výstražným znamením a zapnutím zařízení umožňujícího výstražnou funkci směrových světel.;"Kýváním paže nahoru a dolů nebo vysunutým zastavovacím terčem, popřípadě rozsvícením nápisu ""STOP"".";c;
519;Prav;sme;6060182;Vozidlům s právem přednostní jízdy a vozidlům jimi doprovázeným musí řidiči ostatních vozidel:;Umožnit bezpečné předjetí, nejsou však povinni jim umožnit bezpečný a plynulý průjezd.;Umožnit bezpečný a plynulý průjezd, a jestliže je to nutné i zastavit vozidlo na takovém místě, aby jim nepřekážela.;Umožnit bezpečný a plynulý průjezd okamžitým zastavením vozidla.;b;
520;Prav;sme;6060183;Vozidla vjíždějící na pozemní komunikaci:;Musí být předem očištěna, aby neznečišťovala pozemní komunikaci.;Nemusí být předem očištěna, pokud pozemní komunikaci pouze přejíždějí.;Musí předem dávat světelné výstražné znamení.;a;
521;Prav;sme;6060184;Řidiči protijedoucích vozidel se vyhýbají:;Vpravo, včas a v dostatečné míře.;Zásadně vlevo.;Tak, aby zachovali boční odstup alespoň 2 m.;a;
522;Prav;sme;6060185;Při couvání řidič nesmí:;Kouřit.;Ohrozit ostatní účastníky provozu na pozemní komunikaci.;Omezit ostatní účastníky silničního provozu.;b;
852;Voz;sve;6060188;Motorové vozidlo musí mít za jízdy:;Zavřena boční okna.;Vždy rozsvícena všechna světla.;Rozsvícena obrysová světla a potkávací světla nebo světla pro denní svícení, pokud je jimi vybaveno podle zvláštního právního předpisu.;c;
523;Prav;sme;6060189;Při vjíždění na kruhový objezd a jízdě po kruhovém objezdu:;Řidič dává vždy znamení o změně směru jízdy.;Řidič nedává znamení o změně směru jízdy, nepřejíždí-li z jednoho jízdního pruhu do druhého.;Řidič nedává znamení o změně směru jízdy ani při přejíždění z pruhu do pruhu.;b;
853;Voz;sve;6060190;Vozidlo musí mít za jízdy při snížené viditelnosti:;Rozsvícena jen dálková světla.;Rozsvícena jen tlumená světla.;Rozsvícena obrysová a potkávací světla nebo dálková světla, pokud je jimi vybaveno podle zvláštního právního předpisu.;c;
922;Znak;pok;6060191;Svislé stálé dopravní značky jsou nadřazeny:;Pokynům policisty.;Vodorovným dopravním značkám.;Světelným signálům.;b;
78;Bez;rid;6060192;Řidič nesmí kouřit:;Jen při jízdě na jízdním kole.;Při řízení nákladního automobilu.;Při jízdě na motocyklu, na mopedu a na jízdním kole.;c;
79;Bez;rid;6060193;Řidič nesmí požít alkoholický nápoj:;Bezprostředně po skončení jízdy.;Ještě hodinu po skončení jízdy.;Během jízdy.;c;
854;Voz;sve;6060194;Svítí-li zvláštní výstražné světlo modré nebo modré a červené barvy na stojícím vozidle:;Musí řidiči ostatních vozidel podle okolností snížit rychlost jízdy a popřípadě i zastavit vozidlo.;Musí řidiči ostatních vozidel vždy zastavit vozidlo.;Musí ostatní řidiči zastavit vozidlo na krajnici.;a;
80;Bez;rid;6060195;Řidič nesmí při jízdě vozidlem:;Mít nasazeny ochranné brýle.;Prudce zrychlovat.;Držet v ruce nebo jiným způsobem telefonní přístroj nebo jiné hovorové nebo záznamové zařízení.;c;
81;Bez;rid;6060196;Řidič nesmí při jízdě vozidlem:;Telefonovat ani komunikovat prostřednictvím jiného hovorového zařízení.;Telefonovat jen při jízdě v obci.;Držet v ruce nebo jiným způsobem telefonní přístroj nebo jiné hovorové nebo záznamové zařízení.;c;
433;Prav;pra;6060197;Při zařazování z připojovacího pruhu do průběžného pruhu:;Řidič nesmí omezit řidiče vozidla jedoucího v průběžném pruhu.;Řidič nesmí ohrozit řidiče jedoucí v průběžném pruhu.;Musí řidič jedoucí v připojovacím pruhu dosáhnout stejné rychlosti jako ostatní řidiči.;b;
393;Prav;pol;6060198;Znamení k zastavení vozidla dává policista ve stejnokroji:;Píšťalkou.;Vztyčenou paží nebo zastavovacím terčem a za snížené viditelnosti červeným světlem, kterým pohybuje v horním půlkruhu.;Kýváním směrovkou nahoru a dolů.;b;
580;Prav;sta;6060199;Na dálnici a na silnici pro motorová vozidla je zastavení a stání dovoleno:;Jen na místech označených jako parkoviště.;Jen na krajnici nebo na středním dělícím pásu.;Kdekoliv, pokud tím nejsou ohroženi ani omezeni řidiči ostatních vozidel jedoucích po dálnici nebo silnici pro motorová vozidla.;a;
937;Znak;sem;6060201;Signál dvou vedle sebe umístěných střídavě přerušovaných červených světel znamená pro řidiče:;Povinnost zastavit vozidlo před světelným signalizačním zařízením.;Povinnost zařadit nižší rychlostní stupeň.;Možnost zvýšit rychlost jízdy.;a;
434;Prav;pra;6060202;Před železničním přejezdem:;Řidič nesmí řadit rychlostní stupně.;Musí řidič vždy zastavit, aby se přesvědčil, zda může železniční přejezd bezpečně přejet.;Si musí řidič počínat zvlášť opatrně, zejména se přesvědčit, zda může železniční přejezd bezpečně přejet.;c;
363;Prav;neh;6060203;Kdo způsobil překážku provozu na pozemních komunikacích:;Musí ji odstranit nejpozději do 24 hodin, a neučiní-li tak, odstraní ji správce komunikace na svůj vlastní náklad.;Není povinen ji odstranit, překážku je vždy povinen odstranit správce komunikace na svůj vlastní náklad.;Musí ji neprodleně odstranit, a neučiní-li tak, odstraní ji na jeho náklad vlastník pozemní komunikace.;c;
364;Prav;neh;6060204;Účastníci dopravní nehody jsou povinni:;Umožnit obnovení provozu na pozemních komunikacích, zejména provozu vozidel hromadné dopravy osob.;Zajistit svědky nehody.;Umožnit odstranění vozidel poškozených při nehodě na místo ležící mimo silnici bez ohledu na to, vyžaduje-li to obnovení silničního provozu či nikoliv.;a;
365;Prav;neh;6060205;Účastníci dopravní nehody jsou povinni:;Navzájem si předložit doklad o zaplacení pojistného.;Navzájem si předložit osvědčení o vozidle.;Prokázat si na požádání navzájem svou totožnost.;c;
581;Prav;sta;6060206;Řidič smí zastavit a stát:;Vpravo ve směru jízdy co nejblíže k okraji pozemní komunikace a na jednosměrné pozemní komunikaci vpravo i vlevo.;Jen vlevo ve směru jízdy.;Jen mimo vozovku.;a;
485;Prav;riz;6060209;Řidič smí jet jen takovou rychlostí:;Aby byl schopen zastavit vozidlo, když mu nedá jiný řidič přednost v jízdě.;Aby byl schopen zastavit vozidlo na vzdálenost 100 m.;Aby byl schopen zastavit vozidlo na vzdálenost, na kterou má rozhled.;c;
82;Bez;rid;6060210;Řidič nesmí požít alkoholický nápoj nebo užít návykovou látku:;Během jízdy.;Bezprostředně po skončení jízdy.;o 24 hodin po skončení jízdy.;a;
259;Def;vec;6060211;Zákon o silničním provozu upravuje pravidla provozu:;Na dálnicích, silnicích, místních komunikacích a účelových komunikacích.;Jen na dálnicích a silnicích pro motorová vozidla.;Na všech pozemních komunikacích a též na polích, loukách a v lesích.;a;
199;Def;cho;6060212;Dát přednost v jízdě znamená povinnost řidiče:;Počínat si tak, aby řidič, který má přednost v jízdě, věděl, že nebude v jízdě omezen.;Nezahájit jízdu nebo jízdní úkon nebo v nich nepokračovat, jestliže by řidič, který má přednost v jízdě, musel náhle změnit směr nebo rychlost jízdy.;Počínat si tak, aby řidič, který má přednost v jízdě, nemusel ani mírně zpomalit.;b;
435;Prav;pra;6060214;V obci na pozemní komunikaci o dvou nebo více jízdních pruzích vyznačených na vozovce v jednom směru jízdy smí řidič motorového vozidla užívat k jízdě:;"Jen pravého a středního jízdního pruhu; nejkrajnější levý jízdní pruh se užívá pouze pro odbočování.";"Kteréhokoliv jízdního pruhu; přitom se nepovažuje za předjíždění, jedou-li vozidla v jednom z jízdních pruhů rychleji než vozidla v jiném jízdním pruhu.";Jen pravého jízdního pruhu.;b;
366;Prav;neh;6060215;Řidič, který měl účast na dopravní nehodě:;Je povinen učinit opatření k zabránění vzniku škody osobám nebo věcem, pokud tato hrozí v důsledku dopravní nehody.;Musí vždy nehodu oznámit vlastníkovi pozemní komunikace.;Musí vždy nehodu oznámit policii.;a;
83;Bez;rid;6060216;Rychlost jízdy musí řidič přizpůsobit:;Zdravotnímu stavu spolujezdců.;Ročnímu období.;Předpokládanému stavebnímu a dopravně technickému stavu pozemní komunikace.;c;
394;Prav;pol;6060217;O odstranění vozidla, které neoprávněně stojí na vyhrazeném parkovišti:;Může rozhodnout jen policista.;Může rozhodnout jen strážník obecní policie.;"Rozhodne policista nebo strážník obecní policie; vozidlo se odstraní na náklad jeho provozovatele.";c;
395;Prav;pol;6060218;Řidič motorového vozidla je povinen na výzvu policisty:;Podrobit vozidlo kontrole hmotnosti vozidla nebo jízdní soupravy.;Doplnit nádrž vozidla pohonnými látkami.;Přibrat jako spolujezdce osobu, které ujelo vozidlo hromadné dopravy osob.;a;
436;Prav;pra;6060219;Mimo obec se na pozemní komunikaci o dvou nebo více jízdních pruzích vyznačených na vozovce v jednom směru jízdy jezdí:;V pravém jízdním pruhu. V ostatních jízdních pruzích se smí jet, jestliže je to nutné k objíždění, předjíždění, otáčení nebo odbočování.;V kterémkoliv jízdním pruhu bez ohledu na jízdní úkon.;Zpravidla v levém jízdním pruhu.;a;
524;Prav;sme;6060220;Řidič musí dát přednost v jízdě vozidlům jedoucím po pozemní komunikaci:;"Pouze, když vjíždí z místa ležícího mimo silnici na silnici; při vjíždění z polní nebo lesní cesty, ze stezky pro cyklisty anebo z obytné nebo pěší zóny na jinou silnici platí ustanovení o jízdě křižovatkou.";Při vjíždění z místa ležícího mimo pozemní komunikaci na pozemní komunikaci a při vjíždění z účelové pozemní komunikace, ze stezky pro cyklisty anebo z obytné nebo pěší zóny na jinou pozemní komunikaci.;Při vjíždění z polní nebo lesní cesty na pozemní komunikaci, jen když vozidla jedoucí po pozemní komunikaci přijíždějí zleva.;b;
525;Prav;sme;6060221;Přejíždět z jednoho jízdního pruhu do druhého smí řidič jen tehdy:;Má-li řádně očištěná zpětná zrcátka.;Když v jízdním pruhu, do kterého přejíždí, nejede žádné motorové vozidlo.;"Neohrozí-li a neomezí-li řidiče jedoucího v jízdním pruhu, do kterého přejíždí; přitom musí dávat znamení o změně směru jízdy.";c;
338;Prav;mhd;6060222;Podél nástupního nebo ochranného ostrůvku se jezdí:;"Vpravo; vlevo se smí jet tehdy, brání-li jízdě vpravo překážka nebo jestliže je to bezpečnější s ohledem na rozměry vozidla nebo nákladu.";"Výlučně vpravo; vlevo za žádných okolností.";Zásadně vlevo.;a;
526;Prav;sme;6060223;Při odbočování na křižovatce nebo na místo ležící mimo pozemní komunikaci:;Musí řidič dávat znamení o změně směru jízdy.;Nemusí řidič dávat znamení o změně směru jízdy.;Dává řidič znamení o změně směru jízdy jen při odbočování vlevo.;a;
527;Prav;sme;6060224;Před odbočováním vlevo se musí řidič zařadit:;Do levého jízdního pruhu ve vzdálenosti 500 m před místem, kde hodlá odbočovat.;Co nejdále vlevo v části vozovky určené pro jeho směr jízdy s ohledem na rozměry vozidla nebo nákladu a šířku vozovky.;Vždy do středu vozovky bez ohledu na protijedoucí vozidla.;b;
437;Prav;pra;6060226;Na pozemní komunikaci se jezdí:;Vpravo ve vzdálenosti nejméně 1 m od okraje vozovky.;Vpravo, a pokud tomu nebrání zvláštní okolnosti, při pravém okraji vozovky, pokud není stanoveno jinak.;Výlučně při pravém okraji vozovky, a to za všech okolností.;b;
438;Prav;pra;6060227;Na krajnici smí řidič motorového vozidla vjet:;Jen pro účely stání.;"Kdykoliv to uzná za vhodné, s výjimkou míst označených výstražnou dopravní značkou ""Nebezpečná krajnice"".";Jen při zastavení a stání nebo jestliže je to nutné při objíždění, vyhýbání, odbočování nebo otáčení, přitom musí dbát zvýšené opatrnosti.;c;
339;Prav;mhd;6060229;Na tramvajový pás v úrovni vozovky se smí v podélném směru vjet:;Jen při objíždění, předjíždění, odbočování, otáčení, vjíždění na pozemní komunikaci nebo vyžadují-li to zvláštní okolnosti.;Jen je-li to nutné při couvání.;Jen při odbočování na místo ležící mimo silnici.;a;
528;Prav;sme;6060230;Řidič, který při objíždění vozidla, jež zastavilo nebo stojí, nebo při objíždění překážky provozu na pozemních komunikacích anebo chodce, vybočuje ze směru své jízdy:;Nemusí dávat znamení o změně směru jízdy.;Nesmí ohrozit pouze řidiče jedoucí za ním.;Nesmí ohrozit ani omezit protijedoucí řidiče a ohrozit ostatní účastníky provozu na pozemních komunikacích.;c;
529;Prav;sme;6060231;Řidič nesmí předjíždět:;Nemá-li před sebe rozhled na takovou vzdálenost, která je nutná k bezpečnému předjetí.;Pokud před tím nedal zvukové výstražné znamení.;Pokud nemá před sebe rozhled na vzdálenost 300 m.;a;
530;Prav;sme;6060232;Při odbočování řidič nesmí:;Omezit řidiče jedoucí za ním.;Ohrozit řidiče jedoucí za ním a musí dbát zvýšené opatrnosti.;Dávat světelná výstražná znamení.;b;
789;Voz;nak;6060238;Při přepravě nákladu na střešním nosiči zavazadel:;Dochází ke zhoršení jízdních vlastností vozidla, a to zejména v důsledku zvýšení odporu vzduchu a vyššího těžiště vozidla.;Se jízdní vlastnosti vozidla nemění, protože střešní nosič zavazadel je konstruován tak, aby jeho užití nemělo vliv na chování vozidla.;Dochází ke zlepšení jízdních vlastností vozidla, protože v důsledku vyšší hmotnosti je vozidlo stabilnější.;a;
134;Bez;sil;6060239;Při jízdě na motocyklu za mokra se povrch vodorovného značení přechodů pro chodce nebo jízdních pruhů:;Stává špatně viditelným a je proto nutné vždy používat obrysová a potkávací světla namísto světel pro denní svícení.;Nijak neliší od povrchu tohoto značení za sucha, je stejně viditelný a má i stejné adhezní vlastnosti.;Stává výrazně kluzkým, takže není vhodné na něm provádět žádný prudký manévr, jako je akcelerace, brzdění, náklon nebo náhlá změna směru jízdy.;c;
84;Bez;rid;6060240;Smyku předního kola v zatáčce a tím způsobenému pádu motocyklu předejdeme:;Zvýšením výkonu přenášeného zadním kolem přidáním plynu.;Odbrzděním předního kola ještě před naklopením motocyklu.;Zvýšením brzdné síly na předním kole páčkou ruční brzdy.;b;
85;Bez;rid;6060241;Správně jedoucí motocyklista projíždí zatáčkou tak, aby:;Nebylo nutné v průběhu zatáčení přidávat plyn ani brzdit.;Brzděním snižoval neustále rychlost jízdy motocyklu.;Přidáváním plynu neustále zvyšoval rychlost motocyklu.;a;
86;Bez;rid;6060242;Při rychlosti 100 km/h je délka brzdné dráhy Vašeho vozidla oproti brzdné dráze při rychlosti 50 km/h:;Přibližně čtyřikrát delší.;Přibližně třikrát delší.;Přibližně dvakrát delší.;a;
439;Prav;pra;6060243;Častou příčinou vzniku dopravních nehod při jízdě na dálnici je:;Jízda s nedostatečnou vzdáleností mezi vozidly jedoucími za sebou.;Pomalá jízda nákladních vozidel.;Jízda v pravém jízdním pruhu.;a;
87;Bez;rid;6060244;Při prudkém sešlápnutí brzdového pedálu vozidla bez protiblokovacího systému brzd (ABS) na náledí dojde:;K zablokování kol vozidla a vozidlo se stává neřiditelným.;K maximálnímu brzdnému účinku, při němž vozidlo zastaví s nejkratší brzdnou dráhou.;K zablokování kol zadní nápravy vozidla, při němž vozidlo zůstává řiditelným.;a;
186;Def;aut;6060251;Historickým vozidlem je:;Vozidlo, které je zapsáno v registru historických a sportovních vozidel a kterému byl vydán průkaz historického vozidla.;Vozidlo, které nesmí být použito k provozu na pozemních komunikacích.;Každé vozidlo, jehož konstrukce neodpovídá technickým požadavkům na nově vyráběná vozidla.;a;
187;Def;aut;6060252;Historickým vozidlem je:;Vozidlo, které je zapsáno v registru historických a sportovních vozidel a kterému byl vydán průkaz historického vozidla.;Každé vozidlo starší než 15 let.;Každé vozidlo starší než 20 let.;a;
817;Voz;spo;6060261;Těhotné ženy:;Nesmí nikdy používat bezpečnostní pásy.;Musí používat bezpečnostní pásy.;Nemusí používat bezpečnostní pásy, pokud je vozidlo vybaveno airbagem.;b;
693;Souv;mir;6060265;Provozovatel osobního automobilu, který nebyl dříve registrován v zahraničí, přistaví tento automobil k technické prohlídce nejpozději ve lhůtě:;4 let po prvním zaregistrování tohoto automobilu a potom pravidelně ve lhůtách 2 let.;4 let po prvním zaregistrování tohoto automobilu a potom pravidelně ve lhůtách 4 let.;2 let po prvním zaregistrování tohoto automobilu a potom pravidelně ve lhůtách 4 let.;a;
297;Med;;6060268;Hrozí trestní postih, pokud neposkytnete první pomoc?;Ano, s možností nepodmíněného trestu odnětí svobody.;Ne, v žádném případě, je to moje vlastní vůle.;Podle závažnosti úrazu nebo postižení poraněného.;a;
160;C;;6060271;Které z následujících motorových vozidel smíte řídit na základě řidičského oprávnění skupiny C?;Motorové vozidlo se šesti místy k sezení, jehož maximální přípustná hmotnost je 8.200 kg.;Motorové vozidlo s patnácti místy k sezení, jehož maximální přípustná hmotnost je 8.200 kg.;Motorové vozidlo s maximální přípustnou hmotností 4.500 kg, k němuž je připojeno přípojné vozidlo, jehož maximální přípustná hmotnost je 1.000 kg.;a;
745;Souv;pru;6060272;Které z následujících motorových vozidel smíte řídit s řidičským oprávněním skupiny B?;Motorové vozidlo určené pro přepravu osob, s devíti místy k sezení včetně místa řidiče, jehož maximální přípustná hmotnost je 3.350 kg.;Motorové vozidlo určené pro přepravu nákladu, se dvěma místy k sezení, jehož maximální přípustná hmotnost je 3.700 kg.;Motocykl o objemu válců nepřesahujícím 125 cm3 a o výkonu nejvýše 11 kW, jehož konstrukční rychlost však přesahuje 45km/h.;a;
135;Bez;sil;6060275;Příčinou vzniku aquaplaningu je:;Rychlá jízda na vozovce pokryté větším množstvím vody.;Prudké zrychlení vozidla na mokré vozovce.;Prudké brzdění vozidla na mokré vozovce.;a;
6;Bez;ost;6060276;Za jízdy v noci se vám náhle v dálkových světlech objeví lesní zvěř. Jak se zachováte?;Okamžitě ztlumíte světla na potkávací a snížíte rychlost jízdy.;Vypnete světla vozidla a pokračujete sníženou rychlostí v jízdě.;Pokračujete v jízdě stejným způsobem s dálkovými světly.;a;
7;Bez;ost;6060277;Častou příčinou těžkých nehod na dálnici při předjíždění je:;Nedostatečné sledování provozu za vozidlem.;Pomalá jízda.;Jízda s bezpečnou vzdáleností mezi vozidly.;a;
855;Voz;sve;6060278;Správný tlak huštění pneumatik se zjišťuje:;Na studených, jízdou nezahřátých pneumatikách.;Na jízdou zahřátých pneumatikách.;Na pneumatikách bez ohledu na jejich teplotu.;a;
39;Bez;pre;6060279;Ve výhledu z motorového vozidla vidíte skupinu dětí na chodníku. Jak se zachováte?;S ohledem na možné vběhnutí dětí do vozovky snížíte rychlost jízdy a zvýšíte pozornost.;Protože jsou děti na chodníku, nemáte důvod ke zvýšení opatrnosti ani ke změně způsobu jízdy.;Použijete zvukové výstražné znamení a přejedete k levému okraji jízdního pruhu.;a;
88;Bez;rid;6060280;Při zvyšování rychlosti jízdy se zorné pole řidiče:;Nemění.;Zužuje.;Rozšiřuje.;b;
136;Bez;sil;6060281;Při začínajícím drobném dešti se snížení přilnavosti pneumatik nejvýrazněji projeví na vozovce:;Dlážděné.;S asfaltovým povrchem.;S betonovým povrchem.;a;
137;Bez;sil;6060283;Při jízdě vozidla po krajnici:;Je nutno dbát zvýšené opatrnosti, vzhledem k možnosti porušení její nezpevněné části a převrácení vozidla.;Není nutno dbát zvýšené opatrnosti.;Musí být uvedeno v činnost výstražné světelné zařízení.;a;
8;Bez;ost;6060284;Řidič jedoucí před Vámi dává výstražné světelné znamení. Jak se zachováte?;Zajedete co nejblíže k pravému okraji vozovky a zastavíte.;Pokračujete v jízdě za nezměněných podmínek.;Snížíte rychlost jízdy a použijete také světelné výstražné znamení.;c;
486;Prav;riz;6060285;Zvukové výstražné znamení smí řidič ve vztahu k životnímu prostředí použít:;Pouze v případech stanovených zákonem.;Kdykoliv to uzná za vhodné.;Tam kde je to povoleno dopravní značkou.;a;
790;Voz;nak;6060286;Při přepravě sypkého materiálu musí řidič:;Dbát zvýšené opatrnosti vzhledem k možnosti ohrožení ostatních účastníků silničního provozu odlétávajícími částicemi.;Jet rychlosti maximálně 40 km/h.;V půlhodinových intervalech kontrolovat stav nákladu.;a;
818;Voz;spo;6060288;Při přepravě vozidlem hromadné dopravy osob cestující:;Musí dbát pokynů a příkazů řidiče.;Nemá žádné povinnosti.;Nesmí stát v uličce.;a;
171;D;;6060289;Při řízení vozidla hromadné dopravy osob řidič:;Musí volit způsob a rychlost jízdy tak, aby neohrozil bezpečnost a pohodlí cestujících.;Smí jet rychlostí maximálně 60 km/h.;Musí každou hodinu kontrolovat vnější osvětlení vozidla.;a;
172;D;;6060290;Řidič trolejbusu:;Musí být držitelem řidičského oprávnění skupiny D.;Musí být držitelem řidičského oprávnění skupiny C.;Musí být držitelem řidičského oprávnění skupiny T.;a;
791;Voz;nak;6060291;Vozidlo s vysokou plachtovou nástavbou je zvlášť citlivé na boční vítr pokud:;Je prázdné.;Je plně naložené.;Převáží sypký náklad.;a;
138;Bez;sil;6060292;Přilnavost pneumatik snižuje:;Silný déšť a vysoká vrstva vody na vozovce.;Velká hmotnost nákladu na vozidle.;Malá hmotnost nákladu na vozidle.;a;
139;Bez;sil;6060293;Sníh, náledí nebo rozbředlý sníh na vozovce vyžadují:;Jízdu se zvýšenou opatrností, přizpůsobenou stavu vozovky.;Brzdění s použitím parkovací brzdy.;Zatížení vozidla na hodnotu celkové hmotnosti uvedené v technickém průkazu vozidla.;a;
9;Bez;ost;6060294;Vzduchový vír nebo náraz vzniklý při předjíždění:;Je nebezpečím pro stabilitu předjížděných vozidel, zejména jednostopých.;Nemá vliv na předjížděná vozidla.;Je nebezpečný pouze pro jednostopá vozidla.;a;
140;Bez;sil;6060295;Před vjetím na krajnici:;Je nutné se přesvědčit, že krajnice je dostatečně pevná a nedojde k jejímu utržení.;Stačí snížit rychlost jízdy.;Není nutné se přesvědčit, že krajnice je dostatečně pevná, neboť je součástí pozemní komunikace.;a;
819;Voz;spo;6060308;Řidič nesmí připustit, aby počet přepravovaných osob starších 12 let překročil:;Počet povolených míst určených k přepravě osob.;Počet povolených míst určených k přepravě osob, jen pokud jsou vybavena zádržným bezpečnostním systémem.;Dvojnásobek počtu povolených míst určených k přepravě osob.;a;
746;Souv;pru;6060309;Držitelé řidičského oprávnění skupiny B mohou řídit:;Jen motocykl bez postranního vozíku, který má výkon nejvýše 25kW.;Motorová vozidla s nejvýše 8 místy k sezení, kromě místa řidiče, pokud jejich maximální přípustná hmotnost nepřevyšuje 3 500 kg.;Motorová vozidla s nejvýše 8 místy k sezení, kromě místa řidiče, a s maximální přípustnou hmotností převyšující 3 500 kg.;b;
161;C;;6060312;Které z následujících motorových vozidel smíte řídit na základě řidičského oprávněním skupiny C:;Motorové vozidlo určené pro přepravu nákladu, se dvěma místy k sezení, jehož maximální přípustná hmotnost je 3.700 kg.;Motorové vozidlo určené pro přepravu osob, s deseti místy k sezení, jehož maximální přípustná hmotnost je 3.350 kg.;Motocykl o objemu válců nepřesahujícím 125 cm3 a o výkonu nejvýše 11 kW.;a;
970;Znak;upr;6060320;Pokud přijíždíte na tuto křižovatku, musíte dát přednost v jízdě všem vozidlům přijíždějícím:;Jen zprava.;Jen zleva.;Zprava i zleva.;c;obrázek
173;D;;6060333;Řidičské oprávnění skupiny D + E není třeba k řízení jízdní soupravy složené z motorového vozidla, k jehož řízení opravňuje řidičské oprávnění skupiny D, a přípojného vozidla:;S maximální přípustnou hmotností nejvýše 750 kg.;S maximální přípustnou hmotností nejvýše 1.000 kg.;S maximální přípustnou hmotností nejvýše 1.500 kg.;a;
162;C;;6060334;Řidičské oprávnění skupiny C + E není třeba k řízení jízdní soupravy složené z motorového vozidla, k jehož řízení opravňuje řidičské oprávnění skupiny C, a přípojného vozidla:;S maximální přípustnou hmotností nejvýše 750 kg.;S maximální přípustnou hmotností nejvýše 1.000 kg.;S maximální přípustnou hmotností nejvýše 1.500 kg.;a;
40;Bez;pre;6060335;Chodec smí vstoupit na přechod pro chodce:;Jen pokud se neblíží vozidlo, před které by bezprostředně vstoupil.;"Jen pokud dá znamení rukou, že bude přecházet; pak může řidiče donutit i k náhlé změně rychlosti a směru jízdy.";Vždy, protože má absolutní přednost před vozidly.;a;
89;Bez;rid;6060338;Pokud je při jízdě na motocyklu nezbytné v nájezdu do zatáčky brzdit, potom je nejvhodnější:;Brzdit přední i zadní brzdou, postupně a s výrazně menší silou, než při přímé jízdě.;Rychle přeřadit na nižší rychlostní stupeň s následně prudkým puštěním páčky spojky.;Intenzivně brzdit pouze přední nebo zadní brzdou.;a;
792;Voz;nak;6060339;Ovlivňují síly působící na náklad při průjezdu zatáčkou bezpečnost jízdy?;Ne, tyto síly nemají žádný vliv na náklad.;Ano, náklad se může posunout nebo spadnout.;Ano, ale jen při přepravě sypkého materiálu.;b;
242;Def;uca;6060342;Je jezdec na koni, který se pohybuje po pozemní komunikaci, řidičem a platí pro něj povinnosti a práva účastníků provozu na pozemních komunikacích?;Ano.;Ne.;;a;
90;Bez;rid;6060343;Během jízdy může kouřit:;Řidič nákladního vozidla.;Řidič motocyklu.;Řidič autobusu.;a;
582;Prav;sta;6060344;Řidič motorového vozidla, jehož celková hmotnost nepřevyšuje 3.500 kg, smí v obci zastavit a stát:;I kolmo, popřípadě šikmo k okraji pozemní komunikace nebo zastavit v druhé řadě, pokud tím není ohrožena bezpečnost a plynulost provozu.;"I kolmo, popřípadě šikmo k okraji pozemní komunikace; ve druhé řadě smí zastavit pouze řidič vozidla taxislužby.";"Pouze vpravo ve směru jízdy rovnoběžně s okrajem pozemní komunikace a co nejblíže k němu; řidič vozidla taxislužby smí zastavit i v druhé řadě.";a;
487;Prav;riz;6060347;Do skupiny tvořené vozidly s právem přednostní jízdy a vozidly jimi doprovázenými se řidiči ostatních vozidel:;Smějí zařazovat jen za nesnížené viditelnosti.;Smějí zařazovat jen se zvýšenou opatrností.;Nesmějí zařazovat.;c;
893;Znak;inf;6060349;Místní úprava provozu na pozemních komunikacích:;Je úprava silničního provozu podřazená obecné úpravě silničního provozu.;Neplatí za snížené viditelnosti.;Je nadřazená obecné úpravě provozu na pozemních komunikacích.;c;
224;Def;poj;6060350;Pěší zóna je:;"Oblast, jejíž začátek je označen dopravní značkou ""Pěší zóna"" a konec je označen dopravní značkou ""Konec pěší zóny"".";"Oblast, jejíž začátek je označen dopravní značkou ""Stezka pro chodce"" a konec je označen dopravní značkou ""Konec stezky pro chodce"".";Každý chodník, oddělený od vozovky výškově nebo jinak, který jiní účastníci provozu než chodci nesmí použít.;a;
445;Prav;pra;6060351;V obytné a pěší zóně smí řidič jet rychlostí nejvýše:;40 km/h.;20 km/h.;30 km/h.;b;
446;Prav;pra;6060352;Na pozemní komunikaci o třech jízdních pruzích vyznačených na vozovce v jednom směru jízdy smí řidič přejíždět z levého jízdního pruhu do středního jízdního pruhu jen:;Tehdy, neohrozí-li řidiče přejíždějícího do středního jízdního pruhu z pravého jízdního pruhu.;Pokud má jistotu, že neomezí řidiče vozidel jedoucích za ním.;Tehdy, neomezí-li řidiče přejíždějícího do středního jízdního pruhu z pravého jízdního pruhu.;a;
708;Souv;pro;6060353;Provozovatel vozidla nesmí přikázat nebo svěřit samostatné řízení vozidla:;Osobě, která je držitelem jen cestovního pasu a odpovídajícího řidičského oprávnění.;Osobě, o které nezná údaje potřebné k určení její totožnosti.;Osobě, u které nezná její věk.;b;
533;Prav;sme;6060354;Řidič při vjíždění z účelové pozemní komunikace na jinou pozemní komunikaci:;Nedává přednost v jízdě.;Musí dát přednost v jízdě vozidlům nebo jezdcům na zvířatech nebo organizovanému útvaru chodců nebo průvodcům hnaných zvířat se zvířaty.;Dává přednost v jízdě vozidlům přijíždějícím zleva.;b;
447;Prav;pra;6060355;Pokud hustota provozu na dálnici a rychlostní silnici o dvou jízdních pruzích v jednom směru jízdy vyvolá vznik kolony stojících vozidel, jsou řidiči souběžně jedoucích vozidel povinni:;vytvořit mezi jízdními pruhy prostor pro průjezd vozidel s právem přednostní jízdy;Rozsvítit stanovené osvětlení vozidla.;Snížit vzájemný boční odstup.;a;
448;Prav;pra;6060356;Pokud hustota provozu na silnici pro motorová vozidla o dvou jízdních pruzích v jednom směru jízdy vyvolá vznik kolony stojících vozidel, jsou řidiči souběžně jedoucích vozidel povinni:;vytvořit mezi jízdními pruhy prostor pro průjezd vozidel s právem přednostní jízdy;Řadit se průběžně do pravého jízdního pruhu.;Řadit se průběžně do levého jízdního pruhu.;a;
396;Prav;pol;6060357;Řidič je povinen podrobit se vyšetření ke zjištění, zda není ovlivněn alkoholem nebo jinou návykovou látkou:;Na výzvu starosty obce.;Na výzvu policisty nebo strážníka obecní policie.;Na výzvu pracovníka dopravního podniku.;b;
449;Prav;pra;6060358;Je-li pro zařazování do průběžného jízdního pruhu zřízen připojovací jízdní pruh:;Je řidič povinen před zařazením do průběžného pruhu zastavit.;Musí řidič jedoucí v průběžném pruhu snížit rychlost jízdy.;Je řidič povinen před zařazením do průběžného pruhu užít připojovacího pruhu.;c;
450;Prav;pra;6060359;"Řidič nesmí předjíždět na křižovatce a v těsné blízkosti před ní; tento zákaz neplatí:";Na hlavní pozemní komunikaci.;Pokud je vozidlo řádně osvětleno.;Dává-li řidič řádně a včas znamení o změně směru jízdy.;a;
10;Bez;ost;6060361;Řidič jízdní soupravy, jejíž celková délka přesahuje 7 m, nesmí předjíždět jiné vozidlo:;Pokud k jeho předjetí nemá dostatečnou rychlost, takže by omezil v jízdě ostatní vozidla svou výrazně nižší rychlostí jízdy.;Nejede-li jím řízené vozidlo rychlostí alespoň 50 km/h.;Pokud je výrazně snížena viditelnost.;a;
397;Prav;pol;6060362;Zastavovat vozidlo je oprávněn:;Policista ve stejnokroji.;Kdokoliv.;Ten, kdo je k tomu pověřen policistou.;a;
398;Prav;pol;6060365;K měření rychlosti vozidel je oprávněna:;Jen policie.;Policie a obecní policie.;Jen obecní policie.;b;
820;Voz;spo;6060368;Řidič motorového vozidla je povinen:;Být za jízdy připoután na sedadle bezpečnostním pásem, pokud jím je sedadlo povinně vybaveno podle zvláštního právního předpisu.;Být připoután na sedadle bezpečnostním pásem, pokud jím je sedadlo povinně vybaveno podle zvláštního právního předpisu, jen za jízdy mimo obec.;Se za jízdy připoutat bezpečnostními pásy.;a;
367;Prav;neh;6060369;Dojde-li při jízdě vozidla v tunelu k poruše vozidla, pro kterou se toto vozidlo stalo nepojízdným, nebo dojde-li k dopravní nehodě, je řidič povinen neprodleně:;Opustit tunel.;Vypnout motor, a je-li k vytápění vozidla použito nezávislého topení, vypnout i toto topení.;Vypnout osvětlení vozidla.;b;
583;Prav;sta;6060371;Řidič nesmí snížit náhle rychlost jízdy nebo náhle zastavit:;Pokud to nevyžaduje bezpečnost provozu na pozemních komunikacích.;S výjimkou případu zdravotní nevolnosti.;S výjimkou případu, kdy je zastavován pracovníkem dráhy.;a;
1111;Znak;zak;6060373;Svislé zákazové dopravní značky:;Upozorňují na místa, kde řidiči hrozí nebezpečí.;Ukládají účastníku provozu na pozemních komunikacích zákazy nebo omezení.;Informují řidiče motorových vozidel o omezeních na silnici.;b;
990;Znak;vod;6060374;Vodorovné dopravní značky jsou vyznačeny:;"Barvou nebo jiným srozumitelným způsobem; přechodná změna místní úpravy provozu na pozemních komunikacích je vyznačena žlutou nebo oranžovou barvou.";"Na tabulích; přechodné změny provozu jsou provedeny červenou barvou.";Pomocí příslušných dopravních zařízení.;a;
451;Prav;pra;6060375;Na dálnici a na silnici pro motorová vozidla je vlečení motorového vozidla dovoleno jen tehdy:;Je-li vlečeno po krajnici (v odstavném pruhu).;Je-li možno při jízdě po rovině dosáhnout rychlosti nejméně 60 km/h.;"Jestliže je to nutné k jeho odstranění z dálnice nebo ze silnice pro motorová vozidla; vozidlo smí být vlečeno jen k nejbližšímu výjezdu, kde musí dálnici nebo silnici pro motorová vozidla opustit.";c;
488;Prav;riz;6060376;Na dálnici je vlečení motorového vozidla dovoleno jen tehdy:;Je-li vlečeno po krajnici nebo v odstavném pruhu.;Je-li možno při jízdě po rovině dosáhnout rychlosti nejméně 65 km/h.;"Jestliže je to nutné k jeho odstranění z dálnice nebo ze silnice pro motorová vozidla; vozidlo smí být vlečeno jen k nejbližšímu výjezdu, kde musí dálnici nebo silnici pro motorová vozidla opustit.";c;
489;Prav;riz;6060377;Na silnici pro motorová vozidla je vlečení motorového vozidla dovoleno jen tehdy:;Jestliže maximální přípustná hmotnost vlečeného vozidla nepřevyšuje 3.500 kg.;Je-li možno při jízdě po rovině dosáhnout rychlosti nejméně 80 km/h.;"Jestliže je to nutné k jeho odstranění z dálnice nebo ze silnice pro motorová vozidla; vozidlo smí být vlečeno jen k nejbližšímu výjezdu, kde musí dálnici nebo silnici pro motorová vozidla opustit.";c;
452;Prav;pra;6060378;Řidič smí na dálnici a na silnici pro motorová vozidla vjíždět a z nich vyjíždět:;Jen na místech k tomu určených.;Z kteréhokoliv místa nebo pozemku přiléhajícího k dálnici nebo silnici pro motorová vozidla.;Kdekoliv.;a;
91;Bez;rid;6060380;Zastavit s vozidlem ve druhé řadě můžete jen tehdy:;Zůstane-li volný alespoň jeden jízdní pruh o šířce nejméně 3 m.;Nelze-li s vozidlem ve vzdálenosti menší než 100 m zastavit při okraji pozemní komunikace.;Přepravujete-li osobu těžce postiženou nebo těžce pohybově postiženou.;a;
261;Def;vec;6060381;Silnice pro motorová vozidla je:;"Pozemní komunikace označená dopravní značkou ""Silnice pro motorová vozidla"".";Každá silnice I. třídy.;Každá pozemní komunikace o nejméně dvou jízdních pruzích v jednom směru jízdy, pokud vede mimo obec.;a;
92;Bez;rid;6060385;Předjíždí se:;Vlevo, a to bez výjimky.;Vpravo nebo vlevo, podle toho, kde je v dané situaci více prostoru pro bezpečné předjetí.;"Vlevo; vpravo se předjíždí vozidlo, které mění směr jízdy vlevo a není-li již pochybnosti o dalším směru jeho jízdy.";c;
188;Def;aut;6060386;Nemotorové vozidlo je:;Přípojné vozidlo a vozidlo pohybující se pomocí lidské nebo zvířecí síly, například jízdní kolo, ruční vozík nebo potahové vozidlo.;Každé vozidlo poháněné jiným než spalovacím motorem, například elektromobil.;Kolejové vozidlo, které se účastní provozu na pozemních komunikacích.;a;
262;Def;vec;6060392;Připojovací pruh je:;Jízdní pruh vyhrazený jen pro vozidla hromadné dopravy osob.;Jízdní pruh určený pro pomalá vozidla, která nemohou v daném úseku dosáhnout okamžité rychlosti nejméně 60 km/h.;Jízdní pruh určený pro zařazování vozidel do průběžného pruhu.;c;
243;Def;uca;6060394;Je jezdec na koloběžce, který se pohybuje po pozemní komunikaci, řidičem?;Ne.;Ano.;;b;
11;Bez;ost;6060396;Dávat světelné výstražné znamení krátkým přerušovaným rozsvícením dálkových světel nebo přepínáním potkávacích a dálkových světel k upozornění řidiče předjížděného vozidla:;Je zakázáno.;Je dovoleno.;Je dovoleno pouze na dálnici a silnici pro motorová vozidla.;c;
12;Bez;ost;6060397;Dávat zvukové výstražné znamení k upozornění řidiče předjížděného vozidla:;Je zakázáno.;Je dovoleno.;Je dovoleno pouze mimo obec.;c;
453;Prav;pra;6060398;Je-li pro zařazování do průběžného jízdního pruhu zřízen připojovací pruh:;Je řidič povinen před zařazením do průběžného pruhu užít připojovacího pruhu.;Nemusí ho řidič před zařazením do průběžného pruhu užít, pokud přejetím do průběžného pruhu neomezí ani neohrozí ostatní řidiče.;Je řidič povinen před zařazením do průběžného jízdního pruhu dosáhnout rychlosti nejméně 80 km/h.;a;
584;Prav;sta;6060400;Vyžadují-li provozní nebo jiné závažné důvody, aby osoby při vystupování z vozidla taxislužby vstoupily do vozovky:;Je řidič vozidla taxislužby povinen umístit za vozidlo přenosný výstražný trojúhelník.;Je řidič vozidla taxislužby oprávněn zastavovat ostatní vozidla.;Je řidič vozidla taxislužby povinen oznámit tuto skutečnost policii.;b;
585;Prav;sta;6060401;Vyžadují-li provozní nebo jiné závažné důvody, aby osoby při vystupování z autobusu mimo zastávku vstoupily do vozovky:;Je dopravce povinen umístit za stojící autobus přenosný výstražný trojúhelník.;Je dopravce oprávněn zastavovat ostatní vozidla.;Je každý cestující z autobusu starší 18 let oprávněn zastavovat ostatní vozidla.;b;
93;Bez;rid;6060402;Častou příčinou těžkých nehod na dálnici je:;Únava pramenící z nedostatečného odpočinku a následný mikrospánek řidiče.;Pomalá jízda.;Jízda v jízdním pruhu pro pomalá vozidla.;a;
142;Bez;sil;6060412;Na vozovce je velká kaluž vody, kterou s motocyklem musíte projet. Jak se zachováte?;Výrazně snížíte rychlost jízdy, nohy necháte na stupačkách a pomalu projedete kaluží.;Nebudete brzdit, jen zvednete nohy ze stupaček a projedete kaluží.;Objedu kaluž přes chodník nebo krajnici vozovky.;a;
143;Bez;sil;6060422;Jaké nebezpečí hrozí při jízdě na mokré dlažbě?;Zvýšené riziko smyku a následného pádu.;Nebezpečí nehrozí, mají-li pneumatiky předepsanou hloubku dezénu.;Zvýšené riziko sesmeknutí řetězu z důvodu rozstřiku vody.;a;
144;Bez;sil;6060423;Co může vést ke smyku motocyklu při průjezdu zatáčkami?;Nedostatečná rychlost jízdy.;Vadné tlumiče motocyklu.;Nízká hmotnost motocyklu.;b;
94;Bez;rid;6060424;Co může vést ke smyku vozidla při průjezdu zatáčkami?;Jízda při středové dělicí čáře.;Nízký tlak v pneumatikách.;Nedostatečná rychlost jízdy.;b;
95;Bez;rid;6060425;Co může vést ke smyku vozidla při průjezdu zatáčkami?;Malá hmotnost vozidla.;Velké rozdíly v nahuštění jednotlivých pneumatik.;Malá hmotnost nákladu.;b;
856;Voz;sve;6060427;Na téže nápravě musí být používány:;Pneumatiky stejného rozměru a značky.;Pneumatiky stejného rozměru bez ohledu na homologaci a typ dezénu.;Pouze shodné pneumatiky, přičemž shodnou pneumatikou se rozumí pneumatika stejného rozměru, konstrukce, druhu dezénu a značky.;c;
857;Voz;sve;6060428;Používání pneumatik s protiskluzovými hroty:;Je zakázáno pro všechna vozidla, s výjimkou vozidel záchranné služby.;Je povoleno pouze v zimním období.;Je povoleno pouze v zimním období a jen v horských oblastech.;a;
858;Voz;sve;6060429;Činná plocha pláště pneumatiky v provozu musí mít po celém obvodu a v celé šíři vrchního běhounu jasně viditelný dezén s hloubkou hlavních dezénových drážek:;U všech vozidel nejméně 1,0 mm.;U osobních vozidel 1,5 mm a u nákladních vozidel 2,0 mm.;U mopedů nejméně 1,0 mm a u vozidel ostatních kategorií nejméně 1,6 mm.;c;
709;Souv;pro;6060431;Nová přípojná vozidla za osobní automobil:;Podléhají registraci.;Nepodléhají registraci.;Podléhají registraci pouze na žádost jejich vlastníka.;a;
710;Souv;pro;6060432;Nově registrovaná přípojná vozidla:;Mají registrační značku shodnou s tažným vozidlem.;Nemusí mít žádnou registrační značku.;Mají po zaregistrování svou přidělenou registrační značku.;c;
859;Voz;sve;6060434;Jiná než předepsaná nebo povolená světelná zařízení:;Nesmí být na vozidle použita.;Smí být na vozidle použita pouze za předpokladu, že jejich užití nebude obtěžovat ostatní účastníky provozu na pozemních komunikacích.;Smí být použita pouze při tuningové úpravě vozidla.;a;
13;Bez;ost;6060438;Jedete za hustého deště za nákladním vozidlem, které intenzivně znečišťuje Vaše přední okno. Jak se zachováte?;Pojedete co nejtěsněji za ním.;Zvýšíte rozestup mezi vozidly.;Okamžitě zahájíte předjíždění.;b;
695;Souv;mir;6060439;Okamžitá hmotnost jízdní soupravy:;Nesmí být větší než největší povolená hmotnost jízdní soupravy stanovená při schválení technické způsobilosti tažného vozidla.;Může být větší než největší povolená hmotnost jízdní soupravy stanovená při schválení technické způsobilosti tažného vozidla.;Může být libovolná, nesmí však překročit limity stanovené prováděcí vyhláškou.;a;
696;Souv;mir;6060440;Pokud přípojné vozidlo svými rozměry po připojení k tažnému vozidlu znemožní řidiči řádný výhled vnějšími zpětnými zrcátky:;Smí být taková souprava v silničním provozu užita pouze na silnicích II. a III. třídy a místních komunikacích.;Smí být taková souprava užívána v silničním provozu.;Tažné vozidlo musí být opatřeno doplňkovými zpětnými zrcátky s větším vyložením nebo jiným zařízením, které zajistí řádný výhled.;c;
174;D;;6060441;Započítává se do největší povolené délky autobusů jakákoliv odnímatelná výbava (např. schrána na lyže atd.)?;Ne, nezapočítává.;Ano, započítává.;Ano, ale jen u meziměstských a dálkových autobusů.;b;
860;Voz;sve;6060442;Povinná výbava motorových a přípojných vozidel musí být umístěna ve vozidle:;Při každém užití vozidla v provozu na pozemních komunikacích.;Pouze pokud je vozidlo přistaveno na STK.;Pouze pokud nepřekáží při běžném užití vozidla.;a;
861;Voz;sve;6060443;Na vozidle mohou být použita jen taková světelná zařízení:;Která jsou pro danou kategorii předepsána a povolena.;Která jsou pevně spojena s vozidlem, bez ohledu na jejich počet, barvu a umístění.;Jejichž činnost je signalizována kontrolkou.;a;
862;Voz;sve;6060444;Úprava barvy světla vyzařovaného světelným zařízením vozidla je:;Zakázána.;Povolena pouze záměnou žárovky jiné barvy.;Je možná změna jiným způsobem, např. přestříkáním.;a;
863;Voz;sve;6060445;Nádoby na záložní palivo musí být provedeny tak, aby:;Palivo nemohlo vytékat při jakékoli poloze nádoby.;Se nedaly ve vozidle zaměnit s jinou nádobou.;Neměly objem větší než 5 litrů.;a;
864;Voz;sve;6060447;Dodatečná montáž předních mlhových světel na vozidlo je možná:;Pokud montáž odpovídá technickým požadavkům stanoveným mezinárodním předpisem.;Bez omezení.;Není možná.;a;
833;Voz;stk;6060450;K pravidelné technické prohlídce může přistavit vozidlo:;Jakákoliv osoba, které je vozidlo svěřeno.;Pouze provozovatel vozidla.;Pouze vlastník vozidla.;a;
834;Voz;stk;6060451;Kontrolní nálepka osvědčující technickou způsobilost vozidla se umísťuje:;Na zadní tabulku registrační značky.;Na přední tabulku registrační značky.;Podle požadavku zákazníka.;a;
14;Bez;ost;6060452;Projíždíte podél pastviny s pasoucím se dobytkem. Měl(a) byste:;Předpokládat možnost vběhnutí zvířete do vozovky.;Použít zvukové výstražné znamení.;Zvýšit rychlost jízdy.;a;
835;Voz;stk;6060453;Proděravěním kontrolní nálepky, osvědčující technickou způsobilost vozidla, se vyznačuje:;Rok provedení příští pravidelné technické prohlídky.;Rok a měsíc, do kterého platí osvědčení o technické způsobilosti vozidla.;Rok, měsíc a den provedení příští pravidelné technické prohlídky.;b;
865;Voz;sve;6060456;Pokud je vozidlo vybaveno indikací defektu a soupravou pro bezdemontážní opravu pneumatiky:;Musí být automobil povinně vybaven náhradním kolem.;Nemusí být automobil povinně vybaven náhradním kolem.;Musí být automobil povinně vybaven náhradním kolem pouze při provozu na dálnici.;b;
15;Bez;ost;6060457;Předjíždíte jezdce na koni. Před zahájením předjíždění:;"Zvýšíte rychlost jízdy a použijete světelné výstražné znamení; znamení o změně směru jízdy nepoužijete.";Snížíte rychlost jízdy a použijete zvukové výstražné znamení.;Vezmete v úvahu možnost úleku zvířete a jeho vběhnutí do Vaší jízdní dráhy.;c;
96;Bez;rid;6060458;Používání ochranné výstroje jako rukavic, bot a vhodného oblečení:;Může u posádky motocyklu výrazně snížit zdravotní následky dopravní nehody.;Je zákonnou podmínkou účasti řidiče motocyklu v silničním provozu.;Je doporučováno jen pro jízdu na motocyklu na dálnicích a silnicích pro motorová vozidla.;a;
16;Bez;ost;6060459;Jedete za pomalu jedoucím vozidlem autoškoly. Jak se zachováte?;Krátkým přerušovaným rozsvícením dálkových světel jej upozorníte, že omezuje plynulost silničního provozu.;V klidu a trpělivě pojedete za ním a případně jej na vhodném místě předjedete.;Použijete zvukové výstražné znamení a zvýšenou rychlostí jej předjedete.;b;
341;Prav;mhd;6060460;Jedete za autobusem, který zastavuje v zastávce při pravém okraji vozovky. Jak se zachováte?;Předjedete jej zvýšenou rychlostí dříve než zastaví, abyste nemusel(a) zohledňovat vystupující cestující.;Zastavíte těsně za ním.;"Objedete jej zleva sníženou rychlostí; berete v úvahu možnost zvýšeného pohybu chodců.";c;
17;Bez;ost;6060461;Řidič vozidla jedoucího před vámi zřejmě zapomněl vypnout znamení o změně směru jízdy vlevo. Jak se zachováte?;Upozorníte jej zvukovým výstražným znamením.;Nebudete takové vozidlo předjíždět.;Upozorníte jej světelným výstražným znamením.;b;
97;Bez;rid;6060463;Může řidič číst za jízdy z mapy?;Ne, zvyšuje se tím riziko dopravní nehody. Řidič se musí věnovat řízení vozidla.;Ano, ale pouze při rychlosti nižší než je 50 km/h.;Ano, s výjimkou jízdy na dálnici.;a;
145;Bez;sil;6060464;Je velmi horký den. Co můžete jako řidič motocyklu očekávat na silnici?;Rozměklý povrch vozovky a v důsledku toho ztížené ovládání vozidla.;Zvýšený pohyb zvěře v lesních úsecích.;Snížení přilnavosti pneumatik k vozovce vzhledem k jejich vyššímu zahřívání.;a;
793;Voz;nak;6060466;Ložný prostor nákladního přívěsu traktoru:;Musí mít dostatečně vysoké bočnice, aby přepravované osoby za jízdy nevypadly.;Musí mít bočnice z průhledného materiálu, např. pletiva, aby řidič mohl kontrolovat přepravované osoby.;Nemusí mít bočnice, pokud jsou sedadla traktoru pevně uchycena k ložnému prostoru a vybavena opěradly.;a;
189;Def;aut;6060467;Vozidlem se pro účely provozu na pozemních komunikacích rozumí:;Pouze nekolejové vozidlo poháněné vlastní pohonnou jednotkou.;Každé motorové vozidlo, nemotorové vozidlo i tramvaj.;Pouze autobus, trolejbus nebo tramvaj.;b;
342;Prav;mhd;6060468;Podél tramvaje se jezdí:;"Vpravo; vlevo se smí jet pouze tehdy, když v protisměru nejede žádná tramvaj nebo jiné vozidlo.";"Vpravo, pokud není dopravní značkou ""Objíždění tramvaje"" povolena jízda vlevo.";Vlevo.;b;
454;Prav;pra;6060469;Řidiči je na dálnici a na silnici pro motorová vozidla zakázáno:;Otáčení, couvání a vjíždění na střední dělicí pás včetně míst, kde je pás přerušen.;"Couvání; vjíždění na střední dělicí pás a otáčení je dovoleno jen v místech, kde je tento pás přerušen.";"Otáčení; couvání a vjíždění na střední dělicí pás je dovoleno jen v místech, kde tento pás není přerušen.";a;
586;Prav;sta;6060470;Řidič nesmí zastavit a stát:;"V obci na křižovatce tvaru ""T"" na protější straně vyúsťující pozemní komunikace.";Na křižovatce a ve vzdálenosti kratší než 3 m před hranicí křižovatky a 3 m za ní.;"Na křižovatce a ve vzdálenosti kratší než 5 m před hranicí křižovatky a 5 m za ní; tento zákaz neplatí v obci na křižovatce tvaru ""T"" na protější straně vyúsťující pozemní komunikace.";c;
490;Prav;riz;6060471;U vlečeného vozidla musí být za snížené viditelnosti rozsvícena:;Obrysová nebo potkávací světla a při poruše těchto světel musí být vlečené vozidlo na straně ke středu vozovky osvětleno vpředu neoslňujícím bílým světlem a vzadu červeným světlem.;Obrysová nebo potkávací světla a při poruše těchto světel musí být vozidlo na straně ke středu vozovky osvětleno vpředu červeným přerušovaným světlem.;"Obrysová světla spolu se zapnutým výstražným světelným zařízením; při poruše obrysových světel lze užít výstražné světelné zařízení samostatně.";a;
42;Bez;pre;6060477;Ve výhledu z motorového vozidla vidíte děti, které si hrají na chodníku. Jak se zachováte?;Budete s ohledem na možné vběhnutí dětí do vozovky připraven(a) brzdit a podle okolností snížíte rychlost jízdy.;Protože jsou děti na chodníku, nemáte důvod ke zvýšení opatrnosti ani ke změně způsobu jízdy.;Z dostatečné vzdálenosti upozorníte hrající si děti na možné nebezpečí zvukovým výstražným znamením.;a;
866;Voz;sve;6060479;Řidič vozidla, které je vybaveno zvláštním výstražným světlem oranžové barvy, smí tohoto světla užívat:;Pouze za snížené viditelnosti, například za deště, tmy nebo sněžení, byla-li by jeho jízdou ohrožena bezpečnost.;Vždy, i když není ohrožena bezpečnost provozu na pozemních komunikacích nebo jeho pracovní činnost.;Pokud by jeho jízdou nebo pracovní činností mohla být ohrožena bezpečnost provozu na pozemních komunikacích.;c;
867;Voz;sve;6060481;Řidič vozidla, které je vybaveno zvláštním výstražným světlem oranžové barvy, smí tohoto světla užívat:;Pouze za snížené viditelnosti, například za deště, tmy nebo sněžení, pokud by jeho jízdou byla ohrožena bezpečnost provozu na pozemních komunikacích.;Je-li nutné upozornit ostatní účastníky provozu na hrozící nebezpečí, například při nutnosti náhle snížit rychlost jízdy nebo zastavit vozidlo.;Pokud by jeho jízdou nebo pracovní činností mohla být ohrožena bezpečnost provozu na pozemních komunikacích.;c;
200;Def;cho;6060483;"Co se rozumí pod pojmem ""defenzivní způsob jízdy""?";Počítat s chybami ostatních účastníků provozu na pozemních komunikacích.;Trvat na svém právu vyplývajícím ze zákona o provozu na pozemních komunikacích.;Opatrně zastavit na každé křižovatce.;a;
146;Bez;sil;6060485;Dálnice, silnice a místní komunikace jsou sjízdné, jestliže umožňují bezpečný pohyb silničních a jiných vozidel přizpůsobený:;Stavebnímu stavu a dopravně technickému stavu těchto pozemních komunikací a povětrnostním situacím a jejich důsledkům.;Schopnostem řidiče reagovat na nenadálé situace v silničním provozu.;Jízdním vlastnostem vozidla užitého řidičem v silničním provozu.;a;
147;Bez;sil;6060487;Silnice jsou sjízdné, jestliže umožňují bezpečný pohyb silničních a jiných vozidel přizpůsobený:;Stavebnímu stavu a dopravně technickému stavu silnic a povětrnostním situacím a jejich důsledkům.;Stavebnímu a dopravně technickému stavu silnice, bez ohledu na povětrnostní podmínky.;Možnostem finančního krytí investic z prostředků správce dané pozemní komunikace.;a;
148;Bez;sil;6060489;Místní komunikace jsou sjízdné, jestliže umožňují bezpečný pohyb silničních a jiných vozidel:;Přizpůsobený stavebnímu stavu a dopravně technickému stavu silnic a povětrnostním situacím a jejich důsledkům.;Za mlhy, deště nebo hustého sněžení.;Za snížené viditelnosti.;a;
149;Bez;sil;6060491;Závadou ve sjízdnosti dálnice se rozumí taková změna v její sjízdnosti, kterou:;Nemůže řidič vozidla předvídat při pohybu vozidla přizpůsobeném stavebnímu stavu a dopravně technickému stavu dálnice a povětrnostním situacím a jejich důsledkům.;Řidič nemohl zjistit z dopravního zpravodajství.;Kterou vyvolal hustý provoz na dálnici.;a;
150;Bez;sil;6060493;Závadou ve sjízdnosti silnice se rozumí taková změna v její sjízdnosti, kterou:;Nemůže řidič vozidla předvídat při pohybu vozidla přizpůsobeném stavebnímu stavu a dopravně technickému stavu silnice a povětrnostním situacím a jejich důsledkům.;Vyvolal uježděný sníh ležící na vozovce.;Mohl řidič při náležité obezřetnosti předvídat.;a;
175;D;;6060494;Které z následujících motorových vozidel smíte řídit na základě řidičského oprávnění skupiny D:;Motorové vozidlo určené pro přepravu osob, s deseti místy k sezení, jehož maximální přípustná hmotnost je 3.350 kg.;Motorové vozidlo určené pro přepravu nákladu, se dvěma místy k sezení, jehož maximální přípustná hmotnost je 3.700 kg.;Motocykl o objemu válců nepřesahujícím 125 cm3 a o výkonu nejvýše 11 kW.;a;
747;Souv;pru;6060499;Které z následujících motorových vozidel nesmíte řídit s řidičským oprávněním skupiny B:;Motorové vozidlo určené pro přepravu osob, s pěti místy k sezení, jehož maximální přípustná hmotnost je 1.850 kg.;Motorové vozidlo určené pro přepravu nákladu, se třemi místy k sezení, jehož maximální přípustná hmotnost je 3.450 kg.;Motorové vozidlo určené pro přepravu osob, s deseti místy k sezení.;c;
151;Bez;sil;6060506;Je silný dešť důvodem ke snížení rychlosti jízdy?;Ano, může dojít ke ztrátě přilnavosti pneumatik a prodlužuje se i brzdná dráha.;Ne, pokud mají pneumatiky alespoň minimální stanovenou hloubku dezénu.;Ano, ale jen u vozidel, která nejsou vybavena protiblokovacím systémem brzd (ABS).;a;
748;Souv;pru;6060509;Které z následujících motorových vozidel smíte řídit s řidičským oprávněním skupiny B:;Motorové vozidlo určené pro přepravu osob, s šesti místy k sezení, jehož maximální přípustná hmotnost je 2.200 kg.;Motocykl o objemu válců 50 cm3 a o výkonu 5 kW.;Motocykl o objemu válců 125 cm3, jehož konstrukční rychlost je 90 km/h.;a;
749;Souv;pru;6060510;Které z následujících motorových vozidel smíte řídit na základě řidičského oprávnění skupiny C:;Motorové vozidlo určené pro přepravu nákladu, se dvěma místy k sezení, jehož maximální přípustná hmotnost je 3.700 kg.;Motorové vozidlo určené pro přepravu osob, s patnácti místy k sezení, jehož maximální přípustná hmotnost je 6.350 kg.;Motocykl o objemu válců nepřesahujícím 125 cm3 a o výkonu nejvýše 11 kW.;a;
868;Voz;sve;6060513;Tabulku registrační značky umístí vlastník nebo provozovatel vozidla:;Do místa určeného konstrukčním řešením vozidla.;"Na kteréhokoliv místo na přídi nebo zádi vozidla; přitom však nesmí zakrýt předepsané osvětlení vozidla.";Na kterékoliv viditelné místo na vozidle.;a;
869;Voz;sve;6060514;Tabulku registrační značky umístí vlastník nebo provozovatel vozidla:;Tak, aby při běžném provozu na pozemních komunikacích nedošlo k její ztrátě.;Tak, aby ani v případě vážné dopravní nehody nemohlo dojít k její ztrátě.;Tak, že ji vždy za použití šroubů nebo nýtů pevně spojí s karoserií.;a;
870;Voz;sve;6060515;Na tabulku registrační značky:;Nesmí být umístěny žádné nápisy nebo vyobrazení, které by narušily její čitelnost nebo rozlišovací schopnost, není-li stanoveno jinak.;Smí být umístěny pouze státní znak České republiky nebo vyobrazení státní vlajky České republiky.;Smí být umisťovány pouze předměty, jejichž plocha nepřesahuje 5 cm2.;a;
871;Voz;sve;6060516;V těsné blízkosti tabulky registrační značky:;Nesmí být umístěny žádné nápisy nebo vyobrazení, které by narušily její čitelnost nebo rozlišovací schopnost, není-li stanoveno jinak.;Lze umístit pouze drobné ozdobné předměty nebo nápisy, pokud jimi tabulka registrační značky není překryta.;Lze umístit pouze reklamní nápisy, které nelze zaměnit s číselným kódem na registrační značce.;a;
872;Voz;sve;6060524;Jestliže je vozidlo vybaveno tažným zařízením schváleným s odnímatelnou spojovací koulí bez použití nářadí, musí mít tuto kouli odejmutou, pokud:;Není využívána ke spojení s přípojným vozidlem či jiným zařízením.;Je vozidlo v klidu.;Nebylo tažné zařízení použito po dobu delší než 1 měsíc.;a;
873;Voz;sve;6060525;Pneumatika náhradního kola, s výjimkou kola pro nouzové dojetí:;Musí být nahuštěna nejméně na tlak odpovídající nejvyššímu předepsanému huštění pneumatik na vozidle.;Musí být nahuštěna na tlak odpovídající nejnižšímu předepsanému huštění pneumatik na vozidle.;Může být nahuštěna i na nižší tlak, než je předepsáno pro pneumatiky na vozidle.;a;
697;Souv;mir;6060526;Pro spojování vozidel do jízdních souprav s nebrzděným přívěsem, jehož největší přípustná hmotnost nepřevyšuje 750 kg, platí že:;Hmotnost přívěsu není nijak vázána na technickou specifikaci tažného vozidla.;"Přívěs musí být vzadu viditelně označen symbolem dopravní značky ""Jiné nebezpečí"".";Okamžitá hmotnost přívěsu nesmí překročit největší povolenou hmotnost pro nebrzděné přívěsy, jež je uvedena v technickém průkazu a osvědčení o registraci konkrétního tažného vozidla.;c;
491;Prav;riz;6066140;Při čerpání pohonných hmot mají přednost:;"Řidiči vozidel s právem přednostní jízdy; přitom nepoužívají zvláštních výstražných znamení.";"Řidiči vozidel s právem přednostní jízdy; k upozornění ostatních řidičů však musejí použít zvláštních výstražných znamení.";Řidiči vozidel hromadné dopravy osob, např. autobusů, a řidiči vozidel přepravujících zboží, které podléhá rychlé zkáze.;a;
492;Prav;riz;6066141;Při čerpání pohonných hmot mají přednost:;"Řidiči vozidel s právem přednostní jízdy; přitom nepoužívají zvláštních výstražných znamení.";Řidiči vozidel přepravujících osobu těžce postiženou nebo těžce pohybově postiženou.;Řidiči autobusů a řidiči vozidel přepravujících zboží, které podléhá rychlé zkáze.;a;
368;Prav;neh;6066142;Překážka provozu na pozemních komunikacích musí být označena:;Pouze pokud se nachází na dálnici, silnici pro motorová vozidla nebo silnici I. třídy.;Pouze pokud se nachází v nepřehledném úseku pozemní komunikace, např. v zatáčce nebo před vrcholem stoupání pozemní komunikace.;Tak, aby ji jiný účastník provozu na pozemních komunikacích mohl včas a z dostatečné vzdálenosti zpozorovat.;c;
369;Prav;neh;6066143;Dojde-li při dopravní nehodě k poškození pozemní komunikace, jsou účastníci dopravní nehody povinni:;Neprodleně ohlásit tuto událost vlastníkovi pozemní komunikace.;Neprodleně ohlásit tuto událost příslušnému obecnímu úřadu obce s rozšířenou působností.;Neprodleně ohlásit tuto událost Policii České republiky.;c;
370;Prav;neh;6066144;Dojde-li při dopravní nehodě k poškození životního prostředí, jsou účastníci dopravní nehody povinni:;Neprodleně ohlásit tuto událost vlastníkům všech dotčených pozemků.;Neprodleně ohlásit tuto událost Inspekci životního prostředí.;Neprodleně ohlásit tuto událost Policii České republiky.;c;
943;Znak;sem;6066145;"Při řízení provozu na křižovatce znamená pro řidiče signál se současně svítícím červeným a žlutým světlem ""Pozor!"":";Upozornění, že řízení provozu světelnými signály bude ukončeno.;"Povinnost zastavit vozidlo před světelným signalizačním zařízením, neboť bude následovat signál ""Stůj!"".";Povinnost připravit se k jízdě.;c;
944;Znak;sem;6066146;Signál žlutého světla ve tvaru chodce, jímž je doplněn signál se zelenou šipkou směřující vpravo nebo vlevo, upozorňuje řidiče, že při jízdě směrem, kterým tato šipka ukazuje:;Začíná obytná zóna nebo pěší zóna.;Není zřízen chodník a chodci proto mohou jít po levém okraji vozovky.;Křižuje směr chůze přecházejících chodců, kterým musí dát přednost.;c;
43;Bez;pre;8080003;Chodec na přechodu pro chodce signalizuje úmysl přejít vozovku mávnutím bílou slepeckou holí ve směru přecházení. Jak se zachováte?;Snížím rychlost jízdy nebo zastavím vozidlo před přechodem pro chodce a umožním chodci nerušené a bezpečné přejití vozovky.;Budu pokračovat v jízdě, protože nevidomý člověk bez doprovodu nesmí přecházet vozovku.;Zvukovým výstražným znamením dám najevo, že nemůže přecházet přes vozovku a budu pokračovat v jízdě.;a;
18;Bez;ost;8080025;Při míjení osvětlených vozidel řidič musí:;Sledovat jízdu osvětleného vozidla, vyvarovat se pohledu do rozsvícených světel, aby nedošlo k oslnění a krátkodobému výpadku ostrého vidění.;Sledovat jízdu pohledem do rozsvícených světel, k oslnění a krátkodobému výpadku ostrého vidění za tak krátkou dobu pohledu nemůže dojít.;Sledovat pouze vlastní směr jízdy. Chování protijedoucích řidičů není nebezpečím.;a;
264;Def;vec;8080032;Krajnice je část povrchu pozemní komunikace:;Kde končí pozemní komunikace označená vodorovným dopravním značením (podélnou čarou souvislou).;Která leží mezi okrajem přilehlého jízdního pruhu a hranou koruny pozemní komunikace.;Kterou se rozumí nezpevněná část vozovky, která není součástí pozemní komunikace.;b;
698;Souv;mir;8100001;Pokud nepřetržitě řídíte vozidlo o celkové hmotnosti 16 t, musíte zařadit bezpečnostní přestávku nejpozději:;Po 4,5 hodinách.;Po 5 hodinách.;Po 5,5 hodinách.;a;
371;Prav;neh;8100003;Při jízdě na dálnici jste se stali s vaším automobilem účastníkem dopravní nehody. V jakém pořadí budete postupovat?;Okamžitě zastavíte vozidlo, zabezpečíte místo nehody a poskytnete první pomoc případným poraněným.;Okamžitě zastavíte vozidlo, vyhledáte svědky nehody. První pomoc případným poraněným poskytne přivolaná lékařská záchranná služba.;Okamžitě zastavíte vozidlo, zavoláte policii, zapnete varovná světla a počkáte ve vozidle na příjezd policie a lékařské záchranné služby.;a;
225;Def;poj;8100004;Silniční dopravou pro cizí potřeby se rozumí:;Doprava, při níž vzniká mezi provozovatelem silniční dopravy a osobou, jejíž přepravní potřeba se uspokojuje, závazkový vztah, jehož předmětem je přeprava osob, věcí nebo zvířat.;Doprava, jejíž předmětem je přeprava osob, věcí nebo zvířat i bez smluvního závazku.;Doprava, při níž vzniká mezi provozovatelem silniční dopravy a osobou jejíž přepravní potřeby uspokojuje závazkový vztah, jehož předmětem je pouze přeprava osob.;a;
155;Bez;rid;8100005;Během jízdy motorovým vozidlem není ze zákona zakázáno kouřit:;Řidiči osobního motorového vozidla.;Řidiči motocyklu, mopedu nebo jízdním kole.;Řidiči vozidla hromadné dopravy osob.;a;
874;Voz;sve;8100006;U parkovací brzdy vzduchotlakých brzd s pružinovým brzdovým válcem zajišťuje odbrzdění:;Pružina v brzdovém válci.;Tlakový vzduch v brzdovém válci.;Vypuštění tlakového vzduchu z válce.;b;
875;Voz;sve;8100006;U parkovací brzdy vzduchotlakých brzd s pružinovým brzdovým válcem zajišťuje odbrzdění:;Pružina v brzdovém válci.;Tlakový vzduch v brzdovém válci.;Vypuštění tlakového vzduchu z válce.;b;
226;Def;poj;8100011;Silniční linkovou osobní dopravou se rozumí:;Pravidelné poskytování přepravních služeb na určené trase dopravní cesty, při kterém cestující vystupují a nastupují na předem určených zastávkách.;Pravidelné poskytování přepravních služeb za úplatu na trase, při které cestující nastupují a vystupují na místech, která si sami určí.;Nepravidelná přeprava na libovolné trase, při níž cestující nastupují a vystupují na předem určených zastávkách.;a;
536;Prav;sme;8110269;Jak se zachováte v této dopravní situaci?;Pojedu stejnou rychlostí jako doposud. Autobus, který zastavil v zastávce, není důvodem ke zvýšené opatrnosti v jízdě.;Snížím rychlost jízdy. Musím počítat s náhlým vstoupením do vozovky osob, které vystupují z autobusu.;Musím zastavit za autobusem a počkat než vyjede ze zastávky. Potom mohu pokračovat v jízdě.;b;obrázek
152;Bez;sil;8120021;Jaké nebezpečí hrozí při jízdě s motocyklem na mokré dlažbě?;Zvýšený sklon k blokování kol při brzdění.;Žádné, pokud mají pneumatiky potřebnou hloubku dezénu.;Žádné. Na dlažbě je motocykl stabilnější.;a;
153;Bez;sil;8120022;Pokud začne pršet, musí se motocyklista připravit na:;Kluzkou vrstvu na povrchu vozovky.;Zkrácenou brzdnou dráhu motocyklu.;Snazší výjezd motocyklu ze zatáčky.;a;
836;Voz;stk;8120023;Pokud je technickou prohlídkou silničního vozidla shledána nebezpečná závada:;Vozidlo je technicky nezpůsobilé k provozu a nesmí být v provozu používáno.;Vozidlo je technicky způsobilé k provozu pouze na dobu 30 dnů.;Stanice kontroly technického stavu vozidla je povinna závadu odstranit.;a;
227;Def;poj;8120025;Přestavbou silničního vozidla je:;Změna nebo úprava podstatných částí mechanismu nebo konstrukce provozovaného silničního vozidla.;Každá oprava vozidla, při které bylo použito náhradních dílů.;Nahrazení nebo doplnění vozidla součástí nebo výbavou, která splňuje podmínky stanovené zákonem.;a;
228;Def;poj;8120026;Za přestavbu silničního vozidla se považuje:;Změna nebo úprava podstatných částí mechanismu nebo konstrukce provozovaného silničního vozidla.;Výměna podstatné části mechanizmu nebo konstrukce silničního vozidla za náhradní díl k vozidlu.;Nahrazení nebo doplnění vozidla součástí nebo výbavou, která splňuje podmínky stanovené zákonem.;a;
750;Souv;pru;8120027;Přestavbu silničního motorového vozidla povoluje na základě písemné žádosti :;Příslušný obecní úřad obce s rozšířenou působností.;Stanice technické kontroly s příslušným oprávněním.;Dopravní inspektorát krajských měst.;a;
876;Voz;sve;8120028;Výrobce motorů, systémů a zařízení k pohonu vozidel:;Předepisuje pohonné hmoty, provozní hmoty a maziva používané k provozu silničních motorových vozidel.;Doporučuje pohonné hmoty a provozní hmoty používané v provozu silničních motorových vozidel.;Neurčuje pohonné hmoty a provozní hmoty používané v provozu silničních motorových vozidel.;a;
794;Voz;nak;8120030;S čím musíte počítat v případě, že je náklad nerovnoměrně rozložen?;Dojde k nepovolenému překročení zatížení náprav.;Nerovnoměrné rozložení nákladu nemá vliv na zatížení náprav.;Řízení vozidla nebude nijak ovlivněno.;a;
877;Voz;sve;8120031;Přetížení nákladního vozidla lze předejít:;Kontrolním vážením naloženého vozidla.;Brzdnou zkouškou s naloženým vozidlem.;Pohledem na deformaci pneumatik vozidla.;a;
98;Bez;rid;8120032;Je zapotřebí být opatrný, pokud řídíte poprvé vozidlo,které neznáte?;Ano. Nevíte jak vozidlo reaguje např. při brzdění.;Ano. Pouze pokud je vozidlo je na jiný typ paliva.;Ne. Každé vozidlo se ovládá stejně.;a;
99;Bez;rid;8120033;Musíte být opatrní, chcete-li použít k jízdě vozidlo, se kterým jedete poprvé?;Ano. Ovládací prvky a rozměry vozidla mohou být pro Vás nezvyklé.;Ano. Pouze pokud je vozidlo na jiný typ paliva.;Ne. Každé vozidlo se ovládá stejně.;a;
100;Bez;rid;8120034;Smyk vozidla při průjezdu zatáčkou může způsobit?;Malá hmotnost vozidla.;Vadný tlumič pérování vozidla.;Snížená viditelnost.;b;
837;Voz;stk;8120035;Stanice technické kontroly může při pravidelné technické prohlídce:;Seřizovat světlomety, pokud se jedná o jednoduché seřízení.;Seřizovat řídící funkce motoru u motorů s řízeným emisním systémem.;Seřizovat brzdovou soustavu, řízení a nápravu.;a;
838;Voz;stk;8120036;Silniční vozidlo je technicky způsobilé k provozu na pozemních komunikacích, pokud:;Technickou prohlídkou silničního vozidla, jeho ústrojí a částí nebyly zjištěny žádné závady nebo jen lehké závady.;Technickou prohlídkou silničního vozidla, jeho ústrojí a částí nebyly zjištěny žádné závady.;Technickou prohlídkou silničního vozidla, jeho ústrojí a částí byly zjištěny jen závady, které neohrožují bezprostředně bezpečnost jízdy.;a;
839;Voz;stk;8120037;Pokud je na silničním vozidle shledána vážná závada, je vozidlo:;Technicky způsobilé k provozu pouze na dobu 30 dnů ode dne vyznačení zápisu výsledku technické prohlídky silničního vozidla.;Technicky nezpůsobilé k provozu po dobu nutnou k odstranění závady ode dne vyznačení zápisu výsledku technické prohlídky silničního vozidla.;Technicky nezpůsobilé k provozu na pozemních komunikacích ode dne vyznačení zápisu výsledku technické prohlídky silničního vozidla.;a;
372;Prav;neh;9010002;Dojde-li při dopravní nehodě ke hmotné škodě na některém ze zúčastněných vozidel včetně přepravovaných věcí nižší než 100 000 Kč, jsou účastníci dopravní nehody povinni ohlásit tuto nehodu policistovi:;Jestliže při ní došlo k poškození životního prostředí.;Pokud o to požádá svědek dopravní nehody.;Jestliže při ní vznikla škoda na vozidle hromadné přepravy osob.;a;
373;Prav;neh;9010003;Dojde-li při dopravní nehodě ke hmotné škodě na některém ze zúčastněných vozidel včetně přepravovaných věcí nižší než 100 000 Kč, jsou účastníci dopravní nehody povinni ohlásit tuto nehodu policistovi:;Jestliže nemohou sami bez vynaložení nepřiměřeného úsilí zabezpečit obnovení plynulosti provozu na pozemních komunikacích.;Jestliže nehoda vznikla v důsledku nedání přednosti v jízdě.;Jestliže je nutno některé ze zúčastněných vozidel odstranit pomocí odtahové služby.;a;
374;Prav;neh;9010004;Účastníci dopravní nehody jsou povinni neprodleně ohlásit policistovi:;Nehodu, při níž došlo k usmrcení nebo zranění osoby nebo k hmotné škodě převyšující zřejmě na některém ze zúčastněných vozidel včetně přepravovaných věcí částku 100 000 Kč.;"Nehodu, při níž došlo k usmrcení nebo zranění osoby; nejsou povinni ohlásit nehodu, při níž došlo jen k hmotné škodě bez ohledu na její výši.";Každou nehodu bez ohledu na výši hmotné škody.;a;
375;Prav;neh;9010005;Účastníci dopravní nehody jsou povinni neprodleně ohlásit tuto událost policistovi, dojde-li při nehodě:;K hmotné škodě převyšující zřejmě na některém ze zúčastněných vozidel včetně přepravovaných věcí částku 100 000 Kč.;K hmotné škodě převyšující zřejmě na některém ze zúčastněných vozidel včetně přepravovaných věcí částku 50 000 Kč.;K hmotné škodě převyšující zřejmě na některém ze zúčastněných vozidel včetně přepravovaných věcí částku 30 000 Kč.;a;
376;Prav;neh;9010006;Dojde-li při dopravní nehodě k poškození obecně prospěšného zařízení, jsou účastníci dopravní nehody:;Povinni vždy neprodleně ohlásit tuto událost Policii České republiky, bez ohledu na výši způsobené škody.;Povinni neprodleně ohlásit tuto událost Policii České republiky, pouze pokud výše způsobené škody přesahuje částku 50 000 Kč.;Povinni neprodleně ohlásit tuto událost Policii České republiky, pouze pokud výše způsobené škody přesahuje částku 100 000 Kč.;a;
377;Prav;neh;9010007;Účastníci dopravní nehody, při které došlo ke hmotné škodě na majetku třetí osoby, s výjimkou škody na vozidle, jehož řidič má účast na dopravní nehodě nebo škody na věci přepravované v tomto vozidle:;Jsou povinni vždy ohlásit tuto dopravní nehodu policistovi.;Jsou povinni ohlásit tuto dopravní nehodu policistovi pouze v případě, že je tato škoda vyšší než 100 000 Kč.;Nejsou povinni ohlásit tuto dopravní nehodu policistovi, jestliže se dohodnou na míře účasti na způsobené škodě a ohlásí nehodu pojišťovně.;a;
378;Prav;neh;9010008;Dojde-li při dopravní nehodě ke hmotné škodě pouze na vozidle, jehož řidič měl účast na dopravní nehodě nebo ke hmotné škodě na věci přepravované v tomto vozidle nepřevyšující 100 000 Kč:;Nejsou účastnící dopravní nehody povinni ohlásit tuto nehodu policistovi.;Jsou účastnící dopravní nehody povinni neprodleně ohlásit tuto nehodu policistovi.;Nesmí účastnící dopravní nehody tuto ohlásit policistovi.;a;
298;Med;;9040010;Správná frekvence stlačení hrudní kosti při srdeční masáži je u dospělého:;Přibližně 60 stlačení za minutu.;Přibližně 100 stlačení za minutu.;Přibližně 160 stlačení za minutu.;b;
299;Med;;9040014;Rychlou zdravotnickou záchranou službu přivoláme na telefonním čísle:;155.;150.;158.;a;
300;Med;;9040018;Při úrazu hlavy nejvíce poraněného ohrožuje:;Viditelné krvácení.;Následné bezvědomí.;Zlomeniny kostí lebky.;b;
795;Voz;nak;10040005;Za protiprávní jednání při přepravě nebezpečného nákladu se považuje:;pokud zboží není povoleno k přepravě.;pokud je k přepravě použito vozidlo výroby starší než jsou dva roky.;pokud náklad není označen voděodolnou barvou s přesným chemickým složením.;a;
229;Def;poj;10040006;Za okružní jízdu se považuje:;mezinárodní příležitostná přeprava osob na objednávku po předem vyhrazené okružní trase, a je přepravovaná stejná skupina cestujících stejným vozidlem.;jízda s cestovní kanceláří s poznávacím cílem.;přeprava osob na lince osobní dopravy městy a obcemi, kdy výchozí a konečné místo cesty je stejné.;a;
537;Prav;sme;10040013;Řidič nesmí předjíždět:;nemá-li před sebe rozhled na takovou vzdálenost, která je nutná k bezpečnému předjetí.;"nemá-li před sebe rozhled na vzdálenost nutnou k bezpečnému předjetí; to neplatí na jednosměrné pozemní komunikaci a při předjíždění cyklistů.";v noci.;a;
751;Souv;pru;10040023;Zelená karta:;osvědčuje zaplacení dálničního poplatku.;je mezinárodní osvědčení prokazující skutečnost, že k vozidlu byla uzavřena smlouva o pojištění odpovědnosti za škodu způsobenou provozem vozidla uvedeného v tomto osvědčení.;je doklad o kontrole měření emisí.;b;
921;Znak;pok;10040026;Při řízení křižovatky policistou mohou pokračovat v jízdě vozidla:;ke kterým stojí policista bokem.;ke kterým stojí policista čelem.;ke kterým stojí policista zády.;a;
343;Prav;mhd;10040028;Podél nástupního ostrůvku nebo ochranného ostrůvku se jezdí:;vpravo i vlevo, pokud je nástupní ostrůvek nebo ochranný ostůvek ve stejné úrovni s vozovkou.;"vpravo; vlevo se smí jet jen při předjíždění nebo odbočování vlevo.";"vpravo; vlevo se smí jet jen tehdy, brání-li jízdě vpravo překážka nebo jestliže je to bezpečnější s ohledem na rozměry vozidla nebo nákladu.";c;
538;Prav;sme;10040029;Přejíždět z jednoho jízdního pruhu do druhého smí řidič jen tehdy:;"neohrozí-li a neomezí-li řidiče jedoucího v jízdním pruhu, do kterého přejíždí; přitom musí dávat znamení o změně směru jízdy.";"neohrozí-li řidiče jedoucího v jízdním pruhu, do kterého přejíždí; znamení o změně směru nedává.";"neohrozí-li a neomezí-li řidiče jedoucího v jízdním pruhu, do kterého přejíždí; znamení o změně směru nedává.";a;
230;Def;poj;10040030;Za kombinovanou dopravu se považuje systém přepravy při kterém:;je zboží přepravováno v jedné a téže přepravní jednotce, využije se též železniční a vodní doprava.;osoby využívají různých druhů dopravních prostředků, např. autobusu nebo vlaku.;se jedná o dopravní obslužnost území ve vnitrostátní silniční dopravě.;a;
101;Bez;rid;10040034;Snížit spotřebu paliva vozidla lze:;dodržováním tlaku vzduchu v pneumatikách, který je předepsaný výrobcem.;použitím dražšího paliva.;nepoužíváním nejvyššího převodového stupně.;a;
699;Souv;mir;10040038;Technickou prohlídkou silničního vozidla se rozumí:;kontrola technického stavu, činnosti ústrojí a zařízení silničního vozidla ve stanici STK.;kontrola vylepení nálepky osvědčující technickou způsobilosti vozidla.;kontrola vylepení nálepky osvědčující měření emisí.;a;
878;Voz;sve;10040042;Zapojení vozidel do jízdních souprav, (s výjimkou tažení přívěsů kategorií O1 a O2 s nájezdovou brzdou) s ohledem na ABS, je možné v kombinaci:;tažné vozidlo s ABS a přípojné vozidlo s ABS.;tažné vozidlo bez možnosti kontroly funkce ABS přípojného vozidla a přípojné vozidlo s ABS.;tažné vozidlo s ABS a přípojné vozidlo bez ABS.;a;
244;Def;uca;10060001;Řidič je:;pouze ten, kdo řídí motorové vozidlo.;ten, kdo řídí motorové nebo nemotorové vozidlo, ne však tramvaj.;ten, kdo řídí motorové nebo nemotorové vozidlo anebo tramvaj.;c;
245;Def;uca;10060002;Chodec:;Je výhradně kráčející osoba.;Je i osoba, která se pohybuje na kolečkových bruslích nebo obdobném sportovním vybavení.;Není osoba, která se pohybuje na lyžích, kolečkových bruslích nebo obdobném sportovním vybavení.;b;
201;Def;cho;10060007;Zastavit znamená:;uvést vozidlo do klidu před světelným signálem nebo železničním přejezdem.;uvést vozidlo do klidu na dobu nezbytně nutnou k neprodlenému nastoupení nebo vystoupení přepravovaných osob anebo k neprodlenému naložení nebo složení nákladu.;uvést vozidlo do klidu na dobu nutnou k vyřízení osobních nebo pracovních záležitostí řidiče nebo přepravovaných osob.;b;
202;Def;cho;10060008;Zastavit znamená:;uvést vozidlo do klidu na dobu nepřesahující 5 minut.;uvést vozidlo do klidu z důvodu nezávislého na vůli řidiče (před světelnými signály, železničním přejezdem apod.).;uvést vozidlo do klidu na dobu nezbytně nutnou k neprodlenému nastoupení nebo vystoupení přepravovaných osob anebo k neprodlenému naložení nebo složení nákladu.;c;
203;Def;cho;10060010;Zastavit znamená:;uvést vozidlo do klidu na dobu nezbytně nutnou k neprodlenému nastoupení nebo vystoupení přepravovaných osob anebo k neprodlenému naložení nebo složení nákladu.;zastavit vozidlo z důvodu dávání přednosti chodcům na vyznačených přechodech pro chodce nebo vozidlům na křižovatce.;uvést vozidlo do klidu na dobu nejvýše 10 minut.;a;
265;Def;vec;10060011;Obec:;"je území vyznačené v mapě, musí mít název a je označeno dopravní značkou ""Nejvyšší dovolená rychlost"".";je zastavěné území, jehož začátek a konec je na pozemní komunikaci označen příslušnými dopravními značkami,které se vždy umísťují na účelových komunikacích.;"je zastavěné území, jehož začátek a konec je na pozemní komunikaci označen příslušnými dopravními značkami; na účelových komunikacích se značky neosazují.";c;
204;Def;cho;10060012;Zastavit vozidlo znamená:;uvést vozidlo do klidu nad dobu povolenou pro zastavení.;přerušit jízdu z důvodu nezávislého na vůli řidiče.;uvést vozidlo do klidu pro neprodlené nastoupení nebo vystoupení přepravovaných osob.;b;
205;Def;cho;10060013;Zastavit vozidlo znamená:;přerušit jízdu z důvodu nezávislého na vůli řidiče.;přerušit jízdu pro nastoupení a vystoupení přepravovaných osob, složení nebo naložení nákladu.;zastavit na dobu delší než 3 minuty.;a;
206;Def;cho;10060014;Dát přednost v jízdě znamená:;"povinnost řidiče vždy zastavit vozidlo, jestliže do křižovatky přijíždí po hlavní pozemní komunikaci motorové vozidlo nebo tramvaj; nemotorovým vozidlům přednost v jízdě nedává.";povinnost řidiče nezahájit jízdu nebo jízdní úkon nebo v nich nepokračovat pouze na křižovatkách rozlišených dopravními značkami.;povinnost řidiče nezahájit jízdu nebo jízdní úkon nebo v nich nepokračovat, jestliže by řidič, který má přednost v jízdě, musel náhle změnit směr nebo rychlost jízdy.;c;
266;Def;vec;10060015;Silnice pro motorová vozidla:;je každá pozemní komunikace s výjimkou dálnic.;"je silnice označená dopravní značkou ""Rychlostní komunikace"".";"je pozemní komunikace označená dopravní značkou ""Silnice pro motorová vozidla"".";c;
267;Def;vec;10060016;Silnice pro motorová vozidla:;"je pozemní komunikace označená dopravní značkou ""Silnice pro motorová vozidla"".";"je pozemní komunikace označená dopravní značkou ""Nejvyšší dovolená rychlost"".";je pozemní komunikace, kterou nemotorová vozidla smějí užívat pouze ve stanovené době.;a;
268;Def;vec;10060017;Silnice pro motorová vozidla:;"je místní pozemní komunikace označená dopravní značkou ""Dálnice"".";"je pozemní komunikace označená dopravní značkou ""Silnice pro motorová vozidla"".";je účelová pozemní komunikace určená pro rychlou jízdu motorových vozidel.;b;
269;Def;vec;10060018;Připojovací pruh:;je jízdní pruh připojený pro předjíždění nemotorových vozidel.;je přídatný jízdní pruh určený pro vyjíždění z průběžného jízdního pruhu.;je přídatný jízdní pruh určený pro zařazování vozidel do jízdního proudu průběžného pruhu.;c;
270;Def;vec;10060019;Připojovací pruh:;je přídatný jízdní pruh určený pro zařazování vozidel do jízdního proudu průběžného pruhu.;je jízdní pruh, připojený pro zastavení nebo nouzové zastavení.;je přídatný jízdní pruh určený pro bezpečné otáčení vozidel.;a;
271;Def;vec;10060020;Připojovací pruh:;je jízdní pruh, připojený mezi pravý a levý jízdní pruh, určený pro předjíždění vozidel na přehledných místech pozemní komunikace.;je přídatný jízdní pruh určený pro zařazování vozidel do jízdního proudu průběžného pruhu.;je jízdní pruh, připojený pro bezpečné couvání a otáčení nebo zastavení a stání.;b;
272;Def;vec;10060021;Křižovatka:;"je místo, v němž se protínají nebo spojují pozemní komunikace; za křižovatku se považuje i vyústění polní nebo lesní cesty.";"je místo, v němž se pozemní komunikace protínají nebo spojují; za křižovatku se nepovažuje vyústění polní nebo lesní cesty nebo jiné účelové komunikace na jinou pozemní komunikaci.";"je místo, v němž se protínají nebo spojují dvě pozemní komunikace; za křižovatku se nepovažuje místo, které není označeno dopravní značkou ""Křižovatka"".";b;
273;Def;vec;10060022;Křižovatka:;"je místo, v němž se pozemní komunikace protínají nebo spojují; za křižovatku se nepovažuje vyústění polní nebo lesní cesty nebo jiné účelové komunikace na jinou pozemní komunikaci.";"je místo, v němž se protínají nebo spojují nejvýše tři pozemní komunikace; za křižovatku se považuje i vyústění polní nebo lesní cesty.";"je místo, v němž se protínají pozemní komunikace; za křižovatku se nepovažuje místo, kde se pozemní komunikace spojují.";a;
274;Def;vec;10060023;Křižovatka:;"je místo, v němž se pozemní komunikace protínají nebo spojují; za křižovatku se nepovažuje kruhový objezd.";"je místo, v němž se pozemní komunikace protínají nebo spojují; za křižovatku se nepovažuje vyústění polní nebo lesní cesty nebo jiné účelové komunikace na jinou pozemní komunikaci.";"je místo, v němž se spojují nejvýše dvě pozemní komunikace; za křižovatku se nepovažuje místo, kde se pozemní komunikace protínají.";b;
275;Def;vec;10060024;Tramvajový pás:;není součástí pozemní komunikace.;je část pozemní komunikace určená především pro provoz tramvají.;je část pozemní komunikace vždy zvýšená nad úroveň vozovky.;b;
276;Def;vec;10060025;Tramvajový pás:;je část pozemní komunikace určená především pro provoz tramvají.;"je část pozemní komunikace určená pro provoz tramvají; za tramvajový pás se nepovažuje pouze jedna kolej pro oba směry jízdy.";je součástí pozemní komunikace, která je vždy označena jako hlavní pozemní komunikace.;a;
277;Def;vec;10060026;Obec:;"je území od první stavby do ukončení obce označené dopravní značkou ""Konec nejvyšší dovolené rychlosti"".";"je zastavěné území, jehož začátek a konec je na pozemní komunikaci označen příslušnými dopravními značkami; na účelových komunikacích se značky neosazují.";"je zastavěné území, označené dopravní značkou ""Zóna s dopravním omezením"" a dopravní značkou ""Konec zóny s dopravním omezením"".";b;
231;Def;poj;10060027;Doklad totožnosti:;je každý doklad, na kterém je uvedeno jméno, příjmení a trvalý pobyt.;je doklad, kterým občan České republiky nebo cizinec prokazuje svoji totožnost podle zvláštního právního předpisu.;je pouze občanský průkaz.;b;
232;Def;poj;10060028;Doklad totožnosti:;je každý doklad, na kterém je fotografie držitele tohoto dokladu.;je pouze občanský průkaz, kterým občan České republiky nebo cizinec prokazuje svoji totožnost.;je doklad, kterým občan České republiky nebo cizinec prokazuje svoji totožnost podle zvláštního právního předpisu.;c;
190;Def;aut;10060029;Nemotorové vozidlo je:;Pouze přípojné a potahové vozidlo.;Pouze ruční vozík nebo jízdní kolo.;Přípojné vozidlo a vozidlo pohybující se pomocí lidské nebo zvířecí síly, například jízdní kolo, ruční vozík nebo potahové vozidlo.;c;
278;Def;vec;10060030;Přejezd pro cyklisty:;je místo na pozemní komunikaci určené pro přejíždění cyklistů přes pozemní komunikaci vyznačené příslušnou dopravní značkou.;je místo na pozemní komunikaci určené pro přejíždění cyklistů přes silnici pro motorová vozidla.;je vždy mimo úroveň vozovky.;a;
246;Def;uca;10060031;Řidič je:;ten, kdo řídí motorové nebo nemotorové vozidlo anebo tramvaj.;ten, kdo řídí pouze motorové vozidlo a trolejbus.;ten, kdo řídí motorové nebo nemotorové vozidlo, ne však tramvaj nebo trolejbus.;a;
247;Def;uca;10060032;Řidič je:;ten, kdo řídí pouze motorové vozidlo a tramvaj.;"pouze ten, kdo řídí motorové vozidlo; za řidiče se nepovažuje ten, kdo řídí nemotorové vozidlo nebo tramvaj.";ten, kdo řídí motorové nebo nemotorové vozidlo anebo tramvaj.;c;
191;Def;aut;10060033;Vozidlo:;je pouze motorové vozidlo, poháněné vlastní pohonnou jednotkou.;je motorové vozidlo, nemotorové vozidlo nebo tramvaj.;je každé vozidlo s výjimkou tramvaje.;b;
192;Def;aut;10060034;Nemotorové vozidlo:;Je pouze jízdní kolo nebo ruční vozík.;Je přípojné vozidlo a vozidlo pohybující se pomocí lidské nebo zvířecí síly, například jízdní kolo, ruční vozík nebo potahové vozidlo;"Je vozidlo pohybující se pomocí lidské nebo zvířecí síly, například jízdní kolo nebo ruční vozík; s výjimkou potahového a přípojného vozidla.";b;
248;Def;uca;10060035;Chodec:;Je i osoba, která vede psa.;Není osoba, která se pohybuje pomocí ručního nebo motorového vozíku pro invalidy.;Není osoba, která se pohybuje na kolečkových bruslích nebo obdobném sportovním vybavení.;a;
249;Def;uca;10060036;Účastník provozu na pozemních komunikacích:;je pouze řidič motorových vozidel a chodec.;je každý, kdo se přímým způsobem účastní provozu na pozemních komunikacích.;je každý, kdo se účastní provozu na pozemních komunikacích s výjimkou dětí.;b;
250;Def;uca;10060037;Vozka:;je řidič, který řídí potahové vozidlo.;se nepovažuje za řidiče.;řídí zvláštní vozidlo a nemusí dodržovat některá ustanovení zákona.;a;
193;Def;aut;10060038;Motorové vozidlo:;je pouze vozidlo poháněné vlastním motorem.;je vozidlo poháněné vlastní pohonnou jednotkou, tramvaj a trolejbus.;je nekolejové vozidlo poháněné vlastní pohonnou jednotkou a trolejbus.;c;
194;Def;aut;10060039;Motorové vozidlo:;je nekolejové vozidlo poháněné vlastní pohonnou jednotkou a trolejbus.;je vozidlo poháněné vlastní pohonnou jednotkou, ne však trolejbus.;je vozidlo poháněné vlastní pohonnou jednotkou a tramvaj.;a;
195;Def;aut;10060040;Jízdní souprava:;je souprava složená z jednoho nebo více motorových vozidel a jednoho nebo více přípojných vozidel.;je složená z jednoho motorového vozidla s tažným zařízením.;je souprava více přípojných vozidel.;a;
196;Def;aut;10060041;Jízdní souprava:;musí být složena vždy jen z jednoho motorového vozidla a jednoho přípojného vozidla.;nemůže být složena z více než jednoho motorového a dvou přípojných vozidel.;je souprava složená z jednoho nebo více motorových vozidel a jednoho nebo více přípojných vozidel.;c;
207;Def;cho;10060043;Stát znamená:;uvést vozidlo do klidu na dobu více než 30 minut.;uvést vozidlo do klidu na dobu neurčitou.;uvést vozidlo do klidu nad dobu povolenou pro zastavení.;c;
208;Def;cho;10060044;Stát znamená:;zastavit na dobu přesahující 10 minut.;zastavit vozidlo na vyhrazeném parkovišti.;uvést vozidlo do klidu nad dobu povolenou pro zastavení.;c;
209;Def;cho;10060045;Stát znamená:;uvést vozidlo do klidu nad dobu povolenou pro zastavení.;zastavit vozidlo u pravého okraje vozovky.;zastavit před světelným signálem nebo železničním přejezdem.;a;
210;Def;cho;10060046;Zastavit vozidlo znamená:;přerušit jízdu z důvodů vyvolaných provozem na pozemních komunikacích, maximálně však na dobu 3 minut.;přerušit jízdu z důvodu nezávislého na vůli řidiče.;uvést vozidlo do klidu nad dobu povolenou pro stání.;b;
279;Def;vec;10060047;Dálnice:;je každá pozemní komunikace o třech nebo více jízdních pruzích vyznačených na vozovce v jednom směru jízdy.;"je pozemní komunikace označená dopravní značkou ""Dálnice"".";"je pozemní komunikace označená dopravní značkou ""Dálnice"" nebo dopravní značkou ""Silnice pro motorová vozidla"".";b;
280;Def;vec;10060048;Dálnice:;"je pozemní komunikace označená dopravní značkou ""Dálnice"".";"je pozemní komunikace o více než dvou jízdních pruzích vyznačených na vozovce v jednom směru jízdy; je označena dopravní značkou ""Nejvyšší dovolená rychlost"".";"je pozemní komunikace označená dopravní značkou ""Silnice I. třídy"".";a;
281;Def;vec;10060049;Jízdní pruh je část vozovky:;vždy vyznačená vodorovnou dopravní značkou.;široká nejméně 3,5 m.;dovolující jízdu vozidel v jednom jízdním proudu za sebou.;c;
282;Def;vec;10060050;Krajnice:;je část vozovky, na kterou je ve všech případech zakázáno vjíždět.;je část povrchu pozemní komunikace ležící mezi okrajem přilehlého jízdního pruhu a hranou koruny pozemní komunikace, skládá se zpravidla ze zpevněné a nezpevněné části.;"je část povrchu pozemní komunikace, která je vždy označena dopravní značkou ""Nebezpečná krajnice"".";b;
283;Def;vec;10060051;Krajnice:;je část povrchu pozemní komunikace ležící mezi okrajem přilehlého jízdního pruhu a hranou koruny pozemní komunikace, skládá se zpravidla ze zpevněné a nezpevněné části.;je část povrchu pozemní komunikace, která je určena pro povolené předjíždění vpravo.;je vždy nezpevněná část vozovky, na kterou je zakázáno vjíždět.;a;
284;Def;vec;10060052;Krajnice:;je část povrchu pozemní komunikace určená výhradně pro jízdu nemotorových vozidel.;je část povrchu pozemní komunikace ležící mezi okrajem přilehlého jízdního pruhu a hranou koruny pozemní komunikace, skládá se zpravidla ze zpevněné a nezpevněné části.;je vždy zpevněná část vozovky mezi okrajem přilehlého jízdního pruhu a hranou koruny vozovky, určená pro zastavení, otáčení a předjíždění vpravo.;b;
285;Def;vec;10060053;Krajnice:;je část povrchu pozemní komunikace při pravém nebo levém okraji jízdního pruhu.;je část povrchu pozemní komunikace ležící mezi okrajem přilehlého jízdního pruhu a hranou koruny pozemní komunikace, skládá se zpravidla ze zpevněné a nezpevněné části.;je vždy zpevněná část vozovky při pravém okraji pozemní komunikace, na které je zakázána jízda nemotorových vozidel.;b;
286;Def;vec;10060054;Průběžný pruh:;je jízdní pruh probíhající v původním směru (bez odbočení) křižovatkou nebo v místě, kde se mění počet jízdních pruhů.;je střední jízdní pruh tam, kde jsou na vozovce vyznačeny alespoň tři jízdní pruhy v jednom směru jízdy.;je jízdní pruh, který je po ukončení znovu obnoven a vyznačen na vozovce.;a;
287;Def;vec;10060055;Průběžný pruh:;"je jízdní pruh označený svislou dopravní značkou ""Okruh"" nebo ""Změna směru okruhu"".";"je jízdní pruh probíhající obcí od jejího začátku až do ukončení dopravní značkou ""Konec obce"".";je jízdní pruh probíhající v původním směru (bez odbočení) křižovatkou nebo v místě, kde se mění počet jízdních pruhů.;c;
288;Def;vec;10060056;Železniční přejezd:;je místo, kde se úrovňově kříží pozemní komunikace se železnicí, popřípadě s jinou dráhou ležící na samostatném tělese, a označené příslušnou dopravní značkou.;je místo, kde se úrovňově kříží pozemní komunikace se železnicí a příslušnou dopravní značkou se neoznačuje.;"je místo, kde se úrovňově kříží pozemní komunikace se železnicí a je vždy označeno dopravní značkou ""Stůj, dej přednost v jízdě"".";a;
289;Def;vec;10060057;Železniční přejezd:;"je místo, kde se mimoúrovňově kříží pozemní komunikace se železnicí, popřípadě s železniční vlečkou, označené dopravní značkou ""Dej přednost v jízdě"".";je místo, kde se při křížení s železnicí vždy užívá závor a zabezpečovacího zařízení.;je místo, kde se úrovňově kříží pozemní komunikace se železnicí, popřípadě s jinou dráhou ležící na samostatném tělese, a označené příslušnou dopravní značkou.;c;
290;Def;vec;10060058;Přechod pro chodce:;je místo na vozovce, určené pro přecházení chodců, které může být označeno dopravní značkou.;je místo na pozemní komunikaci určené pro přecházení chodců, vyznačené příslušnou dopravní značkou.;je místo vyznačené dopravními knoflíky, které může být doplněno symbolem kráčejícího chodce.;b;
291;Def;vec;10060059;Přechod pro chodce:;je místo na vozovce určené pro přecházení chodců, které však nesmějí k přecházení vozovky užívat osoby hluchoslepé.;je místo na pozemní komunikaci určené pro přecházení chodců, které vždy musí být řízeno světelnými signály.;je místo na pozemní komunikaci určené pro přecházení chodců, vyznačené příslušnou dopravní značkou.;c;
292;Def;vec;10060060;Přechod pro chodce:;je místo na pozemní komunikaci určené pro přecházení chodců, vyznačené příslušnou dopravní značkou.;je místo na pozemní komunikaci určené pro přecházení chodců, které nesmí být řízeno akustickými signály.;je místo na pozemní komunikaci určené pro přecházení chodců, které musí být vždy označeno přerušovaně svítícím světelným signálem ve tvaru kráčejícího chodce.;a;
233;Def;poj;10060061;Celostátní dopravní informační systém:;je systém, který obsahuje informace o dostupnosti rozhlasových stanic v okolí pozemní komunikace.;je systém, obsahující aktuální informace o situaci v provozu na pozemních komunikacích, které mají vliv na bezpečnost a plynulost provozu na pozemních komunikacích.;je systém informací o silničních kontrolách.;b;
234;Def;poj;10060062;Celostátní dopravní informační systém:;obsahuje pouze informace o situaci v provozu na dálnicích.;je systém, obsahující všeobecné informace o situaci v provozu na pozemních komunikacích, s výjimkou silnic II. třídy.;je systém, obsahující aktuální informace o situaci v provozu na pozemních komunikacích, které mají vliv na bezpečnost a plynulost provozu na pozemních komunikacích.;c;
211;Def;cho;10060111;Dát přednost v jízdě znamená:;povinnost řidiče vždy zastavit vozidlo před hranicí křižovatky nebo před vjezdem na jinou pozemní komunikaci.;povinnost řidiče nezahájit jízdu nebo jízdní úkon nebo v nich nepokračovat, jestliže by řidič, který má přednost v jízdě, musel náhle změnit směr nebo rychlost jízdy.;povinnost řidiče nezahájit jízdu nebo jízdní úkon nebo v nich nepokračovat pouze pokud do křižovatky přijíždí vozidlo nebo tramvaj zprava.;b;
301;Med;;10070001;Správná frekvence stlačení hrudní kosti při srdeční masáži je u dospělého:;Přibližně 160 stlačení za minutu.;Přibližně 100 stlačení za minutu.;Přibližně 200 stlačení za minutu.;b;
302;Med;;10070002;Jak budete postupovat u zraněného v bezvědomí, který nedýchá a opakovaně se Vám nedaří uvolnit jeho dýchací cesty:;Budu pokračovat v opakovaných pokusech, dokud se mi to nepodaří.;Zahájím srdeční masáž.;Vzdám se jakékoliv dalších aktivit, protože jsou zbytečné.;b;
303;Med;;11020001;Jak se zachováte při kolapsovém stavu, kdy postižený upadne a ztrácí vědomí?;ihned zahájím resuscitaci;zvednu nohy postiženého a zajistím volné dýchací cesty;postiženého posadím a zavolám záchranou službu;b;
304;Med;;11020002;Kdy zahájíte zevní srdeční masáž:;jen pokud u poraněného nehmatám pulz;pokud je poraněný v hlubokém bezvědomí a nedýchá;pokud masivně krvácí;b;
305;Med;;11020006;U dopravní nehody s poraněním voláme jako první:;hasiče (150);policii (158);záchrannou službu (155);c;
306;Med;;11020008;Poraněný se po dopravní nehodě domáhá tekutin, jak se zachováte:;poskytnu mu tekutiny v neomezeném množství;nedám mu napít ani přes jeho naléhání;mohu mu dát i najíst;b;
307;Med;;11020009;Při umělém dýchání z plic do plic u dospělého:;dýchám frekvencí alespoň 20 vdechů/min a vždy se snažím o co největší vdech;dýchám úplně normálně frekvencí 6-8 vdechů/min, bez extrémního nádechu a vdechu do poraněného;vdechuji do plic poraněného jen obsah vzduchu ve svých ústech;b;
308;Med;;11020010;Jak budete postupovat, jste-li sami a opakovaně se Vám nedaří zajistit dýchací cesty:;budu pokračovat v opakovaných pokusech, dokud se mi to nepodaří;přeruším snažení po 3-4 pokusech a zahájím zevní srdeční masáž;vzdám se jakékoliv další aktivity;b;
309;Med;;11020011;U poraněného v hlubokém bezvědomí a bezdeší nastávají nezvratné změny mozkové tkáně do:;5 min.;10 min.;20 min.;a;
310;Med;;11020012;Při poranění motorkáře, který je v bezvědomí a nedýchá:;nikdy nesundávám přilbu;je nejlepší vyproštění hlavy ve dvou zachráncích, kdy jeden pevně svírá hlavu poraněného a druhý opatrně sejme přilbu;mohu sejmout přilbu jakýmkoliv způsobem;b;
311;Med;;11020013;Při úrazu hlavy s drobnějším viditelným krvácením nejvíce poraněného ohrožuje:;krvácení;následné bezvědomí při poranění mozkové tkáně;zlomeniny kostí lebky;b;
312;Med;;11020014;Při provádění zevní srdeční masáže je správné stlačení hrudní kosti asi o:;4-5 cm u dospělého tj. na šířku dvou palců zachraňovaného;stačí 1-2 cm;8-10 cm;a;
313;Med;;11020015;Jak budete postupovat u poraněného, který má po pádu z motocyklu zlomenou dolní končetinu a reaguje na oslovení:;zavolám pomoc, případně stabilizuji zlomeniny a do příjezdu ZS budu u poraněného nadále sledovat stav vědomí a dýchání;stabilizuji zlomeninu a teprve potom zavolám ZS;poraněného se nebudu vůbec dotýkat, aby nedošlo ke zhoršení jeho stavu;a;
314;Med;;11020016;Poraněný je v bezvědomí, leží na zádech a zatím dýchá. Náhle začne zvracet. Jak budete postupovat:;nechám ho zvracet, nehrozí mu žádné nebezpečí;otočím mu hlavu na stranu a snažím se mu vyčistit dutinu ústní;nesmím mu pohnout hlavou (může mít poraněnou páteř) a nevadí, že může zvratky vdechnout do dýchacích cest;b;
315;Med;;11020017;Hrozí trestní postih, pokud budete provádět první pomoc a poraněný zemře nebo bude mít trvalé následky:;Ne.;Ano.;;a;
316;Med;;11020018;Hrozí trestní postih, pokud neposkytnete první pomoc:;ano;ne;;a;
317;Med;;11020019;Pokud vidíte, že účastník nehody masivně krvácí:;vrátím se k vlastnímu vozu a začnu hledat v lékárničce obvazový materiál;neprodleně krvácející místo stlačím prsty, dlaní nebo složeným kusem oděvu;krvácející místo nebudu ošetřovat, začnu poraněnému zajišťovat životní funkce tj. umělé dýchání, zevní srdeční masáž;b;
318;Med;;11020020;Jak zjistíte stav vědomí pacienta:;oslovím ho, zkusím bolestivý podnět (štípnutí do ušního lalůčku);zkusím bolestivý podnět ostrým předmětem;poraněného hlasitě oslovím a zkusím posadit;a;
319;Med;;11020021;Jak jednoznačně zjistíte, že poraněný dýchá:;je růžový;při sklonění se k ústům poraněného slyším jeho dech a cítím ho na své tváři;nemá příznaky cyanózy;b;
320;Med;;11020022;Jak zajistíte průchodnost dýchacích cest:;zakloním mírně hlavu a předsunu dolní čelist směrem vzhůru, event. vyčistím ústa od cizích těles(zvratků, krve..);předkloním mu hlavu;chytnu jazyk poraněného a snažím se ho vytáhnout z dutiny ústní;a;
321;Med;;11020023;Po zahájení resuscitace je nejdůležitější:;resuscitovat v přesně daném poměru 30:2;resuscitaci nepřerušovat do příjezdu ZS, obnovení dýchání nebo vlastního vyčerpání;pravidelně kontrolovat puls a dech poraněného;b;
322;Med;;11020024;Jste svědek dopravní nehody, na místě jsou dva zranění, z nichž jeden je v bezvědomí, druhý při vědomí, ale výrazně krvácí. Jaký bude Váš postup?;nejdříve zjistím, zda poraněný v bezvědomí dýchá;neprodleně zastavím masivní krvácení, zjistím stav poraněného v bezvědomí, zavolám ZS a zajistím místo nehody;zajistím parkovací místo vozidlu ZS a vyčkám jeho příjezdu;b;
323;Med;;11020025;Zjistíte, že poraněný má v ráně zabodnuté cizí těleso. Co uděláte?;snažím se těleso opatrně z rány vyndat a zastavit krvácení;těleso ponechám v ráně, ošetřím okolní krvácení, zajistím životní funkce;poraněného nemusím sledovat a kontrolovat, pouze přivolám ZS;b;
324;Med;;11020026;Poraněný je při vědomí a velmi silně krvácí z rány na krku. Co uděláte?;vrátím se k vozu a začnu hledat v lékárničce vhodný obvazový materiál;neprodleně krvácející místo stlačím prsty, dlaní nebo složeným kusem oděvu;krvácející místo nebudu ošetřovat, začnu poraněnému zajišťovat životní funkce tj. umělé dýchání, zevní srdeční masáž;b;
325;Med;;11020027;Poraněný je při vědomí a stěžuje si na silnou bolest v oblasti zad, eventuálně na brnění nebo necitlivost dolních končetin. Jaké by mohl mít poranění?;zlomeniny dolních končetin;poranění hrudníku;poranění páteře, při změně citlivosti také poranění míchy;c;
326;Med;;11020028;Poraněný je v bezvědomí a dýchá. Jakou pomoc mu poskytnete?;mírně zakloním hlavu a předsunu dolní čelist, uvolním mu tak dýchací cesty a budu ho sledovat do příjezdu ZS, pokud dýchat přestane, ihned zahájím oživování;přivolám pouze ZS, pokud poraněný dýchá, nemusím ho dále sledovat;neprodleně zahájím srdeční masáž;a;
327;Med;;11020029;Pro kvalitně prováděnou srdeční masáž je nejdůležitější;dostatečná hloubka stlačení hrudní kosti a frekvence.;jen frekvence.;jen hloubka stlačení hrudní kosti.;a;
293;Def;vec;11040001;Křižovatka je místo:;V němž se pozemní komunikace protínají nebo spojují.;Kde se dva jízdní pruhy sbíhají v jeden, aniž by bylo zřejmé, který z nich je průběžný.;Vyústění účelové pozemní komunikace na jinou pozemní komunikaci.;a;
588;Prav;sta;11040002;V obci smí řidič vozidla o celkové hmotnosti nepřevyšující 3.500 kg zastavit a stát kolmo, popřípadě šikmo k okraji pozemní komunikace jen:;Nedojde-li k ohrožení bezpečnosti a plynulosti silničního provozu.;Zůstane-li při stání volný alespoň jeden pruh široký nejméně 2 m.;Zůstane-li při zastavení volný alespoň jeden jízdní pruh široký 2,5 m.;a;
539;Prav;sme;11040003;Vyžadují-li to okolnosti, zejména není-li znamení o změně směru jízdy dávané směrovými světly nebo paží dostatečně viditelné, například pro šířku nákladu, musí se dávat znamení o změně směru jízdy:;Společně se zvukovým výstražným znamením.;Pouze světelným a zvukovým výstražným znamením.;Jiným zřetelným způsobem, například způsobilou a náležitě poučenou osobou.;c;
589;Prav;sta;11040004;Řidič motorového vozidla, jehož celková hmotnost převyšuje 3 500 kg, smí v obci zastavit a stát:;i kolmo, popřípadě šikmo k okraji pozemní komunikace nebo zastavit v druhé řadě, pokud tím není ohrožena bezpečnost a plynulost provozu.;i kolmo, popřípadě šikmo k okraji pozemní komunikace. Ve druhé řadě smí řidič zastavit pouze řidič vozidla taxislužby.;vpravo ve směru jízdy co nejblíže k okraji pozemní komunikace a na jednosměrné pozemní komunikaci vpravo i vlevo, v jedné řadě a rovnoběžně s okrajem pozemní komunikace.;c;
379;Prav;neh;11040005;Dojde-li při jízdě vozidla v tunelu k poruše vozidla, pro kterou se toto vozidlo stalo nepojízdným, nebo dojde-li k dopravní nehodě, je řidič povinen:;Okamžitě zahájit opravu vozidla.;Neprodleně vyhledat místo určené k soustředění osob.;Neprodleně oznámit zastavení vozidla nebo stání vozidla policii nebo osobě vykonávající dohled nad provozem tunelu.;c;
879;Voz;sve;11040006;Je porušením zákona, pokud vozidlo svítí za normální, nesnížené viditelnosti pouze světly pro denní svícení?;Ne.;Ano.;;a;
801;Voz;sou;11040008;Protiblokovací brzdový systém (ABS):;vždy zkracuje brzdnou dráhu vozidla.;zajišťuje ovladatelnost vozidla při brzdění.;nemění brzdnou dráhu, zvyšuje pouze ovladatelnost vozidla při brzdění.;b;
163;C;;11040011;Řidičské oprávnění skupiny C lze udělit jen žadateli, který je držitelem řidičského oprávnění skupiny:;A.;B.;T.;b;
176;D;;11040012;Řidičské oprávnění skupiny D lze udělit jen žadateli, který je držitelem řidičského oprávnění skupiny:;B;T;A;a;
471;Prav;pru;11050001;Zelená karta:;osvědčuje zaplacení ekologického poplatku.;Je mezinárodní osvědčení prokazující skutečnost, že k vozidlu byla uzavřena smlouva o pojištění odpovědnosti za škodu způsobenou provozem vozidla uvedeného v tomto osvědčení.;je doklad o kontrole měření emisí.;b;
821;Voz;spo;11070001;Povinností přepravované osoby je:;neohrožovat svým chováním bezpečnost provozu na pozemních komunikacích, zejména neomezovat řidiče v bezpečném ovládání vozidla.;pomáhat řidiči dle jeho pokynů v ovládání vozidla, zvláště pokud je to řidič začátečník.;informovat řidiče o situaci v provozu na pozemních komunikacích.;a;
456;Prav;pra;11070003;Na pozemní komunikaci o třech nebo více jízdních pruzích vyznačených na vozovce v jednom směru jízdy smí řidič nákladního automobilu o celkové hmotnosti převyšující 3 500 kg, jízdní soupravy, jejíž celková délka přesahuje 7 m, zvláštního motorového vozidla a motocyklu s nejvyšší povolenou rychlostí do 45 km/h užít k jízdě:;kteréhokoliv jízdního pruhu bez ohledu na jízdní úkon.;"výhradně dvou jízdních pruhů nejbližších k pravému okraji vozovky; v ostatních jízdních pruzích smí jet tehdy, jestliže je to nutné k objíždění, otáčení nebo odbočování.";výhradně pravého jízdního pruhu.;b;
399;Prav;pol;11080001;Policista může zabránit v jízdě motorovému vozidlu použitím technického prostředku (tzv. botičky) nebo odtažením vozidla, jestliže:;vozidlo je technicky nezpůsobilé k provozu tak závažným způsobem, že bezprostředně ohrožuje ostatní účastníky provozu.;vozidlo je z jakéhokoliv důvodu technicky nezpůsobilé k provozu.;k vozidlu není uzavřeno pojištění odpovědnosti z provozu vozidla.;a;
400;Prav;pol;11080002;Policista může zabránit v jízdě motorovému vozidlu použitím technického prostředku (tzv. botičky) nebo odtažením vozidla, jestliže:;je důvodné podezření, že vozidlo bylo odcizeno.;na vozidle není umístěna státní poznávací značka.;řidič při kontrole nepředloží osvědčení o registraci vozidla a doklad o pojištění odpovědnosti z provozu vozidla.;a;
328;Med;;11080004;U poraněného s podezřením na úraz páteře:;smím s poraněným manipulovat bez omezení.;manipuluji s poraněným co nejméně, pouze v souvislosti se zajištěním životních funkcí.;s poraněným v žádném případě nehýbu.;b;
212;Def;cho;11080006;Nesmět omezit znamená:;povinnost počínat si tak, aby jinému účastníku provozu na pozemních komunikacích nebylo nijak překáženo.;povinnost řidiče předjíždět vždy pouze vlevo.;povinnost řidiče užívat pouze potkávací světla.;a;
213;Def;cho;11080007;Nesmět omezit znamená:;povinnost řidiče jet vždy při pravém okraji vozovky.;povinnost počínat si tak, aby jinému účastníku provozu na pozemních komunikacích nebylo nijak překáženo.;povinnost řidiče dávat přednost v jízdě.;b;
214;Def;cho;11080008;Nesmět omezit znamená povinnost počínat si tak, aby:;jiný řidič mohl bezpečně zastavit vozidlo.;druhý řidič nemusel náhle snížit rychlost jízdy nebo zastavit.;jinému účastníku provozu na pozemních komunikacích nebylo nijak překáženo.;c;
215;Def;cho;11080009;Nesmět omezit znamená povinnost:;počínat si tak, aby jinému účastníku provozu na pozemních komunikacích nebylo nijak překáženo.;počínat si tak, aby jinému účastníku provozu na pozemních nevzniklo žádné nebezpečí.;počínat si tak, aby jinému účastníku provozu na pozemních komunikacích neomezoval rychlou jízdu.;a;
216;Def;cho;11080010;Nesmět ohrozit znamená povinnost počínat si tak, aby:;jinému účastníku provozu na pozemních komunikacích nevzniklo žádné nebezpečí.;druhý řidič nemusel zastavit vozidlo.;žádný řidič nemusel ani mírně snížit rychlost jízdy.;a;
217;Def;cho;11080011;Nesmět ohrozit znamená povinnost:;počínat si tak, aby jinému účastníku provozu na pozemních komunikacích nevzniklo žádné nebezpečí.;počínat si tak, aby jinému účastníku provozu na pozemních komunikacích nijak nepřekážel.;počínat si tak, aby si řidič při účasti v provozu na pozemních komunikacích nepoškodil vozidlo.;a;
218;Def;cho;11080013;Nesmět ohrozit znamená:;povinnost počínat si tak, aby jinému účastníku provozu na pozemních komunikacích nevzniklo žádné nebezpečí.;povinnost počínat si tak, aby ostatním účastníkům provozu na pozemních komunikacích nepřekážel.;povinnost chodce přecházet pouze na přechodech pro chodce.;a;
44;Bez;pre;11080014;Řidič nesmí ohrozit chodce:;jen pokud přecházejí na vyznačeném přechodu pro chodce v obci.;pouze při otáčení nebo couvání.;přecházejícího pozemní komunikaci, na kterou řidič odbočuje, při odbočování na místo ležící mimo pozemní komunikaci, při vjíždění na pozemní komunikaci a při otáčení nebo couvání.;c;
45;Bez;pre;11080015;Chodce, který přechází pozemní komunikaci po přechodu pro chodce nebo který zjevně hodlá přecházet pozemní komunikaci po přechodu pro chodce:;"řidič nesmí ohrozit nebo omezit, v případě potřeby je řidič povinen i zastavit vozidlo před přechodem pro chodce; tyto povinnosti se nevztahují na řidiče tramvaje.";řidič nesmí ohrozit, ale může je omezit.;"řidič nesmí ohrozit nebo omezit, v případě potřeby je řidič povinen i zastavit vozidlo před přechodem pro chodce; tyto povinnosti se vztahují na všechny řidiče.";a;
46;Bez;pre;11080016;Vztahuje se na řidiče tramvaje povinnost zastavit vozidlo před přechodem pro chodce, pokud by ohrozil nebo omezil chodce, který zjevně hodlá přecházet pozemní komunikaci po přechodu pro chodce?;Ne.;Ano.;;a;
540;Prav;sme;11080017;Řidič, který při předjíždění vybočuje ze směru své jízdy:;musí dávat znamení o změně směru jízdy a nesmí ohrozit řidiče jedoucího za ním.;znamení o změně směru jízdy nedává.;musí dávat znamení o změně směru jízdy jen pokud za ním jede další vozidlo.;a;
541;Prav;sme;11080019;Řidič, který při předjíždění motorového vozidla vybočuje ze směru své jízdy,:;nemusí dávat znamení o změně směru jízdy, pokud při předjíždění neomezí ani neohrozí řidiče jedoucí za ním.;musí dávat znamení o změně směru jízdy a nesmí ohrozit řidiče jedoucího za ním.;dává znamení o změně směru jízdy jen tehdy, pokud řidiče předjížděného vozidla předem neupozornil jiným způsobem.;b;
542;Prav;sme;11080020;Řidič nesmí předjíždět:;"na přechodu pro chodce; na přejezdu pro cyklisty však předjíždět smí.";na přechodu pro chodce nebo na přejezdu pro cyklisty a bezprostředně před nimi.;bezprostředně za přechodem pro chodce nebo za přejezdem pro cyklisty.;b;
543;Prav;sme;11080021;Řidič nesmí předjíždět:;na přechodu pro chodce nebo na přejezdu pro cyklisty a bezprostředně před nimi.;bezprostředně za přechodem pro chodce nebo za přejezdem pro cyklisty.;na křižovatce s řízeným provozem.;a;
251;Def;uca;11080026;Povinnost nesmět ohrozit a nesmět omezit se vztahuje;pouze na řidiče.;na všechny účastníky provozu na pozemních komunikacích, kterým je tato povinnost stanovena zákonem.;pouze na chodce.;b;
294;Def;vec;11080027;Kolonou vozidel se rozumí:;proud vozidel s výjimkou motocyklů, který při předjíždění nebo objíždění neumožňuje bezpečné zařazení.;souvislý proud více vozidel, u kterého lze předjíždět každé vozidlo jednotlivě, rozestup mezi jednotlivými vozidly při předjíždění nebo objíždění umožňuje bezpečné zařazení.;souvislý proud více vozidel, u kterého nelze předjíždět každé vozidlo jednotlivě, rozestup mezi jednotlivými vozidly při předjíždění nebo objíždění neumožňuje bezpečné zařazení.;c;
752;Souv;pru;11080028;Řidič, který dosáhl 12 bodů a pozbyl řidičské oprávnění, je oprávněn požádat o vrácení řidičského oprávnění nejdříve po uplynutí:;půl roku ode dne pozbytí řidičského oprávnění.;1 roku ode dne pozbytí řidičského oprávnění.;1 roku ode dne právní moci rozhodnutí o zákazu činnosti spočívající v zákazu řízení všech motorových vozidel.;b;
401;Prav;pol;11080029;Na výzvu policisty je řidič povinen podrobit vozidlo kontrole technického stavu vozidla. Zjistí-li se při této kontrole vážná nebo nebezpečná závada;náklady na provedení kontroly je povinen uhradit policii řidič vozidla.;náklady na provedení kontroly hradí pojišťovna, u které je vozidlo pojištěno.;náklady na provedení kontroly hradí provozovatel vozidla.;a;
753;Souv;pru;11080030;Řidič, který dosáhl 12 bodů a pozbyl řidičské oprávnění, musí při podání žádosti o vrácení řidičského oprávnění:;prokázat, že se podrobil přezkoušení z odborné způsobilosti a předložit výpis z evidenční karty řidiče.;prokázat, že je zdravotně způsobilý a předložit potvrzení o absolvování výuky a výcviku v autoškole.;prokázat, že se podrobil přezkoušení z odborné způsobilosti a předložit posudek o zdravotní způsobilosti včetně dopravně psychologického vyšetření.;c;
457;Prav;pra;11080032;Zákaz účasti na sportovních a podobných akcích, jestliže by jimi mohla být ohrožena bezpečnost silničního provozu, nejde-li o akce pořádané v souladu s rozhodnutím příslušného správního úřadu o zvláštním užívání pozemní komunikace:;platí na všech pozemních komunikacích s výjimkou dálnic.;platí na dálnici, silnici a místní komunikaci v období od 1.6. do 30.9.;platí na dálnici, silnici a místní komunikaci.;c;
402;Prav;pol;11080033;Je-li důvodné podezření, že motorové vozidlo bylo užito při nepovolené sportovní akci na pozemní komunikaci:;policista může zabránit v jízdě motorovému vozidlu odejmutím registračních značek.;policista může zabránit v jízdě motorovému vozidlu použitím technického prostředku nebo odtažením vozidla.;policista může zabránit v jízdě motorovému vozidlu použitím zastavovacího pásu.;b;
329;Med;;13050001;Správná frekvence stlačení hrudní kosti při srdeční masáži je u dospělého:;Přibližně 60 stlačení za minutu.;Přibližně 100 stlačení za minutu.;Přibližně 20 stlačení za minutu.;b;
330;Med;;13090001;Pří zevní srdeční masáži;vždy poraněného přesunu na pevnou podložku;zahájím nepřímou srdeční masáž i v nevýhodné poloze (např. v sedu při zaklínění ve voze), pokud nelze poraněného rychle vyprostit;pokud není poraněný na pevné podložce, srdeční masáž nezahájím;b;
154;Bez;sil;15120001;Dálnice, silnice a místní komunikace jsou sjízdné, jestliže umožňují bezpečný pohyb silničních a jiných vozidel přizpůsobený:;Stavebnímu stavu a dopravně technickému stavu těchto pozemních komunikací a povětrnostním situacím a jejich důsledkům.;Stavebnímu stavu a dopravně technickému stavu těchto pozemních komunikací. Na povětrnostní situaci a její důsledky nemusí brát zřetel.;Vlastnostem vozidla a nákladu bez ohledu na dopravně technický stav těchto pozemních komunikací a povětrnostní situaci a její důsledky.;a;
252;Def;uca;16050001;Chodec je i osoba, která:;Jede po chodníku na kole, pokud nepřekročí rychlost chůze.;Vede jízdní kolo.;Vede jízdní kolo, nebo na kole pomalu jede po chodníku.;b;
754;Souv;pru;21100001;Žadatel o řidičské oprávnění smí řídit motorové vozidlo skupiny, o kterou žádá:;pod dohledem učitele autoškoly.;pod dohledem osoby s nejméně pětiletou praxí v řízení.;pod dohledem rodičů, nebo zákonného zástupce.;a;
894;Znak;inf;21100002;Platnost zónových dopravních značek:;je ukončena na nejbližší křižovatce.;je ukončena dopravní značkou informující o jejím konci, není-li stanoveno jinak.;končí po 100 m od značky.;b;
544;Prav;sme;21100005;Cyklistovi, který dává znamení o změně směru jízdy proto, aby mohl přejet z vyhrazeného jízdního pruhu pro cyklisty do průběžného pruhu, řidič jedoucí v přilehlém pruhu:;nemusí tento úkon umožnit, jedná se o jízdu z pruhu do pruhu, cyklista nesmí ohrozit ani omezit řidiče jedoucí v pruhu, do kterého se zařazuje.;nemusí tento úkon umožnit, pokud jej neohrozí.;musí tento úkon umožnit snížením rychlosti jízdy, popřípadě i zastavením vozidla.;c;
547;Prav;sme;21110001;Řidič se smí otáčet:;na křižovatce, na které je provoz upraven dopravními značkami.;na přejezdu pro cyklisty.;na křižovatce, na které je provoz řízen světelnými signály.;a;
102;Bez;rid;22020009;S kamarády jste se ve večerních hodinách zúčastnil oslavy a v době od 20:00 do 24:00 hodin jste vypil šest 12 stupňových piv (6 x 0,5 litru) a 5 velkých panáků (5 x 40 ml) tvrdého alkoholu. Můžete ráno v 5:00 hodin po vydatné snídani a studené sprše bez obav řídit vozidlo?;Ne.;Ano.;;a;
882;Voz;sve;22020025;Jako řidič motorového vozidla musíte v zimě před vyjetím očistit vozidlo od nečistot, sněhu a námrazy, které:;zabraňují výhledu z místa řidiče vpřed a do stran.;zabraňují výhledu z místa řidiče vpřed, vzad a do stran.;zabraňují výhledu z místa řidiče vpřed a vzad.;b;
590;Prav;sta;22050008;Zastavuje-li řidič u okraje pozemní komunikace:;nesmí dávat znamení o změně směru jízdy.;musí dávat znamení o změně směru jízdy.;může dávat znamení o změně směru jízdy.;b;
822;Voz;spo;22050015;Jaké platí v České republice legislativní podmínky pro používání dětských zádržných systémů?;Dítě musí být umístěno v dětském zádržném systému do věku 12 let.;Dítě, jehož tělesná hmotnost nepřevyšuje 36 kg a tělesná výška nepřevyšuje 150 cm musí být umístěno v dětském zádržném systému.;Používání dětského zádržného systému není legislativně upraveno.;b;
111;Bez;rid;22100028;Jakou metodou lze v případě krizové situace minimalizovat brzdnou dráhu na většině povrchů vozovky s vozidlem, které je vybaveno ABS?;Citlivým zabrzděním, zejména na kluzkých površích, a podřazováním na nižší převodové stupně.;Přerušovaným brzděním.;Prudkým a silným sešlápnutím brzdového pedálu společně se sešlápnutím spojkového pedálu až k podlaze vozidla.;c;
177;D;;23030008;Řidič autobusu za jízdy:;Nesmí držet v ruce nebo jiným způsobem mikrofon.;Smí držet v ruce nebo jiným způsobem mikrofon a informovat cestující, pokud se jedná o nepravidelnou přepravu osob - zájezd.;Smí držet v ruce nebo jiným způsobem mikrofon a informovat cestující, pokud se jedná o zájezd a nejedná se o osádku dvou řidičů.;a;
766;T;;23030012;Může být přetížení nákladního vozidla při přepravě nákladu nebezpečné?;Ano může, neboť přetížené vozidlo se v důsledku fyzikálních zákonů může stát neovladatelným.;Ne, nemůže. Pokud má řidič dostatek zkušeností s jízdou s přetíženým nákladem, tak dokáže všechny problémy s takovýmto vozidlem eliminovat.;Ne, nemůže, přetížení vozidla není nebezpečné, pokud řidič dodržuje bezpečnostní přestávky a reaguje na povětrnostní podmínky a další podněty v provozu.;a;
767;T;;23030013;Smí řidič traktoru přepravovat v kabině děti?;Ano, ale dítě do 150 cm výšky a 36 kg váhy musí být přepravováno v dětském zádržném systému.;Ne, ve zvláštním motorovém vozidle nesmějí být přepravovány osoby mladší 15 let.;Ano, ale pouze na sedadle povinně vybaveným zádržným bezpečnostním systémem.;b;
768;T;;23030014;Smí se s nákladním automobilem s okamžitou hmotností 12 000 kg vléci na tyči nákladní automobil,který má poruchu na brzdovém systému a má okamžitou hmotnost 15 000 kg?;Nesmí. Vozidlo s poškozeným brzdovým systémem se nesmí vléci vůbec.;Smí. Okamžité hmotnosti vozidel při vlečení na tyči nerozhodují.;Nesmí. Nemá-li vlečené vozidlo účinné brzdy, nesmí jeho okamžitá hmotnost být vyšší než okamžitá hmotnost vlečného vozidla.;c;
178;D;;23030017;Smí řidič nákladního vozidla při jízdě vozidlem držet v ruce nebo jiným způsobem vysílačku?;Ano, nic mu to nezakazuje.;Ne.;Ano, ale pro samotné vysílání je však již potřeba vlastnit povolení ČTÚ.;b;
179;D;;23030019;Může řidič s řidičským oprávněním skupiny D řídit autobus s přívěsem na přepravu jízdních kol,který má největší povolenou hmotnost 900 kg?;Ano, může. Okamžitá hmotnost přívěsu nesmí být větší než 750 kg.;Nesmí. Pro řízení této soupravy musí mít řidičské oprávnění skupiny D+E.;Ano, může.;b;
769;T;;23030020;Pro řízení soupravy traktoru s přípojným vozidlem je potřeba řidičské oprávnění:;D+E.;T+E.;T.;c;
164;C;;23030024;Za jakých podmínek smí řidič nákladního automobilu o nejvyšší povolené hmotnosti 7490 kg pokračovat v neděli v 16:00 hodin v jízdě po silnici č.16 směrem Mělník?;Nesmí pokračovat v jízdě po silnici č.16, v neděli po celý rok platí zákaz jízdy na silnici I.třídy pro nákladní automobily.;Smí pokračovat po silnici č.16 jen pokud je vozidlo zaregistrováno v systému elektronického mýtného a vybaveno funkční palubní jednotkou.;Smí pokračovat dál bez omezení.;b;obrázek
165;C;;23030025;Řidič nákladního automobilu při běžném provozu (pokud tomu nebrání lékařským potvrzením doložené objektivní zdravotní důvody), musí být na sedadle vybaveném bezpečnostním pásem:;Připoután vždy a bezpodmínečně.;Připoután, to neplatí při couvání vozidla.;Připoután jen při rychlosti vozidla nad 25 km/hod.;b;
180;D;;23030026;Pokud tomu nebrání interní předpis provozovatele vozidla, v kabině nákladního automobilu na sedadle spolujezdce vybaveném bezpečnostními pásy se:;Smí přepravovat dítě, jehož tělesná hmotnost nepřevyšuje 36 kg a výška nepřevyšuje 150cm, přičemž musí být použita předepsaným způsobem dětská autosedačka.;Nesmí nikdy přepravovat osoba mladší 15 let.;Nesmí nikdy přepravovat dítě, jehož tělesná hmotnost nepřevyšuje 36 kg a současně tělesná výška nepřevyšuje 150 cm, pokud se nejedná o osobu starší 15 let.;a;
181;D;;23030027;Pokud sedadlo spolujezdce v kabině nákladního automobilu není vybaveno zádržným bezpečnostním systémem, je zakázáno:;Přepravovat na tomto sedadle dítě menší než 150 cm nebo dítě mladší 3 let.;Přepravovat na tomto sedadle osoby mladší 15 let.;Přepravovat na tomto sedadle osoby, jejichž tělesná hmotnost nepřevyšuje 36 kg.;a;
182;D;;23030028;Řidič autobusu (vozidla hromadné dopravy osob) nesmí:;Ve vozidle kouřit. To neplatí, pokud je prostor řidiče oddělen od prostoru pro cestující bezpečnostní přepážkou.;Ve vozidle kouřit.;Ve vozidle kouřit. To neplatí, pokud v autobusu nejsou cestující.;b;
255;Def;uca;23060014;Osoba, která vede motocykl o objemu válců do 50 cm3, je:;Chodec.;Řidič.;Cyklista.;a;
826;Voz;spo;23060015;Řidič na motocyklu nesmí přepravovat na druhém sedadle osobu mladší:;12 let.;15 let.;10 let.;a;
827;Voz;spo;23060016;Přepravovaná osoba při jízdě na motocyklu se musí:;Nohama dotýkat stupaček pouze ve věku nad 18 let.;Nohama dotýkat stupaček.;Vždy alespoň jednou nohou dotýkat stupačky.;b;
555;Prav;sme;23060017;Pokud není motocykl vybaven směrovými světly, dává znamení o změně směru jízdy řidič:;paží.;nohou.;v takovém případě není povinen dávat znamení o změně směru jízdy.;a;
556;Prav;sme;23060018;Znamení o změně směru jízdy paží se dává:;po celou dobu jízdního úkonu.;jen před započetím jízdního úkonu.;jen do doby ukončení změny směru jízdy.;b;
805;Voz;sou;23060019;Mezi prvky pasivní bezpečnosti při jízdě na motocyklu patří:;čistá zpětná zrcátka.;prvky, které zvyšují komfort řidiče při řízení, např.: vyhřívané rukojeti, nastavitelný štít, volitelné nastavení tlumičů pérování.;přilba, ochranná bunda, rukavice, ochranné kalhoty a pevná kotníková obuv.;c;
758;Souv;pru;23060020;Držitel řidičského oprávnění skupiny A1 smí řídit také:;vozidla zařazená do skupiny AM.;vozidla zařazená do skupiny A2.;vozidla zařazená do skupiny A.;a;
759;Souv;pru;23060021;Držitel řidičského oprávnění skupiny A2 smí řídit také:;vozidla zařazená do skupiny AM, A1.;vozidla zařazená do skupiny T.;vozidla zařazená do skupiny A.;a;
760;Souv;pru;23060022;Držitel řidičského oprávnění skupiny A2 smí mimo jiné řídit:;motocykly s výkonem motoru nad 35 kW.;motocykly s výkonem motoru do 35 kW.;motocykly bez omezení výkonu.;b;
58;Bez;pre;23060024;Osoba vedoucí jízdní kolo nebo moped po komunikaci, kde není chodník, musí užít:;Pravé krajnice nebo pravého okraje vozovky.;Levé krajnice nebo levého okraje vozovky.;Kterékoliv krajnice nebo okraje vozovky.;a;
557;Prav;sme;23060025;V místě s nejvyšší dovolenou rychlostí nepřevyšující 30 km.h-1 je předepsaný bezpečný boční odstup při předjíždění cyklisty řidičem motorového vozidla:;Nejméně 1 m.;Nejméně 0,5 m.;Nejméně 1,5 m.;a;
59;Bez;pre;23060026;Jaký úmysl signalizuje nevidomý chodec, který mávne bílou slepeckou holí směrem k vozovce?;Zastavit vozidlo MHD mimo vyznačenou zastávku.;Přejít vozovku.;Zastavit vozidlo taxislužby.;b;
884;Voz;sve;23060027;Jak musí být osvětleno jízdní kolo cyklisty za jízdy při snížené viditelnosti v místě, kde vozovka není dostatečně a souvisle osvětlena:;Pomocí rozsvíceného světlometu s bílým světlem svítícím dopředu a zadní svítilnou se světlem červené barvy nebo přerušovaným světlem červené barvy.;Nemusí být osvětleno, protože jízdní kolo není motorové vozidlo.;Pomocí rozsvíceného světlometu s bílým světlem svítícím dopředu a zadní svítilnou se světlem bílé barvy nebo přerušovaným světlem modré barvy.;a;
60;Bez;pre;23060028;"Smí chodec vstupovat na přechod pro chodce nebo na vozovku, přijíždějí-li ""vozidla s právem přednostní jízdy""?";Nesmí pouze v případě, kdy vozidlo s právem přednostní jízdy užije zvláštní výstražné světlo modré nebo modré a červené barvy a zároveň i povinné zvukové výstražné znamení.;Smí.;Nesmí. Nachází-li se již na přechodu pro chodce nebo na vozovce, musí neprodleně uvolnit prostor pro projetí těchto vozidel.;c;
62;Bez;pre;23060034;Smí osoba pohybující se pomocí ručního nebo motorového vozíku pro invalidy užít k jízdě chodník?;Ano, jen neohrozí-li ostatní chodce.;Ne.;Ano. Pouze v obytné nebo pěší zóně.;a;
119;Bez;rid;23060039;Při vyhýbání se překážce na motocyklu, směřuje pohled řidiče:;Na překážku, které se chce řidič vyhnout.;Dopředu ve směru, kam chce řidič jet.;Stále na jeden statický bod.;b;
120;Bez;rid;23060040;Při otáčení se s motocyklem se řidič dívá:;Do směru, kam se otáčí.;Do směru před motocykl.;Na pohledu řidiče nezáleží.;a;
124;Bez;rid;23060044;Řidič motocyklu před zastavením:;Nejprve dobrzdí a teprve poté pokládá nohu na zem.;Nejprve pokládá nohu na zem a poté dobrzdí.;Nohu pokládá na zem s dostatečným předstihem před zastavením motocyklu.;a;
29;Bez;ost;24020001;Řidič vozidla jedoucí za jiným vozidlem:;Nemusí ponechávat za ním dostatečnou bezpečnostní vzdálenost, pokud to nevyžaduje dopravní situace.;Musí ponechat za ním bezpečnou vzdálenost, aby mohl zastavit vozidlo v případě náhlého snížení rychlosti nebo náhlého zastavení vozidla, které jede před ním.;Musí ponechat za ním dostatečnou bezpečnostní vzdálenost pouze v nepřehledných úsecích pozemní komunikace.;b;
219;Def;cho;24030001;"Co se rozumí pod pojmem ""defenzivní jízda""?";Takový způsob jízdy, kdy se snažíme splynout se silničním provozem, k ostatním účastníkům silničního provozu se chováme ohleduplně,ukázněně a předvídáme i jejich možné chyby.;Takový způsob jízdy, ve kterém jde hlavně o to, abychom byli všude co nejrychleji a udělali co nejméně chyb.;Takový způsob jízdy, ve kterém soutěžíme s ostatními účastníky provozu o to, kdo je lepší řidič.;a;
565;Prav;sme;24070014;Řidič se nesmí otáčet:;Na křižovatce, na které je provoz upraven dopravními značkami.;Na žádné křižovatce.;Na křižovatce, na které je provoz řízen světelnými signály nebo policistou.;c;
466;Prav;pra;24070018;Pokud osoba pohybující se pomocí ručního nebo motorového vozíku pro invalidy nemůže užít chodník:;Musí užít jen levé krajnice nebo levého okraje vozovky, protože má stejné povinnosti jako chodec.;Smí užít pravé krajnice nebo pravého okraje vozovky.;Protože je řidičem vozidla, musí na pozemní komunikaci jezdit vpravo, a pokud tomu nebrání zvláštní okolnosti, při pravém okraji vozovky.;b;
64;Bez;pre;24070023;Smí chodec vstupovat na přechod pro chodce nebo na vozovku, přijíždí-li tramvaj ?;Nesmí.;Může. Řidič tramvaje mu musí umožnit bezpečné přejití vozovky.;Může, pokud je tramvaj na tramvajovém pásu.;a;
806;Voz;sou;24070024;Mezi prvky aktivní bezpečnosti při jízdě na motocyklu patří:;Přilba, ochranná bunda, rukavice, ochranné kalhoty a pevná kotníková obuv.;Kvalitní pneumatiky s dostatečným vzorkem dezénu, asistenční systémy, čistota světel a zpětných zrcátek.;;b;
166;C;;24070038;Jakým směrem může jet řidič nákladního vozidla o celkové hmotnosti nad 3500 kg,pokud není zaregistrován v systému elektronického mýtného?;Smí pokračovat po silnici č. 118 směr Budyně nad Ohří.;Smí odbočit vlevo a pokračovat dále po dálnici směr Chomutov.;Nesmí pokračovat v žádném směru vyznačeném na návěsti.;a;obrázek
